time,obs_0,obs_1,obs_2,obs_3,obs_4,obs_5,obs_6,obs_7,obs_8,obs_9,obs_10,obs_11,obs_12,act_0,act_1
60979.233918205,2.6687800982472254e-06,0.0,0.0,0.0,0.0,0.0,0.0,0.0,0.0,0.0,0.0,0.0,0.0,-0.48475152254104614,2.9916343688964844
60980.007749338,2.6687800982472254e-06,3.2624591312924167e-06,7.360823019553209e-06,1.124181471823249e-05,1.9762168449233286e-05,-0.48475152254104614,2.9916343688964844,-0.00675424188375473,0.11661548167467117,-0.008258545771241188,0.10126180201768875,0.0336618535220623,1.6925700902938843,-1.3250960111618042,3.612661361694336
60980.231835171,2.6687800982472254e-06,-0.0032830226700752974,0.013199755921959877,-0.00979992188513279,0.03978985548019409,-1.3250960111618042,3.612661361694336,0.0021084975451231003,0.2158227115869522,-0.008757250383496284,0.2083248347043991,0.05968497693538666,3.0885496139526367,-2.669975996017456,3.5823922157287598
60980.266397771,2.6687800982472254e-06,-0.017331456765532494,0.03270416334271431,-0.042823586612939835,0.052525222301483154,-2.669975996017456,3.5823922157287598,0.03884981572628021,0.5406768321990967,-0.0067942142486572266,-0.0793033018708229,0.11835967004299164,3.00817608833313,-2.5987038612365723,3.532583236694336
60980.296986845,2.6687800982472254e-06,-0.05216478928923607,0.0579899400472641,-0.10126574337482452,0.06672980636358261,-2.5987038612365723,3.532583236694336,0.0227951817214489,0.7977921366691589,0.042621076107025146,-0.49416711926460266,0.17566338181495667,2.99642014503479,-2.6300466060638428,3.972445011138916
60980.325288611,2.6687800982472254e-06,-0.10922862589359283,0.08848965167999268,-0.15637435019016266,0.07917516678571701,-2.6300466060638428,3.972445011138916,0.03212146833539009,0.9919845461845398,0.0439465306699276,-0.891431450843811,0.168183371424675,2.99579119682312,-2.7823612689971924,4.383153915405273
60980.346692197,2.6687800982472254e-06,-0.18605752289295197,0.12324967235326767,-0.20276370644569397,0.08937270939350128,-2.7823612689971924,4.383153915405273,0.047712817788124084,1.0410200357437134,0.054085198789834976,-1.0590633153915405,0.16370901465415955,2.9771475791931152,-3.0751419067382812,4.904780387878418
60980.371112996,2.6687800982472254e-06,-0.2788179814815521,0.161713108420372,-0.24024315178394318,0.09845799952745438,-3.0751419067382812,4.904780387878418,0.058706626296043396,1.3550922870635986,0.07695242762565613,-1.8519436120986938,0.15394136309623718,2.963151454925537,-3.5251762866973877,5.298408031463623
60980.392160434,2.6687800982472254e-06,-0.3850518763065338,0.20375637710094452,-0.27242788672447205,0.10751914232969284,-3.5251762866973877,5.298408031463623,0.054494086652994156,1.5325019359588623,0.0767415389418602,-2.451700210571289,0.1239498183131218,2.9356112480163574,-4.050126075744629,5.691628456115723
60980.406502515,2.6687800982472254e-06,-0.5038762092590332,0.24960209429264069,-0.30343297123908997,0.1172923669219017,-4.050126075744629,5.691628456115723,0.07107041776180267,1.683661699295044,0.07068641483783722,-3.0184218883514404,0.13140328228473663,2.9039032459259033,-4.673065662384033,6.084563732147217
60980.427257481,2.6687800982472254e-06,-0.6351310610771179,0.29975804686546326,-0.33436572551727295,0.128498837351799,-4.673065662384033,6.084563732147217,0.05920066684484482,1.9238126277923584,0.1062563806772232,-4.087108612060547,0.12154313921928406,2.865788221359253,-5.494179725646973,6.367761611938477
60980.449586097,2.6687800982472254e-06,-0.7825625538825989,0.35383090376853943,-0.37601327896118164,0.14159071445465088,-5.494179725646973,6.367761611938477,0.05270221829414368,1.5639214515686035,0.11756116151809692,-3.8029332160949707,0.04224212467670441,2.8786768913269043,-6.502601623535156,7.330141067504883
60980.477523178,2.6687800982472254e-06,-0.9460476636886597,0.41447654366493225,-0.4169890582561493,0.15515248477458954,-6.502601623535156,7.330141067504883,0.014510123059153557,0.7171491384506226,0.11366922408342361,-2.349069833755493,0.09914971143007278,2.810600996017456,-7.58896541595459,8.546844482421875
60980.500493905,2.6687800982472254e-06,-1.1297889947891235,0.47995567321777344,-0.47057271003723145,0.1671140193939209,-7.58896541595459,8.546844482421875,0.007943281903862953,0.6743478775024414,0.0886249840259552,-2.3176703453063965,0.052845604717731476,2.858919620513916,-9.057015419006348,9.421204566955566
60980.532344702,2.6687800982472254e-06,-1.33766770362854,0.5505191683769226,-0.5337082743644714,0.18013057112693787,-9.057015419006348,9.421204566955566,0.010101187974214554,0.9992973208427429,0.11431868374347687,-2.9315452575683594,-0.008514216169714928,2.770867109298706,-10.551730155944824,10.11182975769043
60980.574201149,2.6687800982472254e-06,-1.5729159116744995,0.6272713541984558,-0.6062347888946533,0.19622711837291718,-10.551730155944824,10.11182975769043,0.024465089663863182,1.0936691761016846,0.12842480838298798,-3.154261350631714,-0.02871456742286682,2.7770092487335205,-11.265968322753906,10.46082878112793
60980.609899156,2.6687800982472254e-06,-1.836341381072998,0.7126451730728149,-0.6754140257835388,0.2199806421995163,-11.265968322753906,10.46082878112793,0.03801616281270981,1.2884962558746338,0.12393949180841446,-3.716679334640503,-0.12384170293807983,2.737149715423584,-9.670984268188477,10.088726043701172
60980.662597501,2.6687800982472254e-06,-2.123945713043213,0.8107054233551025,-0.7318286895751953,0.25451168417930603,-9.670984268188477,10.088726043701172,0.029039893299341202,1.5458018779754639,0.1121126189827919,-4.574376106262207,-0.2790236175060272,2.862889289855957,-4.2674407958984375,8.144309997558594
60980.702182575,2.6687800982472254e-06,-2.3977935314178467,0.9300454258918762,-0.6650959849357605,0.3136793375015259,-4.2674407958984375,8.144309997558594,0.03578368201851845,1.770491600036621,0.12698400020599365,-5.506565093994141,-0.2987026870250702,3.14166259765625,-1.4527002573013306,5.629570960998535
60980.734311246,2.6687800982472254e-06,-2.627509832382202,1.0740540027618408,-0.5459756851196289,0.3743366599082947,-1.4527002573013306,5.629570960998535,0.03768552094697952,1.8851536512374878,0.12419599294662476,-5.924676418304443,-0.18942993879318237,3.1700329780578613,1.167087435722351,3.09348201751709
60980.773802108,2.6687800982472254e-06,-2.7223896980285645,1.2398550510406494,0.02427568845450878,0.44560742378234863,1.167087435722351,3.09348201751709,0.06958667933940887,2.0362861156463623,0.13298486173152924,-6.662269592285156,0.09010837972164154,3.415842294692993,1.3980098962783813,-1.4331490993499756
60980.816958228,2.6687800982472254e-06,-2.6967289447784424,1.3364083766937256,0.10654155164957047,0.05514565855264664,1.3980098962783813,-1.4331490993499756,0.06415549665689468,2.1986653804779053,0.11746639013290405,-7.568518161773682,0.19383203983306885,4.475628852844238,-0.3142393231391907,-0.9642125368118286
60980.856448374,2.6687800982472254e-06,-2.6378426551818848,1.3118692636489868,0.15826235711574554,-0.07156480103731155,-0.3142393231391907,-0.9642125368118286,0.05105050280690193,2.27829909324646,0.1331244558095932,-8.13408374786377,0.006541773211210966,4.561824798583984,-1.1201869249343872,-0.4484005272388458
60980.892917382,2.6687800982472254e-06,-2.5596323013305664,1.2770625352859497,0.2108553946018219,-0.08803137391805649,-1.1201869249343872,-0.4484005272388458,-0.010727757588028908,0.19360627233982086,0.060708001255989075,-5.99686336517334,-1.399658203125,12.388190269470215,-2.8917436599731445,-1.0477025508880615
60980.921262007,2.6687800982472254e-06,-2.454845428466797,1.2384662628173828,0.2792702913284302,-0.09920299798250198,-2.8917436599731445,-1.0477025508880615,-0.05203159525990486,-0.38232311606407166,0.0007339143194258213,-5.198526382446289,-1.3132659196853638,12.645349502563477,-5.622506618499756,-1.3942615985870361
60980.943030947,2.6687800982472254e-06,-2.322294235229492,1.1967746019363403,0.34874311089515686,-0.10525435209274292,-5.622506618499756,-1.3942615985870361,-0.017284246161580086,-0.4341578483581543,-0.007275233045220375,-5.1205153465271,-0.625597357749939,10.304191589355469,-7.966485977172852,-1.1895959377288818
60980.965442147,2.6687800982472254e-06,-2.162050724029541,1.155328392982483,0.41782861948013306,-0.10220912843942642,-7.966485977172852,-1.1895959377288818,-0.021754376590251923,-0.544420063495636,-0.04633862525224686,-5.108806610107422,-0.9029988050460815,11.88087272644043,-7.967446804046631,-1.2399265766143799
60980.991755406,2.6687800982472254e-06,-2.0040810108184814,1.113774299621582,0.3851219117641449,-0.10428986698389053,-7.967446804046631,-1.2399265766143799,-0.01774023473262787,-0.6988191604614258,-0.0647776871919632,-5.078771591186523,-0.1958291232585907,12.777887344360352,-6.3159332275390625,-1.0567625761032104
60981.013952725,2.6687800982472254e-06,-1.8674561977386475,1.0721712112426758,0.32477277517318726,-0.10378630459308624,-6.3159332275390625,-1.0567625761032104,-0.01611495204269886,-0.7705869078636169,-0.07901526242494583,-5.030681610107422,0.7560708522796631,12.765686988830566,-5.223562240600586,-0.8316190838813782
60981.033989112,2.6687800982472254e-06,-1.7412720918655396,1.034278392791748,0.30983662605285645,-0.09135356545448303,-5.223562240600586,-0.8316190838813782,-0.03680475801229477,-0.9388822317123413,-0.06529084593057632,-5.01082706451416,0.588895857334137,12.908309936523438,-4.924582481384277,-0.8007210493087769
60981.05231198,2.6687800982472254e-06,-1.6145968437194824,1.0033388137817383,0.3165624141693115,-0.07301413267850876,-4.924582481384277,-0.8007210493087769,-0.03528576344251633,-1.0718239545822144,-0.08587784320116043,-5.051105499267578,-0.08916123956441879,13.0777006149292,-5.012819766998291,-0.9506763219833374
60981.07536288,2.6687800982472254e-06,-1.4884124994277954,0.9781134128570557,0.3130926787853241,-0.060926344245672226,-5.012819766998291,-0.9506763219833374,-0.042721401900053024,-1.2120041847229004,-0.09652508795261383,-5.085536479949951,-0.24598132073879242,13.97740650177002,-4.494111061096191,-1.1222152709960938
60981.106311174,2.6687800982472254e-06,-1.3712941408157349,0.9532137513160706,0.28459978103637695,-0.0639733150601387,-4.494111061096191,-1.1222152709960938,-0.03287677466869354,-1.3638420104980469,-0.1378067284822464,-4.940097808837891,1.104097843170166,12.317770004272461,-3.28082275390625,-1.1944819688796997
60981.144156449,2.6687800982472254e-06,-1.2631665468215942,0.9236904382705688,0.26429006457328796,-0.07827728241682053,-3.28082275390625,-1.1944819688796997,-0.05829669535160065,-1.4494514465332031,-0.027850624173879623,-4.6085286140441895,2.690788984298706,10.323700904846191,-1.6065951585769653,-1.0513677597045898
60981.173326596,2.6687800982472254e-06,-1.1506452560424805,0.8870558142662048,0.2844216227531433,-0.09749751538038254,-1.6065951585769653,-1.0513677597045898,-0.06253205239772797,-1.4323437213897705,-0.05603533983230591,-4.6363654136657715,2.5755558013916016,10.504294395446777,-0.5042442679405212,-0.6771262288093567
60981.198796927,2.6687800982472254e-06,-1.0195517539978027,0.843197762966156,0.34055647253990173,-0.11447848379611969,-0.5042442679405212,-0.6771262288093567,-0.07046879082918167,-1.4047538042068481,-0.019385915249586105,-4.327700138092041,2.5016794204711914,12.331623077392578,0.0820346474647522,0.31623563170433044
60981.219808664,2.6687800982472254e-06,-0.8671274781227112,0.7931766510009766,0.39434269070625305,-0.12943963706493378,0.0820346474647522,0.31623563170433044,-0.06499284505844116,-1.2758433818817139,-0.006863964721560478,-3.6941170692443848,0.1678052693605423,5.447094440460205,-0.2781580090522766,1.6134930849075317
60981.241837187,2.6687800982472254e-06,-0.6969580054283142,0.7361524701118469,0.43656060099601746,-0.1450580358505249,-0.2781580090522766,1.6134930849075317,-0.0606553889811039,-1.2940541505813599,-0.003125585615634918,-3.581512451171875,-0.09373092651367188,3.1817007064819336,-0.12879347801208496,3.54779052734375
60981.267565925,2.6687800982472254e-06,-0.512643575668335,0.6774922013282776,0.4666178226470947,-0.14873352646827698,-0.12879347801208496,3.54779052734375,-0.06062624603509903,-1.2668761014938354,-0.05080879479646683,-3.24851131439209,-0.08059699088335037,3.1063039302825928,0.08835983276367188,5.651711940765381
60981.287143621,2.6687800982472254e-06,-0.319009929895401,0.6247251033782959,0.4864189326763153,-0.12990084290504456,0.08835983276367188,5.651711940765381,-0.058914005756378174,-1.2047381401062012,-0.018695363774895668,-3.0696160793304443,-0.25520801544189453,6.835400581359863,0.3610936999320984,7.193143844604492
60981.304088824,2.6687800982472254e-06,-0.12041781097650528,0.5798601508140564,0.4978047013282776,-0.10958021134138107,0.3610936999320984,7.193143844604492,-0.03250978887081146,-1.3780291080474854,-0.08790084719657898,-3.3814280033111572,-1.6783219575881958,27.855379104614258,0.34913748502731323,7.384995937347412
60981.323814845,2.6687800982472254e-06,0.07780120521783829,0.5348394513130188,0.49234864115715027,-0.11623521149158478,0.34913748502731323,7.384995937347412,-0.04748823866248131,-1.0465655326843262,-0.052232056856155396,-2.178757667541504,0.40187421441078186,2.7717013359069824,0.4751887917518616,7.32975959777832
60981.352933282,2.6687800982472254e-06,0.2646215558052063,0.4811369478702545,0.45611318945884705,-0.14099785685539246,0.4751887917518616,7.32975959777832,-0.032320961356163025,-0.9623044729232788,-0.07133718580007553,-1.9891977310180664,0.5051706433296204,2.763350486755371,0.7726561427116394,7.799009799957275
60981.381863802,2.6687800982472254e-06,0.2647690773010254,0.4127408266067505,-0.000932253897190094,-0.1696486622095108,0.7726561427116394,7.799009799957275,-0.03115639090538025,-0.7572183609008789,-0.017445920035243034,-1.5526856184005737,0.6660376787185669,2.808406352996826,1.5703850984573364,8.724932670593262
60981.411270662,2.6687800982472254e-06,0.2638380527496338,0.3532499670982361,-0.0025901885237544775,-0.14126841723918915,1.5703850984573364,8.724932670593262,-0.02806093357503414,-0.5437555909156799,0.020972609519958496,-1.2942650318145752,0.4090803861618042,3.0452096462249756,1.3721941709518433,8.162919044494629
60981.440099172,2.6687800982472254e-06,0.26322805881500244,0.3049229681491852,-0.0014865001430734992,-0.11436338722705841,1.3721941709518433,8.162919044494629,-0.017402667552232742,-0.30122730135917664,0.027730774134397507,-1.0644959211349487,-0.10975237190723419,3.1527259349823,1.046296238899231,7.063729286193848
60981.469462337,2.6687800982472254e-06,0.2626942992210388,0.2665265202522278,-0.001168584218248725,-0.08992523699998856,1.046296238899231,7.063729286193848,-0.032082729041576385,-0.17035649716854095,0.010184241458773613,-0.9874266386032104,-0.06904599070549011,3.1151230335235596,0.6259425282478333,6.052421569824219
60981.498363438,2.6687800982472254e-06,0.2610437273979187,0.2378355860710144,-0.004787139128893614,-0.06560754030942917,0.6259425282478333,6.052421569824219,0.0005540922284126282,0.13325746357440948,0.04489392042160034,-1.0032576322555542,-0.02066871151328087,3.101930856704712,0.25967520475387573,4.943089485168457
60981.519865177,2.6687800982472254e-06,0.25438743829727173,0.21889910101890564,-0.019912447780370712,-0.04119568690657616,0.25967520475387573,4.943089485168457,-0.0014483325649052858,0.24167421460151672,0.03783614560961723,-1.0246992111206055,-0.0016576768830418587,3.129794120788574,-0.40759533643722534,4.443181037902832
60981.543722827,2.6687800982472254e-06,0.23949876427650452,0.20972618460655212,-0.04226412996649742,-0.016827238723635674,-0.40759533643722534,4.443181037902832,-0.010826555080711842,0.4561097025871277,0.05961676687002182,-1.2136890888214111,0.028005503118038177,3.1065406799316406,-0.9304782152175903,4.217160224914551
60981.565029947,2.6687800982472254e-06,0.21047084033489227,0.20994317531585693,-0.08150648325681686,0.006268368102610111,-0.9304782152175903,4.217160224914551,0.009081333875656128,0.6292399764060974,0.03725196793675423,-1.452695369720459,0.03427857905626297,3.117598295211792,-1.4418119192123413,4.258423328399658
60981.581121918,2.6687800982472254e-06,0.16262054443359375,0.21788723766803741,-0.13074631989002228,0.027478883042931557,-1.4418119192123413,4.258423328399658,0.013914646580815315,0.5512338876724243,0.041562099009752274,-1.6626482009887695,-0.6805909872055054,5.39849853515625,-2.2825121879577637,4.6373090744018555
60981.602167089,2.6687800982472254e-06,0.09420765191316605,0.23533622920513153,-0.1828974038362503,0.0480533093214035,-2.2825121879577637,4.6373090744018555,-0.010425573214888573,-0.07740958780050278,0.00815832894295454,-1.4824237823486328,-2.3338353633880615,9.108587265014648,-2.8119170665740967,5.076484680175781
60981.624976945,2.6687800982472254e-06,0.00300172483548522,0.2580931484699249,-0.24275575578212738,0.059141941368579865,-2.8119170665740967,5.076484680175781,-0.011246760375797749,0.03186962381005287,-0.046528637409210205,-1.389810562133789,-1.4891788959503174,5.54967737197876,-2.524773120880127,5.6113996505737305
60981.648489056,2.6687800982472254e-06,-0.11140816658735275,0.2833824157714844,-0.30034956336021423,0.06412659585475922,-2.524773120880127,5.6113996505737305,0.01767822355031967,0.21817243099212646,-0.03459447622299194,-1.3837355375289917,0.30731359124183655,5.220552444458008,-2.6848092079162598,6.2275214195251465
60981.673682218,2.6687800982472254e-06,-0.24152351915836334,0.31056925654411316,-0.33198174834251404,0.06969209760427475,-2.6848092079162598,6.2275214195251465,0.013524200767278671,0.284017413854599,0.002375155221670866,-1.4333691596984863,2.4704134464263916,11.611035346984863,-3.105912208557129,6.703203201293945
60981.697103455,2.6687800982472254e-06,-0.38020071387290955,0.3409630060195923,-0.34977957606315613,0.07857140153646469,-3.105912208557129,6.703203201293945,-0.014683258719742298,0.32189318537712097,0.042879536747932434,-1.521583914756775,3.086726188659668,14.234243392944336,-3.625209093093872,7.1577935218811035
60981.713675274,2.6687800982472254e-06,-0.5245084762573242,0.3761139214038849,-0.3623674511909485,0.09152340888977051,-3.625209093093872,7.1577935218811035,0.024288371205329895,0.5326144099235535,0.05623383820056915,-1.733703851699829,0.09257782995700836,2.9567184448242188,-4.377594947814941,7.6018218994140625
60981.738228426,2.6687800982472254e-06,-0.673054575920105,0.4175574779510498,-0.3721782863140106,0.1081923171877861,-4.377594947814941,7.6018218994140625,0.010026965290307999,0.8329919576644897,0.054987583309412,-2.2463319301605225,0.008848014287650585,2.9521102905273438,-5.364986419677734,8.059951782226562
60981.760093207,2.6687800982472254e-06,-0.8273119926452637,0.46616828441619873,-0.38773274421691895,0.126458078622818,-5.364986419677734,8.059951782226562,0.027769746258854866,0.8638663291931152,0.05870439484715462,-2.296658515930176,0.014874372631311417,2.9469308853149414,-6.544032096862793,8.615078926086426
60981.782738731,2.6687800982472254e-06,-0.9928232431411743,0.5216484069824219,-0.41931748390197754,0.14406533539295197,-6.544032096862793,8.615078926086426,0.03424224257469177,1.0719739198684692,0.0761399194598198,-2.726698875427246,-0.021962987259030342,2.9303665161132812,-8.08566951751709,9.216569900512695
60981.806066313,2.6687800982472254e-06,-1.1760424375534058,0.5836283564567566,-0.46791934967041016,0.15899363160133362,-8.08566951751709,9.216569900512695,0.0305771604180336,0.9457218647003174,0.07435189932584763,-2.833937644958496,-0.018095016479492188,2.8527779579162598,-9.627472877502441,9.852267265319824
60981.826520309,2.6687800982472254e-06,-1.3843622207641602,0.6509483456611633,-0.5383180975914001,0.17151962220668793,-9.627472877502441,9.852267265319824,0.024043601006269455,1.1375396251678467,0.06605277210474014,-3.355386972427368,-0.021239478141069412,2.7643027305603027,-10.681448936462402,10.308819770812988
60981.841474776,2.6687800982472254e-06,-1.621254563331604,0.7243402600288391,-0.6101530194282532,0.18800342082977295,-10.681448936462402,10.308819770812988,0.03408267721533775,1.2088483572006226,0.061879076063632965,-3.5195305347442627,-0.022766394540667534,2.7504570484161377,-10.454508781433105,10.297313690185547
60981.86432091,2.6687800982472254e-06,-1.8858306407928467,0.8067454695701599,-0.6778548359870911,0.2128566950559616,-10.454508781433105,10.297313690185547,0.040287699550390244,1.411098837852478,0.08008608967065811,-4.093343734741211,-0.13070495426654816,2.759056568145752,-7.222846031188965,9.313730239868164
60981.886384705,2.6687800982472254e-06,-2.165464401245117,0.9036538004875183,-0.7005721926689148,0.2536245882511139,-7.222846031188965,9.313730239868164,0.02947760745882988,1.6514718532562256,0.07767374813556671,-4.982189178466797,-0.26122841238975525,2.878330707550049,-2.5472445487976074,6.783197402954102
60981.913544161,2.6687800982472254e-06,-2.407562494277954,1.0252153873443604,-0.5744401812553406,0.3203372359275818,-2.5472445487976074,6.783197402954102,0.06310153752565384,1.7868826389312744,0.07159700244665146,-5.572825908660889,-0.2933613061904907,3.0459680557250977,-0.276591956615448,4.395089149475098
60981.934873125,2.6687800982472254e-06,-2.6041765213012695,1.1697349548339844,-0.46582815051078796,0.37275615334510803,-0.276591956615448,4.395089149475098,0.06906022876501083,2.0578391551971436,0.08223830163478851,-6.796589374542236,0.01364737655967474,3.0149731636047363,2.3811874389648438,1.3787212371826172
60981.950755912,2.6687800982472254e-06,-2.7672903537750244,1.3132010698318481,-0.3896876871585846,0.35474440455436707,2.3811874389648438,1.3787212371826172,0.05904945358633995,2.129363536834717,0.06654824316501617,-7.207967281341553,0.10475685447454453,2.9268620014190674,2.9004876613616943,-0.627694845199585
60981.970923236,2.6687800982472254e-06,-2.734659194946289,1.30986487865448,0.08484316617250443,-0.05650504305958748,2.9004876613616943,-0.627694845199585,0.05792449414730072,2.2813186645507812,0.07120572775602341,-7.945275783538818,0.16756807267665863,2.827357053756714,1.8366419076919556,-0.07755324244499207
60981.993211189,2.6687800982472254e-06,-2.693249225616455,1.2748191356658936,0.11074934154748917,-0.09601650387048721,1.8366419076919556,-0.07755324244499207,0.03560947626829147,1.9194754362106323,0.10306476056575775,-8.347696304321289,2.0083422660827637,36.65858840942383,0.7244073748588562,-0.06403231620788574
60982.017590475,2.6687800982472254e-06,-2.6321592330932617,1.2348923683166504,0.1684143841266632,-0.10261949151754379,0.7244073748588562,-0.06403231620788574,-0.0800965279340744,-0.48257774114608765,0.0538380928337574,-5.543050289154053,1.595395565032959,45.684574127197266,-0.48823171854019165,-0.6131007671356201
60982.03804354,2.6687800982472254e-06,-2.5449366569519043,1.1904795169830322,0.23473434150218964,-0.1134941577911377,-0.48823171854019165,-0.6131007671356201,-0.09179206192493439,-0.508563220500946,0.026888417080044746,-5.161684036254883,-0.13856151700019836,7.251365661621094,-2.2492103576660156,-1.1077332496643066
60982.053424944,2.6687800982472254e-06,-2.431056261062622,1.1434803009033203,0.3013165593147278,-0.1181575283408165,-2.2492103576660156,-1.1077332496643066,-0.07234402745962143,-0.4988371729850769,0.039975035935640335,-5.104170322418213,-0.8517762422561646,8.730003356933594,-4.708474159240723,-1.487367868423462
60982.074173227,2.6687800982472254e-06,-2.2907049655914307,1.097379446029663,0.3673456311225891,-0.11341631412506104,-4.708474159240723,-1.487367868423462,-0.04553680866956711,-0.5428861975669861,-0.005964664276689291,-5.088201999664307,-0.9135096073150635,10.754631042480469,-7.155780792236328,-1.3519747257232666
60982.095378118,2.6687800982472254e-06,-2.1241629123687744,1.0564566850662231,0.43260297179222107,-0.0976615846157074,-7.155780792236328,-1.3519747257232666,-0.06356167793273926,-0.5932018160820007,-0.020467735826969147,-5.087642669677734,-0.775795578956604,12.643759727478027,-7.402032852172852,-1.323137640953064
60982.122873644,2.6687800982472254e-06,-1.9537928104400635,1.0215591192245483,0.4207192361354828,-0.08385445922613144,-7.402032852172852,-1.323137640953064,-0.021380573511123657,-0.8140011429786682,-0.08952955901622772,-5.164475917816162,-1.1944563388824463,14.012809753417969,-6.64882230758667,-1.2559894323349
60982.145964244,2.6687800982472254e-06,-1.8013705015182495,0.992037832736969,0.3653812110424042,-0.07076414674520493,-6.64882230758667,-1.2559894323349,-0.03177470713853836,-0.9748873710632324,-0.10900548845529556,-5.0884013175964355,-0.0229504331946373,13.177846908569336,-5.891414642333984,-1.1509768962860107
60982.167094848,2.6687800982472254e-06,-1.6689671277999878,0.9677191376686096,0.3177452087402344,-0.057982902973890305,-5.891414642333984,-1.1509768962860107,-0.019540181383490562,-1.0335445404052734,-0.1204306036233902,-5.085634231567383,0.16140291094779968,12.5255765914917,-5.489744186401367,-1.1100808382034302
60982.181728915,2.6687800982472254e-06,-1.5516363382339478,0.9464948177337646,0.2834776043891907,-0.05254317447543144,-5.489744186401367,-1.1100808382034302,-0.051707006990909576,-1.1968389749526978,-0.09530296921730042,-5.035654067993164,0.7429956793785095,13.305776596069336,-4.560691833496094,-1.0993045568466187
60982.202222231,2.6687800982472254e-06,-1.4476056098937988,0.9237968325614929,0.25114595890045166,-0.05947348102927208,-4.560691833496094,-1.0993045568466187,-0.0636398196220398,-1.3410699367523193,-0.07098172605037689,-4.98192834854126,1.7078213691711426,12.461523056030273,-3.187692165374756,-1.0847707986831665
60982.223208551,2.6687800982472254e-06,-1.3473178148269653,0.8957944512367249,0.2500236928462982,-0.07456683367490768,-3.187692165374756,-1.0847707986831665,-0.08304344862699509,-1.3415577411651611,-0.03767330199480057,-4.640587329864502,1.3545434474945068,6.977903842926025,-2.068896532058716,-1.0357353687286377
60982.249156144,2.6687800982472254e-06,-1.2350716590881348,0.8606302738189697,0.2887679636478424,-0.09202582389116287,-2.068896532058716,-1.0357353687286377,-0.10590803623199463,-1.4165050983428955,0.0790541023015976,-4.415748119354248,2.4703075885772705,10.512028694152832,-0.7485787868499756,-0.6774567365646362
60982.272034481,2.6687800982472254e-06,-1.1012037992477417,0.8193220496177673,0.3496260941028595,-0.10771681368350983,-0.7485787868499756,-0.6774567365646362,-0.13332617282867432,-1.416088581085205,0.0652027577161789,-4.385457515716553,2.8730084896087646,11.751815795898438,0.056530892848968506,0.25991782546043396
60982.295132434,2.6687800982472254e-06,-0.9462234377861023,0.7707602381706238,0.4005649983882904,-0.12424822896718979,0.056530892848968506,0.25991782546043396,-0.10256327688694,-1.2739167213439941,0.06234592944383621,-3.8124279975891113,-0.08239389210939407,3.239769697189331,-0.33099836111068726,1.426514744758606
60982.314454096,2.6687800982472254e-06,-0.7720945477485657,0.7156872153282166,0.4446884095668793,-0.14302068948745728,-0.33099836111068726,1.426514744758606,-0.08673946559429169,-1.3846362829208374,-0.0372486412525177,-3.9562909603118896,-2.9355850219726562,15.98872184753418,-0.299837589263916,3.312363386154175
60982.332348052,2.6687800982472254e-06,-0.5826635956764221,0.6596763730049133,0.4808306396007538,-0.14130279421806335,-0.299837589263916,3.312363386154175,-0.08892233669757843,-1.3805463314056396,-0.09249678254127502,-3.807081460952759,-3.1922783851623535,17.141141891479492,0.20554453134536743,5.495124340057373
60982.352617724,2.6687800982472254e-06,-0.38250184059143066,0.6103494167327881,0.5050771236419678,-0.12033647298812866,0.20554453134536743,5.495124340057373,-0.059538405388593674,-1.1826672554016113,-0.06934663653373718,-2.987501859664917,-0.03340570256114006,3.0020248889923096,0.1599138379096985,6.805459499359131
60982.373732691,2.6687800982472254e-06,-0.1748173087835312,0.5686022639274597,0.5226191878318787,-0.09866804629564285,0.1599138379096985,6.805459499359131,-0.06041662022471428,-1.1295161247253418,-0.09311478585004807,-2.6415019035339355,0.00983556266874075,2.920609474182129,0.06025463342666626,6.801410675048828
60982.398260647,2.6687800982472254e-06,0.03229290246963501,0.5291558504104614,0.5139054656028748,-0.10116272419691086,0.06025463342666626,6.801410675048828,-0.07231295853853226,-1.2602777481079102,-0.13183003664016724,-2.6418471336364746,0.1006154865026474,2.857886791229248,0.33123403787612915,6.777202606201172
60982.418481567,2.6687800982472254e-06,0.22643446922302246,0.48106566071510315,0.4734508693218231,-0.127376526594162,0.33123403787612915,6.777202606201172,-0.049195297062397,-0.9882444739341736,-0.10026855766773224,-1.8643162250518799,0.6269172430038452,2.74817156791687,0.5998532176017761,7.322948455810547
60982.433272621,2.6687800982472254e-06,0.30358606576919556,0.41871607303619385,-0.06201741844415665,-0.16916854679584503,0.5998532176017761,7.322948455810547,-0.04543418809771538,-0.8641132712364197,-0.08828100562095642,-1.6605784893035889,0.804148256778717,2.738072395324707,1.5745195150375366,8.660543441772461
60982.453809829,2.6687800982472254e-06,0.2860906720161438,0.357604056596756,-0.038655348122119904,-0.1442459374666214,1.5745195150375366,8.660543441772461,-0.04448800906538963,-0.6550336480140686,-0.024897698312997818,-1.275955080986023,1.6603537797927856,2.7926173210144043,1.5049792528152466,8.454532623291016
60982.47488528,2.6687800982472254e-06,0.27581754326820374,0.30947503447532654,-0.02238198183476925,-0.11310392618179321,1.5049792528152466,8.454532623291016,-0.028259756043553352,-0.4149356186389923,-0.03182210028171539,-1.0713121891021729,-0.12710893154144287,3.185903787612915,1.0707050561904907,7.366101264953613
60982.50059997,2.6687800982472254e-06,0.26978325843811035,0.2717647850513458,-0.012991994619369507,-0.0882440134882927,1.0707050561904907,7.366101264953613,-0.007803034037351608,-0.27020367980003357,-0.022392475977540016,-0.9356905817985535,-0.11937428265810013,3.162262201309204,0.6028665900230408,6.326712131500244
60982.528562116,2.6687800982472254e-06,0.26264435052871704,0.2435137778520584,-0.018818866461515427,-0.06468748301267624,0.6028665900230408,6.326712131500244,-0.02973911724984646,0.0753435492515564,0.003038903698325157,-0.865414559841156,-0.008783520199358463,3.1015212535858154,0.28158038854599,5.107738494873047
60982.557598325,2.6687800982472254e-06,0.24999205768108368,0.22480209171772003,-0.03500555083155632,-0.040724463760852814,0.28158038854599,5.107738494873047,-0.011516856029629707,0.19622814655303955,-0.020746730268001556,-0.9134557247161865,0.006582267582416534,3.1159770488739014,-0.37255531549453735,4.537042617797852
60982.585754715,2.6687800982472254e-06,0.2297670692205429,0.2157583087682724,-0.05496012791991234,-0.016550302505493164,-0.37255531549453735,4.537042617797852,0.009021209552884102,0.34106481075286865,0.000913009513169527,-1.0038714408874512,0.012059933505952358,3.1182308197021484,-0.9467955231666565,4.327676773071289
60982.614396137,2.6687800982472254e-06,0.1967041939496994,0.21601121127605438,-0.09069247543811798,0.006287956144660711,-0.9467955231666565,4.327676773071289,0.016216512769460678,0.5931867361068726,0.003030771855264902,-1.2667993307113647,0.03263988345861435,3.1069347858428955,-1.373653531074524,4.3463239669799805
60982.642433686,2.6687800982472254e-06,0.1465228796005249,0.22469040751457214,-0.1356753557920456,0.02665402926504612,-1.373653531074524,4.3463239669799805,-0.0050073908641934395,0.736020028591156,0.007190608885139227,-1.5390034914016724,0.04731258749961853,3.093928098678589,-1.8134090900421143,4.56343412399292
60982.671451473,2.6687800982472254e-06,0.07711444050073624,0.23991017043590546,-0.18438346683979034,0.04399947449564934,-1.8134090900421143,4.56343412399292,0.01598891243338585,0.8023492097854614,0.02042386308312416,-1.8126267194747925,-0.33599212765693665,3.468142032623291,-2.217430353164673,4.943873882293701
60982.692989286,2.6687800982472254e-06,-0.011208780109882355,0.26212945580482483,-0.2312508076429367,0.05868461728096008,-2.217430353164673,4.943873882293701,-0.029250364750623703,0.06838113069534302,-0.05350636690855026,-1.458004355430603,-1.549020767211914,6.544454097747803,-2.8392515182495117,5.606987953186035
60982.718559907,2.6687800982472254e-06,-0.11724106222391129,0.28825241327285767,-0.2745206654071808,0.06740105897188187,-2.8392515182495117,5.606987953186035,-0.02267136052250862,0.1055510863661766,-0.04164348170161247,-1.3805766105651855,0.27146589756011963,6.957733631134033,-2.8045952320098877,6.127842903137207
60982.739351192,2.6687800982472254e-06,-0.24147404730319977,0.3168153464794159,-0.3204401731491089,0.0727408230304718,-2.8045952320098877,6.127842903137207,-0.010580332949757576,0.31680721044540405,-0.008287019096314907,-1.4678667783737183,0.21483878791332245,2.9827866554260254,-3.1747021675109863,6.643757343292236
60982.754315831,2.6687800982472254e-06,-0.3767450749874115,0.34832340478897095,-0.3424901068210602,0.08125168830156326,-3.1747021675109863,6.643757343292236,-0.008313708007335663,0.3916659355163574,0.016894444823265076,-1.6225284337997437,2.159181594848633,15.614299774169922,-3.7029056549072266,7.15432071685791
60982.777208025,2.6687800982472254e-06,-0.5189885497093201,0.38454869389533997,-0.357966810464859,0.09405653923749924,-3.7029056549072266,7.15432071685791,-0.023651445284485817,0.47730863094329834,0.04211541265249252,-1.769394040107727,1.1009750366210938,9.307341575622559,-4.4222307205200195,7.628402233123779
60982.805235059,2.6687800982472254e-06,-0.6668685078620911,0.4266808032989502,-0.371438205242157,0.10961222648620605,-4.4222307205200195,7.628402233123779,0.0007874583825469017,0.6048228740692139,0.03960180655121803,-1.9360860586166382,0.06786558032035828,2.9535303115844727,-5.341323375701904,8.114082336425781
60982.833670942,2.6687800982472254e-06,-0.8215411901473999,0.4755564033985138,-0.3893817961215973,0.1268741637468338,-5.341323375701904,8.114082336425781,0.0041109067387878895,0.7647319436073303,0.0453382208943367,-2.1526384353637695,0.021908316761255264,2.9364731311798096,-6.549662113189697,8.66087532043457
60982.884749025,2.6687800982472254e-06,-0.9867767095565796,0.5312609076499939,-0.4183570444583893,0.14385350048542023,-6.549662113189697,8.66087532043457,0.030190853402018547,1.0083478689193726,0.036089204251766205,-2.693871021270752,0.01598750241100788,2.907809019088745,-8.13437557220459,9.260530471801758
60982.931583082,2.6687800982472254e-06,-1.169953465461731,0.59293532371521,-0.4681161344051361,0.15810492634773254,-8.13437557220459,9.260530471801758,0.021724343299865723,1.2306698560714722,0.07022032141685486,-3.2367947101593018,-0.003572308924049139,2.8275177478790283,-9.683606147766113,9.835857391357422
60982.959951633,2.6687800982472254e-06,-1.378454327583313,0.6598287224769592,-0.5390726923942566,0.1703670471906662,-9.683606147766113,9.835857391357422,0.03457724303007126,1.3518065214157104,0.06608913838863373,-3.5704445838928223,-0.01755858026444912,2.789586067199707,-10.546075820922852,10.278550148010254
60982.989562345,2.6687800982472254e-06,-1.6156631708145142,0.7327250242233276,-0.6109691858291626,0.1867462396621704,-10.546075820922852,10.278550148010254,0.03772459551692009,1.6581672430038452,0.09535237401723862,-4.715185165405273,-0.07545775175094604,2.6793460845947266,-8.745800971984863,9.873723983764648
60983.016893263,2.6687800982472254e-06,-1.880616545677185,0.8146185278892517,-0.6788469552993774,0.21157574653625488,-8.745800971984863,9.873723983764648,0.0502801239490509,1.7697393894195557,0.06691747903823853,-5.177647113800049,-0.13977296650409698,2.7109694480895996,-3.942612886428833,7.983300685882568
60983.043724931,2.6687800982472254e-06,-2.1387901306152344,0.9146999716758728,-0.6300053000450134,0.2644718587398529,-3.942612886428833,7.983300685882568,0.06298597157001495,2.0869603157043457,0.0662594810128212,-6.596027374267578,-0.3199007213115692,3.038896083831787,-1.1881591081619263,5.373289108276367
60983.070958241,2.6687800982472254e-06,-2.3543732166290283,1.039928674697876,-0.5095182657241821,0.3286718726158142,-1.1881591081619263,5.373289108276367,0.04933075234293938,2.0951662063598633,0.08936817944049835,-6.651339054107666,-0.3225489854812622,3.076629161834717,1.0950076580047607,2.8833401203155518
60983.100069222,2.6687800982472254e-06,-2.530322790145874,1.1772359609603882,-0.4170811176300049,0.34999150037765503,1.0950076580047607,2.8833401203155518,0.11190633475780487,2.081519365310669,-0.04199177771806717,-7.157008647918701,-0.020008262246847153,3.0575459003448486,2.7362332344055176,0.21974870562553406
60983.127125154,2.6687800982472254e-06,-2.675340414047241,1.308306097984314,-0.3450857996940613,0.32151588797569275,2.7362332344055176,0.21974870562553406,0.19546383619308472,1.9810094833374023,-0.20452725887298584,-7.58644962310791,0.2733794152736664,2.7350001335144043,2.1628754138946533,-1.0644536018371582
60983.154881081,2.6687800982472254e-06,-2.7199814319610596,1.295622706413269,0.02330644428730011,-0.056657858192920685,2.1628754138946533,-1.0644536018371582,0.21704068779945374,1.9567811489105225,-0.18480059504508972,-7.515620708465576,0.6100423336029053,3.5997493267059326,1.3526490926742554,-0.21434184908866882
60983.181414669,2.6687800982472254e-06,-2.706467866897583,1.2648200988769531,0.042957913130521774,-0.08106179535388947,1.3526490926742554,-0.21434184908866882,-0.2712959051132202,-1.7273415327072144,0.18435966968536377,-3.784477472305298,1.1348086595535278,19.241641998291016,0.672680675983429,0.1549452245235443
60983.207354123,2.6687800982472254e-06,-2.672682762145996,1.2264801263809204,0.0994870588183403,-0.1005294919013977,0.672680675983429,0.1549452245235443,-0.09529130905866623,-0.40482187271118164,0.06743860989809036,-5.16552209854126,0.8361572623252869,12.099760055541992,0.31174010038375854,0.06983223557472229
60983.229897945,2.6687800982472254e-06,-2.6138267517089844,1.1816658973693848,0.163216233253479,-0.11541140079498291,0.31174010038375854,0.06983223557472229,-0.07512811571359634,-0.3905963897705078,0.06261397898197174,-5.069271087646484,0.17072391510009766,8.641778945922852,-0.5953691601753235,-0.4278601408004761
60983.250184877,2.6687800982472254e-06,-2.529167413711548,1.1327381134033203,0.22778473794460297,-0.12402886152267456,-0.5953691601753235,-0.4278601408004761,-0.092686228454113,-0.4411676526069641,0.05219847336411476,-5.0293450355529785,0.149588942527771,10.681310653686523,-2.048849582672119,-0.9888622760772705
60983.272052015,2.6687800982472254e-06,-2.4187092781066895,1.0827316045761108,0.2922598421573639,-0.12461628019809723,-2.048849582672119,-0.9888622760772705,-0.08647392690181732,-0.48630064725875854,0.04834289103746414,-5.034417629241943,0.13557645678520203,11.170208930969238,-3.9777755737304688,-1.367541790008545
60983.297132934,2.6687800982472254e-06,-2.2828609943389893,1.0351805686950684,0.3554084002971649,-0.11590278148651123,-3.9777755737304688,-1.367541790008545,-0.09393293410539627,-0.5905957221984863,0.049514736980199814,-5.037833213806152,-0.12934525310993195,12.528206825256348,-5.939601898193359,-1.3844099044799805
60983.31739814,2.6687800982472254e-06,-2.121863842010498,0.9943308234214783,0.41809138655662537,-0.09674710035324097,-5.939601898193359,-1.3844099044799805,-0.06515055149793625,-0.7964396476745605,-0.031467974185943604,-5.111653804779053,-1.2215032577514648,13.676949501037598,-6.907510280609131,-1.361582636833191
60983.331907081,2.6687800982472254e-06,-1.9419442415237427,0.9628733992576599,0.4571613371372223,-0.07251963764429092,-6.907510280609131,-1.361582636833191,-0.05175246298313141,-0.8774897456169128,-0.03607509657740593,-5.160811424255371,-1.6562745571136475,14.410384178161621,-6.815839767456055,-1.4978256225585938
60983.35226093,2.6687800982472254e-06,-1.7699942588806152,0.938575267791748,0.4180562198162079,-0.057850491255521774,-6.815839767456055,-1.4978256225585938,-0.03190267086029053,-1.115692138671875,-0.14635665714740753,-5.2192463874816895,-1.1736407279968262,14.813212394714355,-5.958584308624268,-1.5118776559829712
60983.372738033,2.6687800982472254e-06,-1.6216765642166138,0.9168047904968262,0.35286685824394226,-0.054421838372945786,-5.958584308624268,-1.5118776559829712,-0.024524712935090065,-1.2581053972244263,-0.14596058428287506,-5.17861795425415,0.4308842122554779,14.462425231933594,-4.748490810394287,-1.427964687347412
60983.398547953,2.6687800982472254e-06,-1.4944243431091309,0.8936434388160706,0.3049379289150238,-0.06039850041270256,-4.748490810394287,-1.427964687347412,-0.07753273844718933,-1.4146065711975098,-0.07839212566614151,-4.923756122589111,2.1564314365386963,10.989063262939453,-3.2437071800231934,-1.3282406330108643
60983.419520875,2.6687800982472254e-06,-1.3746824264526367,0.8659383654594421,0.29669520258903503,-0.07324762642383575,-3.2437071800231934,-1.3282406330108643,-0.06688358634710312,-1.3797141313552856,-0.06470216810703278,-4.644219875335693,0.8971351981163025,5.830202579498291,-2.4530928134918213,-1.2803502082824707
60983.434322551,2.6687800982472254e-06,-1.2452057600021362,0.8317995667457581,0.33040791749954224,-0.08902990072965622,-2.4530928134918213,-1.2803502082824707,-0.08191081881523132,-1.368833303451538,-0.03854727745056152,-4.52699089050293,0.6374698281288147,6.181130409240723,-1.4711273908615112,-1.0209598541259766
60983.454194679,2.6687800982472254e-06,-1.0982887744903564,0.7916753888130188,0.37698960304260254,-0.10541506111621857,-1.4711273908615112,-1.0209598541259766,-0.10633978247642517,-1.4154127836227417,-0.022007785737514496,-4.285986423492432,1.0964075326919556,8.692502975463867,-0.65256667137146,-0.0037822984158992767
60983.475687736,2.6687800982472254e-06,-0.9330331087112427,0.7433143258094788,0.42033490538597107,-0.1269730180501938,-0.65256667137146,-0.0037822984158992767,-0.08719250559806824,-1.3862894773483276,-0.008743040263652802,-4.096115589141846,-0.025579869747161865,14.47541332244873,-0.2840840816497803,1.735084891319275
60983.501761669,2.6687800982472254e-06,-0.75175541639328,0.689827024936676,0.46297189593315125,-0.13775061070919037,-0.2840840816497803,1.735084891319275,-0.09381818026304245,-1.4948179721832275,-0.009875951334834099,-4.243159770965576,-0.0039011137560009956,26.475988388061523,0.5016888380050659,4.069746971130371
60983.522936425,2.6687800982472254e-06,-0.5544449687004089,0.6361061334609985,0.5006978511810303,-0.1349172294139862,0.5016888380050659,4.069746971130371,-0.10555821657180786,-1.3014909029006958,-0.017925269901752472,-3.3825628757476807,-0.053992126137018204,3.0834720134735107,0.29823070764541626,5.812882423400879
60983.537620777,2.6687800982472254e-06,-0.33844324946403503,0.5934174060821533,0.5475671887397766,-0.10225336998701096,0.29823070764541626,5.812882423400879,-0.07736038416624069,-1.1509182453155518,-0.010076327249407768,-2.9624080657958984,-0.32539230585098267,4.99977970123291,0.21984893083572388,6.773006439208984
60983.557957234,2.6687800982472254e-06,-0.11532317101955414,0.5594996213912964,0.5591623783111572,-0.0829072818160057,0.21984893083572388,6.773006439208984,-0.07368436455726624,-1.5011039972305298,-0.12427948415279388,-3.597460985183716,-3.4698877334594727,28.609363555908203,0.16937655210494995,6.665274143218994
60983.581014987,2.6687800982472254e-06,0.103336863219738,0.5225200057029724,0.540270209312439,-0.09879545122385025,0.16937655210494995,6.665274143218994,-0.061044469475746155,-1.3182891607284546,-0.11705655604600906,-2.555295944213867,0.3645991384983063,2.720153570175171,0.3730155825614929,6.755859375
60983.608015652,2.6687800982472254e-06,0.30493059754371643,0.47258761525154114,0.4892934262752533,-0.1343012899160385,0.3730155825614929,6.755859375,-0.049974359571933746,-1.1205662488937378,-0.09250704199075699,-2.021756410598755,0.7113388180732727,2.6792356967926025,0.6042246222496033,7.446058750152588
60983.629607971,2.6687800982472254e-06,0.2876598834991455,0.40643084049224854,-0.03856372833251953,-0.16283820569515228,0.6042246222496033,7.446058750152588,-0.06575983762741089,-0.9582834243774414,-0.06640034914016724,-1.6241543292999268,0.8374230861663818,2.7264113426208496,1.5505425930023193,8.657047271728516
60983.64663782,2.6687800982472254e-06,0.2766468822956085,0.3511486351490021,-0.02431115321815014,-0.12987618148326874,1.5505425930023193,8.657047271728516,-0.05107106268405914,-0.5220455527305603,-0.02779971808195114,-0.9400745034217834,-0.3096069395542145,3.2011265754699707,1.285406231880188,7.967366695404053
60983.665889982,2.6687800982472254e-06,0.2703622281551361,0.30765751004219055,-0.013659784570336342,-0.1022447869181633,1.285406231880188,7.967366695404053,-0.05000873655080795,-0.5234290957450867,-0.02745318040251732,-0.9433339238166809,-0.15571527183055878,3.170309066772461,0.8781917691230774,7.2386674880981445
60983.695779255,2.6687800982472254e-06,0.26538118720054626,0.27397024631500244,-0.012015973217785358,-0.07826601713895798,0.8781917691230774,7.2386674880981445,-0.028676260262727737,-0.26184889674186707,-0.007982411421835423,-0.7344952821731567,-0.059581272304058075,3.1113851070404053,0.43508487939834595,6.15981388092041
60983.724965426,2.6687800982472254e-06,0.25732046365737915,0.24979116022586823,-0.022117380052804947,-0.05441730096936226,0.43508487939834595,6.15981388092041,-0.029982905834913254,-0.1763787418603897,-0.01521790586411953,-0.6723294854164124,-0.02685069665312767,3.1075656414031982,-0.0877181887626648,5.345307350158691
60983.753835853,2.6687800982472254e-06,0.24247011542320251,0.2352670431137085,-0.04125487804412842,-0.030214115977287292,-0.0877181887626648,5.345307350158691,-0.03128484636545181,0.0904615968465805,-0.011706359684467316,-0.6810945272445679,0.011116010136902332,3.123957633972168,-0.5997269749641418,4.652785778045654
60983.783326972,2.6687800982472254e-06,0.21666018664836884,0.2302963137626648,-0.07125108689069748,-0.006515852641314268,-0.5997269749641418,4.652785778045654,-0.009361928328871727,0.3774738311767578,-0.013321458362042904,-0.836992084980011,0.06394288688898087,3.0892951488494873,-1.053503155708313,4.390423774719238
60983.812884845,2.6687800982472254e-06,0.17620448768138885,0.2343454509973526,-0.10992342233657837,0.015550166368484497,-1.053503155708313,4.390423774719238,0.019138779491186142,0.5443212985992432,0.013104119338095188,-1.0104142427444458,0.06635481864213943,3.0903639793395996,-1.5314425230026245,4.5417022705078125
60983.841076269,2.6687800982472254e-06,0.11887756735086441,0.2464003562927246,-0.15313203632831573,0.03478875756263733,-1.5314425230026245,4.5417022705078125,0.008681933395564556,0.7483986616134644,0.010367324575781822,-1.3348487615585327,0.09725585579872131,3.0692615509033203,-1.8297560214996338,4.779982566833496
60983.863032501,2.6687800982472254e-06,0.04321131482720375,0.2649913430213928,-0.19962835311889648,0.050116319209337234,-1.8297560214996338,4.779982566833496,0.01830672100186348,0.938697338104248,0.03565984219312668,-1.7084271907806396,0.14216238260269165,3.0341930389404297,-2.13729190826416,5.089992046356201
60983.888446069,2.6687800982472254e-06,-0.04965725913643837,0.2882152795791626,-0.24199454486370087,0.05977458506822586,-2.13729190826416,5.089992046356201,0.0037043169140815735,0.8846666812896729,0.03637406975030899,-1.935235619544983,0.5718401074409485,14.601675033569336,-2.8164525032043457,5.778952598571777
60983.909150483,2.6687800982472254e-06,-0.15739132463932037,0.31658992171287537,-0.27656427025794983,0.07381631433963776,-2.8164525032043457,5.778952598571777,-0.009347531944513321,0.14302940666675568,0.0032317303121089935,-1.9300037622451782,2.2710607051849365,64.07703399658203,-3.153101682662964,6.210935592651367
60983.925173583,2.6687800982472254e-06,-0.2805536091327667,0.3483123183250427,-0.3161974251270294,0.08114559203386307,-3.153101682662964,6.210935592651367,-0.012713631615042686,0.3141021132469177,0.02371772564947605,-1.4609816074371338,0.1739686280488968,2.9904987812042236,-3.4530210494995117,6.806426525115967
60983.946097345,2.6687800982472254e-06,-0.41663411259651184,0.3830144703388214,-0.34642359614372253,0.08877639472484589,-3.4530210494995117,6.806426525115967,-0.0011623222380876541,0.46206191182136536,0.04163955897092819,-1.6290147304534912,0.24070610105991364,4.426729202270508,-4.001672267913818,7.3600311279296875
60983.967570536,2.6687800982472254e-06,-0.5614797472953796,0.4222571849822998,-0.3652915954589844,0.10151224583387375,-4.001672267913818,7.3600311279296875,-0.01974891498684883,0.4021131098270416,0.039837922900915146,-1.8466603755950928,0.5382730960845947,20.15834617614746,-4.687761306762695,7.85346794128418
60983.993667915,2.6687800982472254e-06,-0.7134762406349182,0.46717116236686707,-0.382673978805542,0.11640091985464096,-4.687761306762695,7.85346794128418,-0.005893081426620483,0.626761794090271,0.056617360562086105,-1.9114171266555786,0.06791937351226807,2.9430758953094482,-5.761301040649414,8.380724906921387
60984.015143705,2.6687800982472254e-06,-0.8732860684394836,0.5186710357666016,-0.4027276635169983,0.13339999318122864,-5.761301040649414,8.380724906921387,0.01486540399491787,0.9705094695091248,0.06446120142936707,-2.580590009689331,0.008292444050312042,2.905127763748169,-7.153745174407959,8.942325592041016
60984.040431956,2.6687800982472254e-06,-1.0462795495986938,0.5766119360923767,-0.4396006762981415,0.14913193881511688,-7.153745174407959,8.942325592041016,0.02877945452928543,1.0140856504440308,0.07581821829080582,-2.675595283508301,0.004730770364403725,2.911386728286743,-8.693800926208496,9.563251495361328
60984.062528305,2.6687800982472254e-06,-1.2414649724960327,0.6398262977600098,-0.5015029907226562,0.16141866147518158,-8.693800926208496,9.563251495361328,0.015047194436192513,1.2868852615356445,0.08920562267303467,-3.360116481781006,0.0016067484393715858,2.8037657737731934,-10.06980037689209,10.10392951965332
60984.089570789,2.6687800982472254e-06,-1.4635720252990723,0.7083323001861572,-0.5733082890510559,0.17483681440353394,-10.06980037689209,10.10392951965332,0.02905362658202648,1.4175926446914673,0.06965706497430801,-3.8201205730438232,0.003157367231324315,2.726818084716797,-10.274439811706543,10.297367095947266
60984.125987683,2.6687800982472254e-06,-1.714396595954895,0.7839051485061646,-0.6447228789329529,0.19432450830936432,-10.274439811706543,10.297367095947266,0.03754165396094322,1.6793885231018066,0.10292481631040573,-4.727877140045166,-0.08976747840642929,2.6814510822296143,-7.404764175415039,9.491350173950195
60984.143674522,2.6687800982472254e-06,-1.9896160364151,0.870536744594574,-0.6978893280029297,0.22552703320980072,-7.404764175415039,9.491350173950195,0.05421268939971924,1.820051908493042,0.09051135182380676,-5.355391979217529,-0.19820955395698547,2.7111828327178955,-2.749581813812256,7.107187747955322
60984.164770434,2.6687800982472254e-06,-2.232086420059204,0.9807366728782654,-0.5753986239433289,0.2925699055194855,-2.749581813812256,7.107187747955322,0.05528569966554642,2.1722412109375,0.06734538078308105,-6.938065052032471,-0.29853978753089905,3.1904704570770264,-0.36421680450439453,4.428524494171143
60984.186613747,2.6687800982472254e-06,-2.427412271499634,1.1162281036376953,-0.4605254828929901,0.3531051576137543,-0.36421680450439453,4.428524494171143,0.05913347750902176,2.2432093620300293,0.08045598119497299,-7.40511417388916,-0.14878889918327332,3.09302020072937,2.1436004638671875,1.4511384963989258
60984.209411882,2.6687800982472254e-06,-2.58632493019104,1.254611849784851,-0.3776477575302124,0.34411635994911194,2.1436004638671875,1.4511384963989258,0.06592505425214767,2.373027801513672,0.09119738638401031,-8.02099895477295,0.03255859389901161,2.970832586288452,2.6108474731445312,-0.6064889430999756
60984.235221548,2.6687800982472254e-06,-2.7041633129119873,1.3177534341812134,-0.24378441274166107,-0.011355633847415447,2.6108474731445312,-0.6064889430999756,0.14210525155067444,1.9394807815551758,-0.08018647879362106,-7.444149017333984,1.0653610229492188,4.476421356201172,3.0667991638183594,0.9205160140991211
60984.256480961,2.6687800982472254e-06,-2.7358505725860596,1.277726650238037,0.04860757663846016,-0.09674327075481415,3.0667991638183594,0.9205160140991211,-0.08986754715442657,-0.32642078399658203,0.06356322020292282,-5.991103649139404,21.283527374267578,155.88836669921875,2.0203871726989746,0.9978827834129333
60984.276274108,2.6687800982472254e-06,-2.7096869945526123,1.2360514402389526,0.07595498859882355,-0.1087910458445549,2.0203871726989746,0.9978827834129333,-0.08826535940170288,-0.4756244122982025,0.07297813147306442,-5.910849094390869,21.980234146118164,161.1943817138672,1.2526963949203491,0.8899469375610352
60984.292459806,2.6687800982472254e-06,-2.6622157096862793,1.1875180006027222,0.13388073444366455,-0.12502126395702362,1.2526963949203491,0.8899469375610352,-0.10430631786584854,-0.5622500777244568,0.0647539421916008,-5.2050371170043945,1.4004889726638794,6.2598772048950195,0.46222323179244995,0.3728068470954895
60984.313724058,2.6687800982472254e-06,-2.5896189212799072,1.1344084739685059,0.19749143719673157,-0.1347780078649521,0.46222323179244995,0.3728068470954895,-0.10840775072574615,-0.4717279076576233,0.11801605671644211,-5.112553119659424,-0.5463501214981079,6.9116435050964355,-0.787253201007843,-0.4287320077419281
60984.335912813,2.6687800982472254e-06,-2.4914190769195557,1.0797632932662964,0.2614838778972626,-0.13646219670772552,-0.787253201007843,-0.4287320077419281,-0.09296663105487823,-0.5006851553916931,0.0882209911942482,-5.104436874389648,-0.6713255047798157,9.4193696975708,-2.406099319458008,-1.1442534923553467
60984.36066058,2.6687800982472254e-06,-2.367835521697998,1.0271687507629395,0.3245365023612976,-0.12915422022342682,-2.406099319458008,-1.1442534923553467,-0.0990602895617485,-0.6338337063789368,0.07716046273708344,-5.06419038772583,-0.09782397001981735,12.682003021240234,-4.153650283813477,-1.4270267486572266
60984.381477023,2.6687800982472254e-06,-2.219522476196289,0.9806609749794006,0.3859400153160095,-0.11126481741666794,-4.153650283813477,-1.4270267486572266,-0.09612470120191574,-0.7033270597457886,0.05501484125852585,-5.0820112228393555,-0.2791981101036072,13.410080909729004,-5.8174238204956055,-1.4041287899017334
60984.397691025,2.6687800982472254e-06,-2.0467426776885986,0.944316565990448,0.44714823365211487,-0.08365655690431595,-5.8174238204956055,-1.4041287899017334,-0.05953751504421234,-0.8897772431373596,0.024189434945583344,-5.154821395874023,-0.979466438293457,14.532678604125977,-6.653069972991943,-1.5051181316375732
60984.417818028,2.6687800982472254e-06,-1.8584325313568115,0.9191523790359497,0.4753049314022064,-0.05668758228421211,-6.653069972991943,-1.5051181316375732,-0.055913932621479034,-1.0541658401489258,-0.07777393609285355,-5.288516998291016,-2.238125801086426,15.715824127197266,-6.6757049560546875,-1.7040607929229736
60984.439272225,2.6687800982472254e-06,-1.6818269491195679,0.9002922177314758,0.4275159537792206,-0.04510199651122093,-6.6757049560546875,-1.7040607929229736,-0.03558611497282982,-1.3035236597061157,-0.1328851282596588,-5.359578609466553,-1.334587812423706,15.658626556396484,-5.504054069519043,-1.7154057025909424
60984.465568247,2.6687800982472254e-06,-1.5333281755447388,0.8812730312347412,0.35064831376075745,-0.049946632236242294,-5.504054069519043,-1.7154057025909424,-0.056864023208618164,-1.4050920009613037,-0.15802350640296936,-5.281112194061279,0.25311124324798584,13.285033226013184,-4.115682125091553,-1.5945134162902832
60984.487236984,2.6687800982472254e-06,-1.4048032760620117,0.8572431206703186,0.31079089641571045,-0.0648188516497612,-4.115682125091553,-1.5945134162902832,-0.06465749442577362,-1.475243330001831,-0.10757136344909668,-4.969566345214844,2.4245846271514893,9.995695114135742,-2.4390058517456055,-1.4301337003707886
60984.50236479,2.6687800982472254e-06,-1.279541254043579,0.8247547745704651,0.3120320737361908,-0.0868147537112236,-2.4390058517456055,-1.4301337003707886,-0.10438641905784607,-1.4817785024642944,0.005498429760336876,-4.587099075317383,2.603835344314575,10.662986755371094,-1.0057560205459595,-1.022349238395691
60984.522903285,2.6687800982472254e-06,-1.1372469663619995,0.7851834893226624,0.3680921792984009,-0.10402951389551163,-1.0057560205459595,-1.022349238395691,-0.08751043677330017,-1.3700381517410278,0.03612770885229111,-4.129683494567871,0.518528401851654,4.839241981506348,-0.7508373856544495,-0.1570863425731659
60984.544131155,2.6687800982472254e-06,-0.9736568331718445,0.7372139096260071,0.4198644757270813,-0.12580785155296326,-0.7508373856544495,-0.1570863425731659,-0.0886894166469574,-1.3967300653457642,0.029608111828565598,-4.12028694152832,-0.4253706932067871,9.902531623840332,-0.4025832414627075,1.547461748123169
60984.568618534,2.6687800982472254e-06,-0.7916675806045532,0.6833950281143188,0.4657677710056305,-0.13879846036434174,-0.4025832414627075,1.547461748123169,-0.08067452907562256,-1.4760013818740845,-0.011494826525449753,-4.260178565979004,-1.15614914894104,24.49238395690918,0.24063843488693237,3.802412748336792
60984.588430439,2.6687800982472254e-06,-0.5942189693450928,0.6277602910995483,0.4981466829776764,-0.14162494242191315,0.24063843488693237,3.802412748336792,-0.07632236927747726,-1.4433403015136719,-0.08461383730173111,-3.8817687034606934,-4.8763628005981445,21.860431671142578,0.36953192949295044,5.847790718078613
60984.605441572,2.6687800982472254e-06,-0.38002854585647583,0.5844861268997192,0.545703649520874,-0.10178053379058838,0.36953192949295044,5.847790718078613,-0.04565267264842987,-1.4373940229415894,-0.1218491643667221,-3.853266716003418,-5.286012649536133,23.399398803710938,0.4750615358352661,6.788371562957764
60984.624252218,2.6687800982472254e-06,-0.15395469963550568,0.5487592816352844,0.5687429904937744,-0.08709665387868881,0.4750615358352661,6.788371562957764,-0.044739626348018646,-1.066421389579773,-0.1024845764040947,-2.268097400665283,0.18739646673202515,2.762141704559326,0.0806005597114563,6.5994672775268555
60984.647690324,2.6687800982472254e-06,0.0726805180311203,0.5107064247131348,0.5632675290107727,-0.10088054090738297,0.0806005597114563,6.5994672775268555,-0.03156209737062454,-1.0416423082351685,-0.09987585246562958,-2.2966208457946777,0.20306015014648438,2.7661123275756836,0.3820800185203552,6.725989818572998
60984.67278477,2.6687800982472254e-06,0.2828492224216461,0.4597644805908203,0.5104337930679321,-0.13722166419029236,0.3820800185203552,6.725989818572998,-0.04003380611538887,-0.8432247638702393,-0.06603444367647171,-1.7838222980499268,0.6507382392883301,2.692244529724121,0.689292848110199,7.506015300750732
60984.695223027,2.6687800982472254e-06,0.2752397656440735,0.3899964988231659,-0.01779842935502529,-0.1732502281665802,0.689292848110199,7.506015300750732,-0.030434472486376762,-0.6010673642158508,-0.04406603425741196,-1.4166685342788696,0.7728167176246643,2.808978796005249,1.5683799982070923,8.456014633178711
60984.715244259,2.6687800982472254e-06,0.2697395980358124,0.32994985580444336,-0.012482906691730022,-0.1419670581817627,1.5683799982070923,8.456014633178711,-0.0312630757689476,-0.35128137469291687,0.026278220117092133,-1.211837649345398,0.22352717816829681,3.097360610961914,1.4069868326187134,7.763583183288574
60984.732289069,2.6687800982472254e-06,0.2665269076824188,0.28172895312309265,-0.0070869275368750095,-0.1139310970902443,1.4069868326187134,7.763583183288574,-0.008522664196789265,-0.2141539603471756,0.005370208993554115,-1.1037001609802246,-0.14381083846092224,3.186403512954712,1.0585335493087769,6.737069129943848
60984.753272425,2.6687800982472254e-06,0.2645367980003357,0.2435421645641327,-0.004285410977900028,-0.08940084278583527,1.0585335493087769,6.737069129943848,-0.009171794168651104,0.04538339376449585,0.005470413248986006,-1.0520524978637695,-0.07354727387428284,3.137986898422241,0.7523780465126038,5.514001846313477
60984.776352277,2.6687800982472254e-06,0.26138612627983093,0.21503213047981262,-0.008606025949120522,-0.06516816467046738,0.7523780465126038,5.514001846313477,0.007397852838039398,0.15866857767105103,0.007147733122110367,-1.1044472455978394,-0.03233218938112259,3.109118938446045,0.18118780851364136,4.735320568084717
60984.80132554,2.6687800982472254e-06,0.25453367829322815,0.1963319033384323,-0.019373057410120964,-0.040549736469984055,0.18118780851364136,4.735320568084717,0.0021470356732606888,0.45354026556015015,0.027727533131837845,-1.2998534440994263,-0.014132155105471611,3.110607624053955,-0.30241233110427856,4.135960102081299
60984.822309908,2.6687800982472254e-06,0.23862099647521973,0.18696044385433197,-0.04592215269804001,-0.018417268991470337,-0.30241233110427856,4.135960102081299,0.017195599153637886,0.4499865472316742,0.03459611535072327,-1.4107170104980469,1.2094049453735352,10.007804870605469,-1.247235655784607,4.428731918334961
60984.852838481,2.6687800982472254e-06,0.20931625366210938,0.18808536231517792,-0.08126963675022125,0.009527052752673626,-1.247235655784607,4.428731918334961,-0.011098509654402733,-0.07538389414548874,0.0864839181303978,-1.4498080015182495,1.4551384449005127,26.008403778076172,-2.3434360027313232,4.58599328994751
60984.885057576,2.6687800982472254e-06,0.15873375535011292,0.19841855764389038,-0.13982096314430237,0.03079797327518463,-2.3434360027313232,4.58599328994751,0.00575060211122036,-0.021423807367682457,0.017922619357705116,-1.4439342021942139,-2.9049885272979736,6.998244285583496,-2.466428279876709,4.659361362457275
60984.913463145,2.6687800982472254e-06,0.08460857719182968,0.21564821898937225,-0.20020385086536407,0.046644177287817,-2.466428279876709,4.659361362457275,0.0034958915784955025,0.034351471811532974,-0.059619493782520294,-1.3776564598083496,-1.926679253578186,6.397806644439697,-2.472069501876831,5.111792087554932
60984.942590757,2.6687800982472254e-06,-0.013010348193347454,0.23730894923210144,-0.2585773169994354,0.056058455258607864,-2.472069501876831,5.111792087554932,0.0013950171414762735,0.12735354900360107,-0.04005485028028488,-1.3311984539031982,0.2582680583000183,7.117463111877441,-2.4299941062927246,5.691925048828125
60984.971679568,2.6687800982472254e-06,-0.13160237669944763,0.2613065540790558,-0.30723240971565247,0.061335135251283646,-2.4299941062927246,5.691925048828125,0.018579397350549698,0.26660484075546265,-0.03024735301733017,-1.3465970754623413,0.24259895086288452,3.0260009765625,-2.6111886501312256,6.195472240447998
60985.000394919,2.6687800982472254e-06,-0.262746125459671,0.28768688440322876,-0.33306750655174255,0.06777384132146835,-2.6111886501312256,6.195472240447998,0.0026324917562305927,0.4680595397949219,0.0036929550115019083,-1.5491697788238525,0.19049030542373657,2.97284197807312,-3.0978550910949707,6.611575603485107
60985.021628823,2.6687800982472254e-06,-0.40034979581832886,0.3178364932537079,-0.34594210982322693,0.0784774050116539,-3.0978550910949707,6.611575603485107,-0.002304346766322851,0.45511654019355774,0.002609269693493843,-1.5822292566299438,0.5835099220275879,5.2447614669799805,-3.687563180923462,7.081527233123779
60985.046379348,-0.40635567903518677,-0.5424023270606995,0.3535752296447754,-0.35607802867889404,0.0933879092335701,-3.687563180923462,7.081527233123779,-0.005245717242360115,0.4191448390483856,0.05887769162654877,-1.7152056694030762,2.694733142852783,17.070018768310547,-4.642574787139893,7.112194061279297
60985.066661948,-0.40635567903518677,-0.6885219216346741,0.3959832191467285,-0.36616116762161255,0.11074166744947433,-4.642574787139893,7.112194061279297,0.003947642631828785,0.6342594623565674,0.05739428475499153,-1.9217230081558228,0.014345410279929638,2.980846643447876,-5.449487686157227,7.69795036315918
60985.081455507,-0.40635567903518677,-0.8429028987884521,0.44519516825675964,-0.3900209665298462,0.12752066552639008,-5.449487686157227,7.69795036315918,0.017248356714844704,0.9105344414710999,0.05840584263205528,-2.3885743618011475,0.025763072073459625,2.921898603439331,-6.586407661437988,8.447891235351562
60985.101622769,-0.40635567903518677,-1.0085328817367554,0.5011394619941711,-0.41949453949928284,0.14446300268173218,-6.586407661437988,8.447891235351562,0.02948012202978134,0.9775417447090149,0.09614533931016922,-2.5585007667541504,0.012340832501649857,2.9223854541778564,-7.90948486328125,9.309855461120605
60985.122854016,-0.40635567903518677,-1.1914950609207153,0.5632620453834534,-0.46706363558769226,0.1594243198633194,-7.90948486328125,9.309855461120605,0.016020098701119423,1.1866960525512695,0.07370977103710175,-3.118837594985962,0.001328189391642809,2.863377809524536,-9.443092346191406,10.289979934692383
60985.146727318,-0.40635567903518677,-1.398443579673767,0.6310232877731323,-0.5322827696800232,0.17318134009838104,-9.443092346191406,10.289979934692383,0.020323069766163826,1.3486647605895996,0.09087204933166504,-3.5949761867523193,0.008796315640211105,2.784558057785034,-10.092527389526367,10.98493480682373
60985.170497042,-0.40635567903518677,-1.6329145431518555,0.7052468061447144,-0.6040477752685547,0.19015441834926605,-10.092527389526367,10.98493480682373,0.03450068086385727,1.5468734502792358,0.10369124263525009,-4.2578277587890625,-0.04715469852089882,2.7459354400634766,-8.418156623840332,11.014081954956055
60985.190787885,-0.40635567903518677,-1.8939327001571655,0.7887077927589417,-0.6663258671760559,0.21592620015144348,-8.418156623840332,11.014081954956055,0.04579195752739906,1.7704282999038696,0.09752583503723145,-5.121692180633545,-0.14496596157550812,2.711594343185425,-4.636529922485352,9.560832977294922
60985.20593843,-0.40635567903518677,-2.1432645320892334,0.8905819058418274,-0.6063055396080017,0.26786115765571594,-4.636529922485352,9.560832977294922,0.057415153831243515,1.9186811447143555,0.09204960614442825,-5.85459566116333,-0.8321478366851807,5.692472457885742,-2.6050498485565186,7.629668235778809
60985.226788401,-0.40635567903518677,-2.350093364715576,1.0180824995040894,-0.4880397915840149,0.3343120813369751,-2.6050498485565186,7.629668235778809,0.10071756690740585,1.6605783700942993,-0.05453774705529213,-5.881361961364746,-1.0067486763000488,7.83747673034668,-0.6423020362854004,5.241532802581787
60985.248297982,-0.40635567903518677,-2.5135016441345215,1.168062448501587,-0.3833387792110443,0.38765034079551697,-0.6423020362854004,5.241532802581787,0.10753979533910751,1.8745044469833374,-0.040338680148124695,-6.609613418579102,0.17650306224822998,2.9359259605407715,2.1329288482666016,1.765812873840332
60985.275679319,-0.40635567903518677,-2.6429808139801025,1.3222596645355225,-0.3049425482749939,0.3850554823875427,2.1329288482666016,1.765812873840332,0.12023218721151352,1.873326301574707,-0.0637960359454155,-6.626965522766113,0.1856805831193924,2.9163131713867188,2.1717329025268555,-0.488160640001297
60985.296708833,-0.40635567903518677,-2.7145986557006836,1.3095321655273438,-0.1595333218574524,-0.09327176213264465,2.1717329025268555,-0.488160640001297,0.11439282447099686,2.035439968109131,-0.030330840498209,-7.353498458862305,0.2516162395477295,2.801926851272583,1.2366091012954712,0.2662902772426605
60985.313356802,-0.40635567903518677,-2.7076292037963867,1.2690045833587646,0.0239841528236866,-0.10377873480319977,1.2366091012954712,0.2662902772426605,0.07153726369142532,1.484215259552002,0.01802852936089039,-7.192309856414795,0.469623327255249,6.160988807678223,-0.6490197777748108,-0.3248737156391144
60985.333031715,-0.40635567903518677,-2.6826539039611816,1.2222687005996704,0.07686085999011993,-0.12094473838806152,-0.6490197777748108,-0.3248737156391144,-0.10445256531238556,-0.2238549292087555,0.09754230082035065,-5.122210502624512,-0.3403841257095337,12.931392669677734,-2.468226909637451,-0.6369736194610596
60985.354124767,-0.40635567903518677,-2.6331534385681152,1.170032024383545,0.13966535031795502,-0.13333061337471008,-2.468226909637451,-0.6369736194610596,-0.10262609273195267,-0.2532358467578888,0.10332657396793365,-5.030683994293213,0.07479339092969894,9.718657493591309,-4.6176605224609375,-0.8100768327713013
60985.376391686,-0.40635567903518677,-2.558053731918335,1.1146968603134155,0.2037646323442459,-0.13942424952983856,-4.6176605224609375,-0.8100768327713013,-0.10976725816726685,-0.36479419469833374,0.10625378787517548,-5.007620334625244,0.18759702146053314,11.344950675964355,-7.2268218994140625,-0.9379849433898926
60985.40091986,-0.40635567903518677,-2.457443952560425,1.0592414140701294,0.26739346981048584,-0.13765333592891693,-7.2268218994140625,-0.9379849433898926,-0.10631421953439713,-0.5159538984298706,0.0764356404542923,-5.00206184387207,0.16679790616035461,12.86994457244873,-8.728759765625,-1.0324562788009644
60985.422177737,-0.40635567903518677,-2.332879066467285,1.0070228576660156,0.3244067132472992,-0.12737639248371124,-8.728759765625,-1.0324562788009644,-0.10288271307945251,-0.6366311311721802,0.05931050702929497,-5.054270267486572,-0.1556493043899536,13.26823902130127,-8.672346115112305,-1.2213401794433594
60985.437097843,-0.40635567903518677,-2.211613655090332,0.9580387473106384,0.29479631781578064,-0.12071289122104645,-8.672346115112305,-1.2213401794433594,-0.09187747538089752,-0.6830206513404846,0.047508373856544495,-5.053516387939453,-0.31026408076286316,13.183616638183594,-7.886992931365967,-1.169927716255188
60985.457704272,-0.40635567903518677,-2.106494188308716,0.9122479557991028,0.2508971393108368,-0.11234241724014282,-7.886992931365967,-1.169927716255188,-0.11320402473211288,-0.8586655855178833,0.09523390233516693,-4.953250408172607,1.623969316482544,13.000274658203125,-6.935409069061279,-1.0843089818954468
60985.479371124,-0.40635567903518677,-2.0134310722351074,0.8699420094490051,0.22497940063476562,-0.10411260277032852,-6.935409069061279,-1.0843089818954468,-0.12039517611265182,-0.9611976742744446,0.12573589384555817,-4.94469690322876,2.1412172317504883,13.408699989318848,-6.263825416564941,-1.0662410259246826
60985.502722441,-0.40635567903518677,-1.9231537580490112,0.830183207988739,0.22441206872463226,-0.09869160503149033,-6.263825416564941,-1.0662410259246826,-0.16918306052684784,-1.1218562126159668,0.1784060299396515,-4.990634441375732,2.43841290473938,13.915511131286621,-5.414793491363525,-1.1497210264205933
60985.522985352,-0.40635567903518677,-1.8290952444076538,0.7902948260307312,0.23724909126758575,-0.1011214405298233,-5.414793491363525,-1.1497210264205933,-0.1849868893623352,-1.2558335065841675,0.21096205711364746,-4.964939594268799,2.0786125659942627,12.074498176574707,-4.500626087188721,-1.2888737916946411
60985.537822898,-0.40635567903518677,-1.7233091592788696,0.7475685477256775,0.2725757658481598,-0.1094154641032219,-4.500626087188721,-1.2888737916946411,-0.18810230493545532,-1.3075422048568726,0.2623315155506134,-4.8385725021362305,1.831595540046692,10.184521675109863,-3.8352537155151367,-1.2869796752929688
60985.558447058,-0.40635567903518677,-1.5989986658096313,0.6994359493255615,0.32133325934410095,-0.12333103269338608,-3.8352537155151367,-1.2869796752929688,-0.20412372052669525,-1.2556978464126587,0.29161280393600464,-4.507796764373779,0.35234567523002625,4.556910991668701,-3.7433600425720215,-0.7344591617584229
60985.58026523,-0.40635567903518677,-1.4528180360794067,0.6465745568275452,0.37751641869544983,-0.1362755447626114,-3.7433600425720215,-0.7344591617584229,-0.1746985763311386,-1.3933541774749756,0.3250085115432739,-4.549580097198486,2.3567254543304443,12.192327499389648,-3.3223228454589844,0.7763880491256714
60985.60537285,-0.40635567903518677,-1.2954603433609009,0.5856851935386658,0.3970530927181244,-0.15591950714588165,-3.3223228454589844,0.7763880491256714,-0.16472363471984863,-1.2624365091323853,0.30960094928741455,-3.967332363128662,0.0020700497552752495,3.228022336959839,-4.033517837524414,2.4673852920532227
60985.625916061,-0.40635567903518677,-1.1320010423660278,0.5211888551712036,0.40801921486854553,-0.16471268236637115,-4.033517837524414,2.4673852920532227,-0.15696394443511963,-1.3066712617874146,0.2606198489665985,-3.9184205532073975,-0.7526917457580566,8.57856559753418,-3.545833110809326,4.6318769454956055
60985.641075348,-0.40635567903518677,-0.976488471031189,0.4621564447879791,0.38172003626823425,-0.1452113837003708,-3.545833110809326,4.6318769454956055,-0.12185041606426239,-1.278868556022644,0.23776893317699432,-3.577589750289917,-1.1916759014129639,11.57524299621582,-2.9868972301483154,5.7340874671936035
60985.661219737,-0.40635567903518677,-0.8261584639549255,0.41255462169647217,0.37237030267715454,-0.11838511377573013,-2.9868972301483154,5.7340874671936035,-0.11340036243200302,-1.1896051168441772,0.21954236924648285,-3.1790354251861572,0.04360046982765198,2.9402971267700195,-2.854036808013916,5.698156356811523
60985.682720855,-0.40635567903518677,-0.6781443953514099,0.37092673778533936,0.36754634976387024,-0.10084879398345947,-2.854036808013916,5.698156356811523,-0.11145926266908646,-0.9124748110771179,0.24001088738441467,-2.5441484451293945,0.03581356629729271,2.913494825363159,-3.653386354446411,5.084981918334961
60985.707506152,-0.40635567903518677,-0.537717878818512,0.3324527442455292,0.34210455417633057,-0.09628146886825562,-3.653386354446411,5.084981918334961,-0.09941456466913223,-0.8360443711280823,0.18669100105762482,-2.3876802921295166,-1.4685066938400269,7.5223774909973145,-3.703052043914795,4.782749176025391
60985.727825155,-0.40635567903518677,-0.41888266801834106,0.29631125926971436,0.283094197511673,-0.0896209105849266,-3.703052043914795,4.782749176025391,-0.07835205644369125,-0.8580984473228455,0.14021232724189758,-2.4788365364074707,-4.739964962005615,17.45001983642578,-3.4748432636260986,4.622621536254883
60985.742579314,-0.40635567903518677,-0.32164570689201355,0.26142293214797974,0.22989670932292938,-0.08620062470436096,-3.4748432636260986,4.622621536254883,-0.05620786175131798,-0.5785290598869324,0.14439605176448822,-1.7093217372894287,0.24223998188972473,2.9329798221588135,-3.9482638835906982,4.301819801330566
60985.762889934,-0.40635567903518677,-0.24552442133426666,0.22881680727005005,0.17706014215946198,-0.0796811506152153,-3.9482638835906982,4.301819801330566,-0.04237929359078407,-0.38609302043914795,0.1708538681268692,-1.465051531791687,0.23238547146320343,2.9672634601593018,-4.151937961578369,3.945250988006592
60985.785254225,-0.40635567903518677,-0.19075550138950348,0.19975465536117554,0.12347263097763062,-0.07007506489753723,-4.151937961578369,3.945250988006592,-0.04700585454702377,-0.28504544496536255,0.16995102167129517,-1.3753734827041626,0.2358955293893814,2.969294309616089,-4.116119384765625,3.6694283485412598
60985.809537285,-0.40635567903518677,-0.1576526015996933,0.17530685663223267,0.06913232803344727,-0.05795646458864212,-4.116119384765625,3.6694283485412598,-0.03215892240405083,-0.0315450094640255,0.18367061018943787,-1.2787584066390991,0.19226063787937164,3.043983221054077,-4.108969688415527,3.4455831050872803
60985.848279054,-0.40635567903518677,-0.1464420109987259,0.15622831881046295,0.01429473515599966,-0.04418030381202698,-4.108969688415527,3.4455831050872803,-0.034829381853342056,0.107650026679039,0.17994989454746246,-1.3256244659423828,0.18610771000385284,3.0627784729003906,-3.942103624343872,3.3889529705047607
60985.887368518,-0.40635567903518677,-0.15785013139247894,0.1425679624080658,-0.042636770755052567,-0.029964054003357887,-3.942103624343872,3.3889529705047607,-0.03874453529715538,0.19010339677333832,0.20562362670898438,-1.4243013858795166,-0.09730127453804016,4.881207466125488,-3.767540216445923,3.6237359046936035
60985.918197959,-0.40635567903518677,-0.19164246320724487,0.13494522869586945,-0.09839973598718643,-0.01565958559513092,-3.767540216445923,3.6237359046936035,-0.03870106488466263,0.03795495629310608,0.17985552549362183,-1.4372187852859497,-0.4781091809272766,8.146483421325684,-3.7085230350494385,3.9977149963378906
60985.944997631,-0.40635567903518677,-0.24761582911014557,0.13244125247001648,-0.15368662774562836,-0.0031976494938135147,-3.7085230350494385,3.9977149963378906,-0.025584544986486435,0.07906074821949005,0.2168566882610321,-1.4480876922607422,-0.03174290806055069,7.9573564529418945,-3.6091079711914062,4.38200569152832
60985.971303267,-0.40635567903518677,-0.32567229866981506,0.13416573405265808,-0.20889566838741302,0.006805689074099064,-3.6091079711914062,4.38200569152832,-0.021010026335716248,0.2565770447254181,0.2202906310558319,-1.4525095224380493,0.1782817393541336,3.037564992904663,-3.3836653232574463,4.801543235778809
60985.993717617,-0.40635567903518677,-0.423574298620224,0.13961507380008698,-0.2553403079509735,0.01594769023358822,-3.3836653232574463,4.801543235778809,-0.025343630462884903,0.2561909854412079,0.27322545647621155,-1.5570305585861206,2.06577730178833,12.408760070800781,-3.660005569458008,5.272543430328369
60986.022784692,-0.40635567903518677,-0.5321733951568604,0.1502220630645752,-0.275615930557251,0.030335387215018272,-3.660005569458008,5.272543430328369,-0.039828527718782425,0.2574842870235443,0.27565062046051025,-1.5798544883728027,2.7262461185455322,15.916230201721191,-4.04197883605957,5.737105369567871
60986.050788934,-0.40635567903518677,-0.6477100849151611,0.16695135831832886,-0.2921987473964691,0.04545913264155388,-4.04197883605957,5.737105369567871,-0.03659877926111221,0.3755594491958618,0.2570391297340393,-1.9600341320037842,-0.43014928698539734,17.881757736206055,-4.468544006347656,6.23652458190918
60986.07974547,-0.40635567903518677,-0.7687138319015503,0.19133388996124268,-0.304042786359787,0.06610749661922455,-4.468544006347656,6.23652458190918,-0.029948338866233826,0.5399749279022217,0.27782386541366577,-1.9895490407943726,-0.08882372081279755,6.183318614959717,-5.144923686981201,6.737530708312988
60986.107831157,-0.40635567903518677,-0.8934528231620789,0.22400368750095367,-0.312589555978775,0.08728049695491791,-5.144923686981201,6.737530708312988,-0.028238318860530853,0.6584822535514832,0.2756635248661041,-2.1414639949798584,0.008537106215953827,3.0288848876953125,-5.850550174713135,7.332894802093506
60986.13832023,-0.40635567903518677,-1.024351716041565,0.26460984349250793,-0.33112016320228577,0.10567215830087662,-5.850550174713135,7.332894802093506,-0.026818377897143364,0.6065407991409302,0.24411988258361816,-2.455021858215332,-0.5754013657569885,19.72276496887207,-6.680533409118652,8.022229194641113
60986.176801117,-0.40635567903518677,-1.1642282009124756,0.3139401078224182,-0.35341784358024597,0.12895093858242035,-6.680533409118652,8.022229194641113,-0.03209397941827774,0.5537864565849304,0.23162296414375305,-2.5420897006988525,-0.661656379699707,22.056224822998047,-7.945910453796387,8.804826736450195
60986.20283702,-0.40635567903518677,-1.3156930208206177,0.3713192641735077,-0.38459858298301697,0.1487085074186325,-7.945910453796387,8.804826736450195,-0.02346772328019142,0.7452579140663147,0.2525177001953125,-2.5669119358062744,-0.04149145260453224,2.9654502868652344,-9.39997386932373,9.729969024658203
60986.228646382,-0.40635567903518677,-1.487471342086792,0.4354162812232971,-0.4414002597332001,0.16456259787082672,-9.39997386932373,9.729969024658203,-0.027127111330628395,0.9327376484870911,0.256143182516098,-2.9341683387756348,-0.02680238150060177,2.9021308422088623,-10.802325248718262,10.613457679748535
60986.252072425,-0.40635567903518677,-1.6849535703659058,0.5059110522270203,-0.511049211025238,0.18035024404525757,-10.802325248718262,10.613457679748535,-0.02421848103404045,1.0909878015518188,0.2603141665458679,-3.355419874191284,-0.018708670511841774,2.8201308250427246,-11.386606216430664,11.224034309387207
60986.272536296,-0.40635567903518677,-1.9095438718795776,0.584114134311676,-0.5778601765632629,0.2011193335056305,-11.386606216430664,11.224034309387207,-0.02824375405907631,1.3181871175765991,0.27735069394111633,-3.8889458179473877,-0.0599050335586071,2.7953128814697266,-9.938018798828125,11.377767562866211
60986.294456744,-0.40635567903518677,-2.158648729324341,0.6728153228759766,-0.6368705630302429,0.22927232086658478,-9.938018798828125,11.377767562866211,-0.015896016731858253,1.5814729928970337,0.2615346312522888,-4.799297332763672,-0.1875806450843811,2.84248948097229,-5.784573554992676,10.216050148010254
60986.320467301,-0.40635567903518677,-2.400728940963745,0.7789812684059143,-0.5913764834403992,0.27818161249160767,-5.784573554992676,10.216050148010254,-0.014801177196204662,1.7610360383987427,0.2701605558395386,-5.5518269538879395,-0.2119010090827942,3.004350185394287,-3.312912940979004,8.321550369262695
60986.339976026,-0.40635567903518677,-2.6026599407196045,0.9071125388145447,-0.4777091145515442,0.3335897624492645,-3.312912940979004,8.321550369262695,-0.017641037702560425,1.9006057977676392,0.28019824624061584,-6.080124378204346,-0.1813085973262787,3.065699577331543,-0.8932103514671326,5.844110488891602
60986.359015116,-0.40635567903518677,-2.7648379802703857,1.054509162902832,-0.38265079259872437,0.3795197606086731,-0.8932103514671326,5.844110488891602,-0.017952585592865944,2.1801600456237793,0.2814652621746063,-7.4847517013549805,0.10287013649940491,2.822664737701416,2.2236757278442383,2.1729953289031982
60986.376308708,-0.40635567903518677,-2.736391305923462,1.2288978099822998,0.07045998424291611,0.43647584319114685,2.2236757278442383,2.1729953289031982,0.02521992102265358,2.04679274559021,0.16896599531173706,-7.700711727142334,-7.0409064292907715,12.511758804321289,0.5714282393455505,-1.358180284500122
60986.396416697,-0.40635567903518677,-2.6831068992614746,1.3273913860321045,0.18013815581798553,0.07387067377567291,0.5714282393455505,-1.358180284500122,0.2570233643054962,1.493388295173645,-0.3683401942253113,-8.497179985046387,-34.97271728515625,50.68486404418945,-3.150047540664673,-1.782496690750122
60986.418434999,-0.40635567903518677,-2.5917608737945557,1.3139995336532593,0.23944823443889618,-0.042687203735113144,-3.150047540664673,-1.782496690750122,0.24367764592170715,1.2193547487258911,-0.28455036878585815,-6.485493183135986,5.589259624481201,31.08591651916504,-8.216292381286621,-1.0982890129089355
60986.443738325,-0.40635567903518677,-2.477423906326294,1.2937971353530884,0.302715539932251,-0.053622063249349594,-8.216292381286621,-1.0982890129089355,-0.010774048045277596,-0.41306424140930176,-0.05733241140842438,-5.205928325653076,30.445703506469727,145.24009704589844,-11.699878692626953,-0.9476022124290466
60986.464299654,-0.40635567903518677,-2.347468852996826,1.2672066688537598,0.33077070116996765,-0.07086964696645737,-11.699878692626953,-0.9476022124290466,-0.0741288810968399,-0.5999323725700378,0.008975890465080738,-5.086320877075195,1.5963634252548218,9.535004615783691,-10.95127010345459,-1.0527902841567993
60986.480405173,-0.40635567903518677,-2.243795394897461,1.2287929058074951,0.2359471172094345,-0.10395419597625732,-10.95127010345459,-1.0527902841567993,-0.06183430179953575,-0.4960292875766754,0.043516840785741806,-4.9939446449279785,0.40020036697387695,4.846426010131836,-9.493855476379395,-0.8106197118759155
60986.503561109,-0.40635567903518677,-2.177506685256958,1.1789120435714722,0.14157360792160034,-0.13167528808116913,-9.493855476379395,-0.8106197118759155,-0.07750621438026428,-0.44716235995292664,0.07775479555130005,-4.892739295959473,1.654596209526062,14.076680183410645,-7.674557685852051,-0.5580514073371887
60986.55589469,-0.40635567903518677,-2.139024257659912,1.120734691619873,0.08024807274341583,-0.14969396591186523,-7.674557685852051,-0.5580514073371887,-0.11191107332706451,-0.5053014159202576,0.0842803567647934,-4.8655524253845215,2.2395741939544678,15.106098175048828,-6.097056865692139,-0.43819698691368103
60986.585666501,-0.40635567903518677,-2.103741407394409,1.0598942041397095,0.08938083797693253,-0.15247909724712372,-6.097056865692139,-0.43819698691368103,-0.12743599712848663,-0.6225805878639221,0.15782102942466736,-4.787505626678467,3.2767508029937744,13.222623825073242,-5.311923503875732,-0.5822343826293945
60986.612109941,-0.40635567903518677,-2.048955202102661,1.0017895698547363,0.15137454867362976,-0.14340028166770935,-5.311923503875732,-0.5822343826293945,-0.18496301770210266,-0.8280048370361328,0.219844788312912,-4.9052228927612305,4.910581111907959,20.319055557250977,-5.257782459259033,-0.8894912600517273
60986.636944901,-0.40635567903518677,-1.9700229167938232,0.9483527541160583,0.21188481152057648,-0.13142536580562592,-5.257782459259033,-0.8894912600517273,-0.18996675312519073,-0.9553637504577637,0.24732612073421478,-5.134442329406738,1.2546066045761108,24.8792667388916,-5.464092254638672,-1.1343412399291992
60986.659686199,-0.40635567903518677,-1.8673113584518433,0.8998852968215942,0.27217838168144226,-0.117770254611969,-5.464092254638672,-1.1343412399291992,-0.16180181503295898,-1.0992014408111572,0.18625307083129883,-5.061021327972412,-1.0607050657272339,13.573661804199219,-5.607834815979004,-1.2532029151916504
60986.67496322,-0.40635567903518677,-1.7488439083099365,0.8537601828575134,0.3033545911312103,-0.11397017538547516,-5.607834815979004,-1.2532029151916504,-0.18045945465564728,-1.3436906337738037,0.24144521355628967,-4.945434093475342,0.015239410102367401,3.1913790702819824,-4.664215087890625,-1.222728967666626
60986.700240198,-0.40635567903518677,-1.6260865926742554,0.8051894903182983,0.30435091257095337,-0.1253940910100937,-4.664215087890625,-1.222728967666626,-0.2012067586183548,-1.446306824684143,0.267679899930954,-5.078822135925293,3.6535940170288086,15.928598403930664,-3.409621477127075,-0.8912614583969116
60986.726886561,-0.40635567903518677,-1.4964066743850708,0.7527229189872742,0.32892367243766785,-0.13503099977970123,-3.409621477127075,-0.8912614583969116,-0.2247367650270462,-1.660412073135376,0.33590230345726013,-5.185101509094238,7.9888739585876465,31.035364151000977,-2.6239848136901855,-0.01721152290701866
60986.751569739,-0.40635567903518677,-1.3478116989135742,0.6946408152580261,0.3827689588069916,-0.1492520421743393,-2.6239848136901855,-0.01721152290701866,-0.18067218363285065,-1.4424195289611816,0.36170685291290283,-4.6570892333984375,0.015990078449249268,3.134114980697632,-3.309130907058716,1.2262213230133057
60986.773262022,-0.40635567903518677,-1.1780356168746948,0.630340576171875,0.4348655343055725,-0.1650979220867157,-3.309130907058716,1.2262213230133057,-0.1450914740562439,-1.211596965789795,0.35996246337890625,-3.8250081539154053,-0.02446417510509491,3.193800926208496,-3.9148366451263428,3.2036681175231934
60986.795184367,-0.40635567903518677,-1.0101749897003174,0.5628164410591125,0.41519489884376526,-0.16726526618003845,-3.9148366451263428,3.2036681175231934,-0.1589750498533249,-1.2769256830215454,0.34531930088996887,-3.8378143310546875,-0.07562340050935745,3.1771199703216553,-3.109219551086426,5.255548477172852
60986.820223114,-0.40635567903518677,-0.8546192049980164,0.5029111504554749,0.37976837158203125,-0.14680033922195435,-3.109219551086426,5.255548477172852,-0.17432309687137604,-1.729514241218567,0.35295525193214417,-4.343188285827637,-0.06701260805130005,3.0552546977996826,-0.9069785475730896,6.848875045776367
60986.840787541,-0.40635567903518677,-0.7046545743942261,0.4509738087654114,0.37150838971138,-0.12486106157302856,-0.9069785475730896,6.848875045776367,-0.1591997891664505,-1.5356806516647339,0.3563601076602936,-3.6313462257385254,0.04230547696352005,2.8545117378234863,-0.7284046411514282,6.924333095550537
60986.855578738,-0.40635567903518677,-0.5375221371650696,0.40922310948371887,0.4297036826610565,-0.09878776222467422,-0.7284046411514282,6.924333095550537,-0.14506123960018158,-1.3426212072372437,0.3669418692588806,-3.0310802459716797,-0.0026510716415941715,2.929337978363037,-0.9937935471534729,6.392740249633789
60986.875687025,-0.40635567903518677,-0.3570539057254791,0.37519747018814087,0.4552677273750305,-0.08127108961343765,-0.9937935471534729,6.392740249633789,-0.10169655829668045,-1.1104391813278198,0.3534880578517914,-2.328946113586426,-0.0969199389219284,2.994110107421875,-1.5064083337783813,5.676383018493652
60986.89693569,-0.40635567903518677,-0.17906272411346436,0.3445952236652374,0.43959784507751465,-0.07578235864639282,-1.5064083337783813,5.676383018493652,-0.07447893917560577,-0.9331322908401489,0.35008344054222107,-1.9366564750671387,0.035590820014476776,2.926163673400879,-1.8856092691421509,5.20799446105957
60986.922079379,-0.40635567903518677,-0.019643858075141907,0.3127983808517456,0.383759468793869,-0.08116896450519562,-1.8856092691421509,5.20799446105957,-0.06828795373439789,-0.7509467005729675,0.3748990297317505,-1.5651246309280396,0.21194429695606232,2.8598239421844482,-2.272526502609253,4.991429328918457
60986.942540984,-0.40635567903518677,0.11625252664089203,0.2786203622817993,0.32511159777641296,-0.08656398952007294,-2.272526502609253,4.991429328918457,-0.06422214210033417,-0.49392926692962646,0.3954184353351593,-1.1827725172042847,0.3907310366630554,2.861644983291626,-2.667595386505127,4.684075832366943
60986.957249239,-0.40635567903518677,0.22826309502124786,0.24375344812870026,0.264731764793396,-0.0868343859910965,-2.667595386505127,4.684075832366943,-0.060137178748846054,-0.3599919080734253,0.4167339503765106,-1.0261987447738647,0.3968777060508728,2.917696952819824,-2.7765138149261475,4.405796051025391
60986.9780245,-0.40635567903518677,0.27198395133018494,0.20949102938175201,-0.014701618812978268,-0.08700870722532272,-2.7765138149261475,4.405796051025391,-0.02196034975349903,0.001756761223077774,0.426899254322052,-0.8784046769142151,0.585353672504425,2.981278419494629,-1.5042192935943604,4.36603307723999
60986.999250525,-0.40635567903518677,0.25999152660369873,0.1823473870754242,-0.04032309353351593,-0.060506779700517654,-1.5042192935943604,4.36603307723999,-0.036761876195669174,0.03173278644680977,0.435434490442276,-0.8804581761360168,0.6638343334197998,2.9764091968536377,-1.9436954259872437,4.298530578613281
60987.02353264,-0.40635567903518677,0.22647292912006378,0.16609406471252441,-0.09932783991098404,-0.03455715999007225,-1.9436954259872437,4.298530578613281,-0.03924102708697319,0.23098964989185333,0.45571112632751465,-0.9614880084991455,-0.03914804011583328,3.1574833393096924,-2.1212868690490723,4.042850494384766
60987.043678578,-0.40635567903518677,0.16742448508739471,0.1582360863685608,-0.16375823318958282,-0.015213270671665668,-2.1212868690490723,4.042850494384766,-0.006948241963982582,0.639470636844635,0.4555509090423584,-1.359824776649475,0.12631189823150635,3.085944414138794,-1.9733399152755737,3.7810494899749756
60987.057989644,-0.40635567903518677,0.08286052942276001,0.15619614720344543,-0.22711949050426483,-0.002254668390378356,-1.9733399152755737,3.7810494899749756,-0.02165401354432106,0.7014166116714478,0.4712143540382385,-1.4293103218078613,0.14292126893997192,3.0691287517547607,-2.0268256664276123,4.141044616699219
60987.112318564,-0.40635567903518677,-0.02368900366127491,0.15778841078281403,-0.2776871621608734,0.005805809050798416,-2.0268256664276123,4.141044616699219,-0.03327137976884842,0.8350326418876648,0.4695875346660614,-1.6656290292739868,0.21513904631137848,3.026475667953491,-2.1219308376312256,4.353871822357178
60987.170934046,-0.40635567903518677,-0.14606337249279022,0.16110844910144806,-0.31301161646842957,0.012339026667177677,-2.1219308376312256,4.353871822357178,-0.03757853806018829,0.24798575043678284,0.39634138345718384,-1.5540719032287598,-0.6159716248512268,6.412496089935303,-2.7926862239837646,5.00527811050415
60987.205642379,-0.40635567903518677,-0.2761869728565216,0.16918833553791046,-0.32758957147598267,0.022762132808566093,-2.7926862239837646,5.00527811050415,-0.05372977256774902,0.20512449741363525,0.36909615993499756,-1.5449577569961548,-0.6592421531677246,6.5298991203308105,-3.0063579082489014,5.450482368469238
60987.237151995,-0.40635567903518677,-0.41382136940956116,0.18094201385974884,-0.34772348403930664,0.031536079943180084,-3.0063579082489014,5.450482368469238,-0.05575745552778244,0.3825733959674835,0.39773792028427124,-1.7960026264190674,-0.421269953250885,15.068719863891602,-3.531660556793213,5.8845624923706055
60987.287108197,-0.40635567903518677,-0.5547179579734802,0.19843722879886627,-0.35172751545906067,0.04806910455226898,-3.531660556793213,5.8845624923706055,-0.06278503686189651,0.47203439474105835,0.3794694244861603,-1.8540583848953247,-0.29436439275741577,10.551640510559082,-4.138817310333252,6.358698844909668
60987.321605118,-0.40635567903518677,-0.6967918276786804,0.22317750751972198,-0.35425230860710144,0.06698443740606308,-4.138817310333252,6.358698844909668,-0.05816650390625,0.6735468506813049,0.39185619354248047,-2.0320863723754883,-0.016916867345571518,3.0110795497894287,-4.821946144104004,6.823970794677734
60987.351544602,-0.40635567903518677,-0.8411036133766174,0.2554517686367035,-0.3620789647102356,0.08440248668193817,-4.821946144104004,6.823970794677734,-0.049728453159332275,0.7294777035713196,0.38147106766700745,-2.1970698833465576,-0.5569891929626465,5.640728950500488,-5.534426689147949,7.455491065979004
60987.380262637,-0.40635567903518677,-0.9892880916595459,0.29709920287132263,-0.3706769645214081,0.11029515415430069,-5.534426689147949,7.455491065979004,-0.03521464020013809,0.5183582305908203,0.2812003493309021,-2.6850574016571045,-6.113938331604004,32.65664291381836,-6.524779319763184,8.233306884765625
60987.4019583,-0.40635567903518677,-1.141791582107544,0.34807902574539185,-0.3823952376842499,0.13364136219024658,-6.524779319763184,8.233306884765625,-0.03753448277711868,0.7548591494560242,0.28721025586128235,-2.437344789505005,-0.07255549728870392,3.0123651027679443,-8.083308219909668,9.062997817993164
60987.42536625,-0.40635567903518677,-1.303559422492981,0.4079420566558838,-0.4090971052646637,0.1554419845342636,-8.083308219909668,9.062997817993164,-0.04161203280091286,0.8911675214767456,0.28641435503959656,-2.700493335723877,-0.060013119131326675,2.9844141006469727,-9.607593536376953,9.97715950012207
60987.44587693,-0.40635567903518677,-1.4866527318954468,0.4747507572174072,-0.47107991576194763,0.17126290500164032,-9.607593536376953,9.97715950012207,-0.011029517278075218,1.1299439668655396,0.31512224674224854,-3.1659469604492188,-0.05938156321644783,2.9310028553009033,-10.927087783813477,10.852594375610352
60987.460679013,-0.40635567903518677,-1.6961157321929932,0.5481653213500977,-0.541057288646698,0.18792083859443665,-10.927087783813477,10.852594375610352,-0.04639383405447006,1.274839997291565,0.3225693106651306,-3.7215912342071533,-0.027601156383752823,2.7868032455444336,-11.007633209228516,11.376110076904297
60987.484689642,-0.40635567903518677,-1.9325814247131348,0.6298702955245972,-0.6073355078697205,0.2103317528963089,-11.007633209228516,11.376110076904297,-0.024548757821321487,1.500292420387268,0.31130942702293396,-4.342840194702148,-0.09572325646877289,2.7604336738586426,-8.592278480529785,11.204469680786133
60987.516566459,-0.40635567903518677,-2.1906774044036865,0.7232778072357178,-0.6531569361686707,0.24251298606395721,-8.592278480529785,11.204469680786133,-0.03153201937675476,1.7470489740371704,0.30433788895606995,-5.2792253494262695,-0.24169178307056427,2.8261120319366455,-4.692319393157959,9.6261625289917
60987.542953175,-0.40635567903518677,-2.419909954071045,0.838065505027771,-0.5445201992988586,0.3020818531513214,-4.692319393157959,9.6261625289917,-0.03494209796190262,1.9744797945022583,0.316679447889328,-6.296990871429443,-0.25298959016799927,3.0719566345214844,-2.440189838409424,7.435390472412109
60987.568833272,-0.40635567903518677,-2.6073312759399414,0.9735656976699829,-0.44296693801879883,0.35430073738098145,-2.440189838409424,7.435390472412109,0.028521429747343063,1.7188359498977661,0.11075934767723083,-5.958678245544434,-0.09296022355556488,3.195777416229248,0.02449697069823742,4.707855224609375
60987.593144802,-0.40635567903518677,-2.756389617919922,1.1294409036636353,-0.3503216803073883,0.40076228976249695,0.02449697069823742,4.707855224609375,0.1131628230214119,1.4059264659881592,-0.09194280207157135,-5.493703365325928,0.10049303621053696,3.0959484577178955,2.3843283653259277,1.4848577976226807
60987.613842305,-0.40635567903518677,-2.7311527729034424,1.3026082515716553,0.06470868736505508,0.4304390847682953,2.3843283653259277,1.4848577976226807,0.10822529345750809,1.5447641611099243,-0.07522094994783401,-5.9170942306518555,0.2341107577085495,2.888988971710205,0.6815328001976013,-1.60276460647583
60987.635017847,-0.40635567903518677,-2.664334297180176,1.3141480684280396,0.18369321525096893,-0.02273801900446415,0.6815328001976013,-1.60276460647583,0.09164315462112427,1.6968519687652588,-0.05718208849430084,-6.4774885177612305,0.39223846793174744,2.8416895866394043,-3.283135414123535,-1.2718244791030884
60987.659498809,-0.40635567903518677,-2.5764987468719482,1.2944289445877075,0.23087452352046967,-0.05609171465039253,-3.283135414123535,-1.2718244791030884,0.11045652627944946,1.6367243528366089,-0.05626823380589485,-7.022611141204834,1.4327198266983032,16.40069007873535,-7.784292697906494,-1.0309727191925049
60987.679893992,-0.40635567903518677,-2.4649133682250977,1.2709121704101562,0.2963120639324188,-0.06090320274233818,-7.784292697906494,-1.0309727191925049,-0.07123824208974838,-0.7164655923843384,0.018211791291832924,-5.5498199462890625,4.668567180633545,48.12542724609375,-11.21912670135498,-0.9121856093406677
60987.694707482,-0.40635567903518677,-2.3323564529418945,1.2427130937576294,0.3411884605884552,-0.07389601320028305,-11.21912670135498,-0.9121856093406677,-0.1029103696346283,-0.7815003991127014,0.019095543771982193,-5.3214240074157715,2.0053763389587402,12.966176986694336,-10.678271293640137,-1.0394892692565918
60987.715034771,-0.40635567903518677,-2.2248005867004395,1.2039852142333984,0.24536602199077606,-0.104259192943573,-10.678271293640137,-1.0394892692565918,-0.07742688059806824,-0.686682403087616,0.029379267245531082,-5.072757720947266,0.3518446087837219,3.0721545219421387,-9.300882339477539,-0.8294936418533325
60987.736560385,-0.40635567903518677,-2.155280113220215,1.1544044017791748,0.1495652049779892,-0.13024921715259552,-9.300882339477539,-0.8294936418533325,-0.08346567302942276,-0.41233664751052856,0.058594200760126114,-4.787750244140625,0.2993956208229065,2.7941653728485107,-7.925612449645996,-0.5999822616577148
60987.761763416,-0.40635567903518677,-2.112708330154419,1.0971654653549194,0.0905403420329094,-0.1472906917333603,-7.925612449645996,-0.5999822616577148,-0.1252279430627823,-0.49267375469207764,0.08602743595838547,-4.758376121520996,3.8738303184509277,20.72791290283203,-5.999472618103027,-0.4740366041660309
60987.78235598,-0.40635567903518677,-2.078650951385498,1.0376367568969727,0.08311385661363602,-0.14874452352523804,-5.999472618103027,-0.4740366041660309,-0.1568911373615265,-0.7025167942047119,0.1784263551235199,-4.855617523193359,3.7747890949249268,20.61513900756836,-5.169672966003418,-0.5943382978439331
60987.810107312,-0.40635567903518677,-2.025465726852417,0.9807360768318176,0.14911861717700958,-0.1400277316570282,-5.169672966003418,-0.5943382978439331,-0.19544671475887299,-0.838172972202301,0.24100804328918457,-4.9275431632995605,0.08794445544481277,3.0531160831451416,-5.246045112609863,-0.7875356674194336
60987.858667885,-0.40635567903518677,-1.948555827140808,0.927078902721405,0.20720314979553223,-0.13076506555080414,-5.246045112609863,-0.7875356674194336,-0.2148025780916214,-0.9903438091278076,0.26312708854675293,-4.993452072143555,0.995343804359436,10.955477714538574,-5.002400875091553,-1.0806941986083984
60987.888854675,-0.40635567903518677,-1.8467341661453247,0.8774785399436951,0.26970380544662476,-0.12276291102170944,-5.002400875091553,-1.0806941986083984,-0.2164900302886963,-1.2149044275283813,0.27585160732269287,-5.076566696166992,1.0131349563598633,11.050813674926758,-4.630363941192627,-1.2843031883239746
60987.920225721,-0.40635567903518677,-1.7233531475067139,0.8277360796928406,0.3170282542705536,-0.12643544375896454,-4.630363941192627,-1.2843031883239746,-0.20285241305828094,-1.2003657817840576,0.2717280983924866,-4.895773410797119,0.43589475750923157,7.335449695587158,-4.189024448394775,-1.1502381563186646
60987.947808316,-0.40635567903518677,-1.5832273960113525,0.7771594524383545,0.3593486249446869,-0.128636434674263,-4.189024448394775,-1.1502381563186646,-0.22425849735736847,-1.7454261779785156,0.2929747700691223,-5.969812393188477,4.915047645568848,52.466712951660156,-3.1831765174865723,-0.2582321763038635
60987.974536889,-0.40635567903518677,-1.4287735223770142,0.7214040756225586,0.3922816216945648,-0.1439007818698883,-3.1831765174865723,-0.2582321763038635,-0.20926059782505035,-1.6078978776931763,0.28165122866630554,-5.0811262130737305,0.03403704985976219,3.1614532470703125,-3.4026498794555664,0.9982913732528687
60988.002252585,-0.40635567903518677,-1.2580026388168335,0.6589352488517761,0.4350895881652832,-0.16083720326423645,-3.4026498794555664,0.9982913732528687,-0.20304805040359497,-1.3888278007507324,0.31486818194389343,-4.392885684967041,-0.006128088571131229,3.138705015182495,-3.6912906169891357,2.9120445251464844
60988.029826925,-0.40635567903518677,-1.0849987268447876,0.5904146432876587,0.4254424571990967,-0.17692986130714417,-3.6912906169891357,2.9120445251464844,-0.16572299599647522,-1.5490487813949585,0.2919003367424011,-4.685305118560791,0.4294309616088867,30.505151748657227,-2.267552375793457,5.600396633148193
60988.05443151,-0.40635567903518677,-0.9214990139007568,0.5291348099708557,0.40280890464782715,-0.1497354507446289,-2.267552375793457,5.600396633148193,-0.16491955518722534,-1.8124547004699707,0.2585558593273163,-4.2215776443481445,-0.20523077249526978,-9.623664855957031,-1.5984941720962524,6.481348514556885
60988.077427947,-0.40635567903518677,-0.7505864500999451,0.4797283113002777,0.4328990578651428,-0.11607277393341064,-1.5984941720962524,6.481348514556885,-0.1706496775150299,-1.8178224563598633,0.27310091257095337,-4.334826946258545,-0.03319282829761505,2.9083001613616943,-0.46073073148727417,6.921207427978516
60988.092270559,-0.40635567903518677,-0.568537712097168,0.44114261865615845,0.45976075530052185,-0.0916488915681839,-0.46073073148727417,6.921207427978516,-0.12359535694122314,-1.4796730279922485,0.26280876994132996,-3.0845344066619873,-0.08482527732849121,2.927201986312866,-0.7081700563430786,6.278964996337891
60988.112472094,-0.40635567903518677,-0.37202227115631104,0.41005244851112366,0.498096227645874,-0.07378636300563812,-0.7081700563430786,6.278964996337891,-0.10805108398199081,-1.4130756855010986,0.25539684295654297,-2.8347673416137695,-0.06603274494409561,2.916619062423706,-0.7740995287895203,5.915428638458252
60988.133586747,-0.40635567903518677,-0.1745651513338089,0.3822040855884552,0.4898069500923157,-0.06933965533971786,-0.7740995287895203,5.915428638458252,-0.10187942534685135,-1.1366714239120483,0.26624321937561035,-2.0521628856658936,0.0761823058128357,2.863882064819336,-1.1831523180007935,5.544264793395996
60988.160648934,-0.40635567903518677,0.011017141863703728,0.3524865210056305,0.45344048738479614,-0.07672921568155289,-1.1831523180007935,5.544264793395996,-0.0766623318195343,-0.9446696043014526,0.28199684619903564,-1.5338807106018066,0.286141574382782,2.7968647480010986,-1.5229912996292114,5.380313396453857
60988.180802191,-0.40635567903518677,0.1734764128923416,0.3176102936267853,0.3907192647457123,-0.09064923971891403,-1.5229912996292114,5.380313396453857,-0.08214384317398071,-0.8136120438575745,0.3043501377105713,-1.3018453121185303,0.4305912256240845,2.8137431144714355,-1.7599899768829346,5.36915397644043
60988.195558475,-0.40635567903518677,0.3108086884021759,0.2781062722206116,0.3271878659725189,-0.10093611478805542,-1.7599899768829346,5.36915397644043,-0.038386888802051544,-0.5420591831207275,0.3428018391132355,-0.8839934468269348,0.5051991939544678,2.8647475242614746,-1.9599858522415161,5.201723098754883
60988.218255609,-0.40635567903518677,0.29005613923072815,0.23603253066539764,-0.046272795647382736,-0.09883695840835571,-1.9599858522415161,5.201723098754883,-0.0652494803071022,-0.40695542097091675,0.347103089094162,-0.7280571460723877,0.46802738308906555,2.910722255706787,-1.057393193244934,5.528102874755859
60988.242401154,-0.40635567903518677,0.2610207796096802,0.20653939247131348,-0.0853758379817009,-0.06592151522636414,-1.057393193244934,5.528102874755859,-0.03871243819594383,-0.1702057123184204,0.3784516751766205,-0.5938321352005005,0.021021882072091103,3.1589837074279785,-1.5117470026016235,4.9125213623046875
60988.262749786,-0.40635567903518677,0.20930086076259613,0.1874801218509674,-0.1436815708875656,-0.04233211651444435,-1.5117470026016235,4.9125213623046875,-0.05255449190735817,0.0018830476328730583,0.3745730221271515,-0.5801235437393188,-0.06957489997148514,3.178015947341919,-1.5883623361587524,4.637946128845215
60988.287548499,-0.40635567903518677,0.132301926612854,0.1752823293209076,-0.2075721025466919,-0.02709757164120674,-1.5883623361587524,4.637946128845215,-0.044308871030807495,0.3204810917377472,0.3788510859012604,-0.6648661494255066,0.12570925056934357,3.0690200328826904,-1.3561228513717651,4.42657470703125
60988.314205292,-0.40635567903518677,0.034239500761032104,0.16756515204906464,-0.25599905848503113,-0.0169705618172884,-1.3561228513717651,4.42657470703125,-0.03957071527838707,0.5020637512207031,0.39484137296676636,-0.8217400312423706,0.19661420583724976,3.018734931945801,-1.5093369483947754,4.470001220703125
60988.341092528,-0.40635567903518677,-0.07466834038496017,0.16372159123420715,-0.2763054370880127,-0.007004303392022848,-1.5093369483947754,4.470001220703125,-0.027470549568533897,0.7672993540763855,0.4020215570926666,-1.2054961919784546,0.18210986256599426,2.9853861331939697,-1.9287325143814087,4.46333122253418
60988.369040375,-0.40635567903518677,-0.18821698427200317,0.164560928940773,-0.2847708463668823,0.005484587512910366,-1.9287325143814087,4.46333122253418,0.00577896274626255,0.8528850078582764,0.41199907660484314,-1.3797411918640137,0.19851768016815186,3.004128932952881,-2.5079379081726074,4.745133399963379
60988.404959906,-0.40635567903518677,-0.30434128642082214,0.1711748242378235,-0.29032525420188904,0.020587274804711342,-2.5079379081726074,4.745133399963379,-0.024527952075004578,1.1066416501998901,0.4336756467819214,-1.9174104928970337,0.09236985445022583,2.970745086669922,-3.2128005027770996,4.985865592956543
60988.435630119,-0.40635567903518677,-0.42340031266212463,0.18427090346813202,-0.2981260120868683,0.03711932525038719,-3.2128005027770996,4.985865592956543,-0.039272747933864594,1.2030128240585327,0.4300144612789154,-2.2127795219421387,0.092793308198452,3.0058953762054443,-3.8239760398864746,5.422092437744141
60988.463563622,-0.40635567903518677,-0.5487050414085388,0.20283624529838562,-0.31813737750053406,0.04789404571056366,-3.8239760398864746,5.422092437744141,-0.050986725836992264,0.9201309680938721,0.4054446518421173,-2.741579532623291,0.3510798513889313,41.684349060058594,-4.20365571975708,6.163120269775391
60988.492568932,-0.40635567903518677,-0.6821994781494141,0.22900956869125366,-0.3362347483634949,0.07039989531040192,-4.20365571975708,6.163120269775391,-0.08009257167577744,0.3297883868217468,0.3965843915939331,-2.6303200721740723,0.6643041968345642,82.4289321899414,-4.789175510406494,6.811034202575684
60988.521551209,-0.40635567903518677,-0.8197563290596008,0.26273342967033386,-0.3444676101207733,0.08939269930124283,-4.789175510406494,6.811034202575684,-0.042878635227680206,0.5976288318634033,0.361931174993515,-2.0758767127990723,-0.01039687916636467,3.014413833618164,-5.592070579528809,7.390121936798096
60988.549370662,-0.40635567903518677,-0.9611607193946838,0.3046209216117859,-0.35441482067108154,0.11031599342823029,-5.592070579528809,7.390121936798096,-0.06242138519883156,0.7965983152389526,0.3561655282974243,-2.3919119834899902,-0.025438526645302773,3.007465362548828,-6.621638774871826,8.081971168518066
60988.571269878,-0.40635567903518677,-1.1094658374786377,0.3548858165740967,-0.3738629221916199,0.13120925426483154,-6.621638774871826,8.081971168518066,-0.06599797308444977,1.0598098039627075,0.38301023840904236,-2.9448139667510986,-0.02095828764140606,2.9214890003204346,-8.054351806640625,8.956110954284668
60988.596151322,-0.40635567903518677,-1.273020625114441,0.41138309240341187,-0.4164451062679291,0.14790378510951996,-8.054351806640625,8.956110954284668,-0.04842778667807579,1.0519933700561523,0.3910439610481262,-2.937772750854492,-0.05649848282337189,2.9538657665252686,-9.324999809265137,9.936904907226562
60988.616505355,-0.40635567903518677,-1.459336519241333,0.4748719334602356,-0.47992855310440063,0.16255676746368408,-9.324999809265137,9.936904907226562,-0.025002572685480118,0.8225637674331665,0.18456187844276428,-2.738992691040039,-0.0990188717842102,2.9853310585021973,-10.60832691192627,10.689966201782227
60988.631354843,-0.40635567903518677,-1.672377109527588,0.5445722937583923,-0.5500666499137878,0.17850659787654877,-10.60832691192627,10.689966201782227,-0.028001965954899788,1.0408821105957031,0.20271137356758118,-3.2287516593933105,-0.034588221460580826,2.8025290966033936,-11.034647941589355,11.269336700439453
60988.651683463,-0.40635567903518677,-1.9125607013702393,0.6224697232246399,-0.6167278289794922,0.20082072913646698,-11.034647941589355,11.269336700439453,-0.015712685883045197,1.2366129159927368,0.19378428161144257,-3.700338840484619,-0.08094741404056549,2.7997920513153076,-9.2630033493042,11.280853271484375
60988.672564925,-0.40635567903518677,-2.174830913543701,0.7121261358261108,-0.6644922494888306,0.23312781751155853,-9.2630033493042,11.280853271484375,-0.030208595097064972,1.4312717914581299,0.2132350206375122,-4.312602519989014,-0.19915884733200073,2.858642101287842,-5.387063026428223,9.967771530151367
60988.696913933,-0.40635567903518677,-2.417262554168701,0.8221051692962646,-0.5839483141899109,0.2893369495868683,-5.387063026428223,9.967771530151367,-0.010918373242020607,1.6351406574249268,0.2078309804201126,-5.0902557373046875,-0.24484550952911377,3.039324998855591,-3.1292154788970947,8.056305885314941
60988.717855339,-0.40635567903518677,-2.6168930530548096,0.9546211361885071,-0.4724968373775482,0.34433555603027344,-3.1292154788970947,8.056305885314941,0.002864403650164604,1.7732189893722534,0.19169335067272186,-5.6305084228515625,-0.2008959949016571,3.171318769454956,-0.6897619366645813,5.572578430175781
60988.732433658,-0.40635567903518677,-2.777517318725586,1.1061630249023438,-0.37914156913757324,0.38982024788856506,-0.6897619366645813,5.572578430175781,-0.01340240053832531,1.9884309768676758,0.21946555376052856,-6.5967183113098145,0.05057460814714432,2.958052158355713,2.3640339374542236,1.974646806716919
60988.752633479,-0.40635567903518677,-2.7424254417419434,1.283362627029419,0.088116854429245,0.44491371512413025,2.3640339374542236,1.974646806716919,-0.025384580716490746,2.1227779388427734,0.24312855303287506,-7.270954608917236,0.16830967366695404,2.8301634788513184,0.8574978709220886,-1.4883534908294678
60988.773444381,-0.40635567903518677,-2.6681902408599854,1.3035870790481567,0.20218776166439056,-0.0021558532025665045,0.8574978709220886,-1.4883534908294678,-0.01754995621740818,2.304905652999878,0.26909124851226807,-8.185674667358398,0.29422569274902344,2.8815560340881348,-3.4327166080474854,-1.316211462020874
60988.798537954,-0.40635567903518677,-2.5747475624084473,1.2923787832260132,0.24743226170539856,-0.029078811407089233,-3.4327166080474854,-1.316211462020874,-0.027561696246266365,2.0903162956237793,0.2086009979248047,-8.352740287780762,0.046696919947862625,5.574216842651367,-7.896567344665527,-1.1946089267730713
60988.818942227,-0.40635567903518677,-2.4553308486938477,1.2772202491760254,0.316384881734848,-0.04100732132792473,-7.896567344665527,-1.1946089267730713,-0.047944433987140656,-0.4704284965991974,-0.041683852672576904,-5.346213340759277,-1.8686890602111816,20.000476837158203,-12.099408149719238,-0.9958877563476562
60988.833562007,-0.40635567903518677,-2.3168649673461914,1.2561091184616089,0.3541293740272522,-0.05691203102469444,-12.099408149719238,-0.9958877563476562,-0.020379096269607544,-0.47625893354415894,-0.05863320082426071,-5.042501449584961,-0.6424781680107117,5.443131923675537,-11.410343170166016,-1.1388529539108276
60988.854202367,-0.40635567903518677,-2.2039499282836914,1.2237354516983032,0.2589375674724579,-0.08854959160089493,-11.410343170166016,-1.1388529539108276,-0.008300124667584896,-0.31572991609573364,-0.05782449617981911,-4.829878330230713,0.26928409934043884,2.94972562789917,-10.007468223571777,-0.879271388053894
60988.875664145,-0.40635567903518677,-2.1296796798706055,1.1800775527954102,0.16079643368721008,-0.11536817997694016,-10.007468223571777,-0.879271388053894,-0.04313511401414871,-0.2983544170856476,-0.02859768271446228,-4.766124248504639,1.0954132080078125,6.860683441162109,-8.450018882751465,-0.5902106165885925
60988.900119643,-0.40635567903518677,-2.0932888984680176,1.1274617910385132,0.06747518479824066,-0.13689176738262177,-8.450018882751465,-0.5902106165885925,-0.09351671487092972,-0.5458827018737793,0.04324209690093994,-4.831450939178467,2.170823812484741,12.234435081481934,-6.392510414123535,-0.3128841817378998
60988.920096876,-0.40635567903518677,-2.074748992919922,1.0696686506271362,0.038395773619413376,-0.1466733068227768,-6.392510414123535,-0.3128841817378998,-0.15540218353271484,-0.5963836908340454,0.13737595081329346,-4.789573669433594,1.8478953838348389,10.008949279785156,-5.221030235290527,-0.3030904233455658
60988.934994929,-0.40635567903518677,-2.0420427322387695,1.0131208896636963,0.0949774757027626,-0.13980364799499512,-5.221030235290527,-0.3030904233455658,-0.16285942494869232,-0.6683275103569031,0.1966935694217682,-4.748160362243652,2.4522666931152344,13.196014404296875,-5.306093692779541,-0.5980614423751831
60988.957272095,-0.40635567903518677,-1.9865529537200928,0.9594184756278992,0.153566375374794,-0.13126221299171448,-5.306093692779541,-0.5980614423751831,-0.17805957794189453,-0.7518463730812073,0.19575592875480652,-4.811221599578857,0.15211014449596405,7.3167033195495605,-5.596652030944824,-0.8062433004379272
60988.986230176,-0.40635567903518677,-1.9058811664581299,0.9098321795463562,0.21796417236328125,-0.1223009005188942,-5.596652030944824,-0.8062433004379272,-0.2072163075208664,-1.2147144079208374,0.21974745392799377,-5.32811164855957,0.5583934783935547,19.458940505981445,-5.082126617431641,-1.077770709991455
60989.013838482,-0.40635567903518677,-1.8064098358154297,0.8602150082588196,0.2554067373275757,-0.12609471380710602,-5.082126617431641,-1.077770709991455,-0.21425895392894745,-1.1399236917495728,0.2023245394229889,-4.928603172302246,0.6525396704673767,11.00206470489502,-4.3754801750183105,-1.2167079448699951
60989.038020241,-0.40635567903518677,-1.690426230430603,0.8098804950714111,0.2998320758342743,-0.1277133673429489,-4.3754801750183105,-1.2167079448699951,-0.19432222843170166,-1.5724152326583862,0.21278657019138336,-5.637553691864014,3.0083041191101074,40.48563003540039,-3.8437907695770264,-1.0588232278823853
60989.076962493,-0.40635567903518677,-1.5541667938232422,0.7556381225585938,0.3517710864543915,-0.13908237218856812,-3.8437907695770264,-1.0588232278823853,-0.18751782178878784,-1.4149227142333984,0.2204352170228958,-4.874334335327148,0.049333520233631134,3.1633248329162598,-3.795708179473877,-0.25827333331108093
60989.121829392,-0.40635567903518677,-1.4005295038223267,0.6947430372238159,0.3899017870426178,-0.1579534262418747,-3.795708179473877,-0.25827333331108093,-0.17572785913944244,-1.3146393299102783,0.2516375184059143,-4.442663669586182,0.08526255935430527,7.589587211608887,-3.7053632736206055,1.3560822010040283
60989.155912737,-0.40635567903518677,-1.2410285472869873,0.6268008351325989,0.39920923113822937,-0.17552419006824493,-3.7053632736206055,1.3560822010040283,-0.19255056977272034,-1.6632815599441528,0.21222186088562012,-5.09633207321167,0.6929481029510498,37.83503723144531,-2.5836775302886963,3.916379451751709
60989.182681198,-0.40635567903518677,-1.082334280014038,0.5558106899261475,0.3940396308898926,-0.17930398881435394,-2.5836775302886963,3.916379451751709,-0.1406378149986267,-1.3137843608856201,0.23873469233512878,-3.6854641437530518,0.024843204766511917,3.0086891651153564,-3.8809776306152344,5.132022857666016
60989.205328312,-0.40635567903518677,-0.9115447402000427,0.4985805153846741,0.43582865595817566,-0.1339266002178192,-3.8809776306152344,5.132022857666016,-0.12574753165245056,-1.1187586784362793,0.23388245701789856,-3.0483310222625732,-0.13748794794082642,3.044614553451538,-4.019347190856934,5.512626647949219
60989.225260057,-0.40635567903518677,-0.748856782913208,0.4504455626010895,0.39575085043907166,-0.11700021475553513,-4.019347190856934,5.512626647949219,-0.10545580089092255,-0.99904865026474,0.2411356270313263,-2.77591872215271,-0.004356571938842535,2.926769733428955,-3.735851287841797,5.393572807312012
60989.241131282,-0.40635567903518677,-0.6112720370292664,0.40215301513671875,0.32834482192993164,-0.11764033138751984,-3.735851287841797,5.393572807312012,-0.10648925602436066,-0.9632319211959839,0.2081238180398941,-2.606350898742676,0.08826974034309387,2.8176820278167725,-3.1192033290863037,5.50101375579834
60989.261685171,-0.40635567903518677,-0.49586278200149536,0.35547950863838196,0.2752932906150818,-0.116551972925663,-3.1192033290863037,5.50101375579834,-0.07331578433513641,-1.2037434577941895,0.04366118833422661,-2.52204966545105,0.17737406492233276,2.8697381019592285,-2.1270463466644287,5.724558353424072
60989.287988499,-0.40635567903518677,-0.3982940912246704,0.3101567327976227,0.2321671098470688,-0.11207167059183121,-2.1270463466644287,5.724558353424072,-0.0812552198767662,-1.1414494514465332,0.05612924322485924,-2.320711612701416,0.2355758249759674,2.845165729522705,-1.9541758298873901,5.805390357971191
60989.308133195,-0.40635567903518677,-0.3103753328323364,0.269087553024292,0.21391141414642334,-0.09933151304721832,-1.9541758298873901,5.805390357971191,-0.0661977231502533,-0.8661098480224609,0.050401076674461365,-1.6682883501052856,0.15801973640918732,2.9466381072998047,-2.7675561904907227,5.24141263961792
60989.322901271,-0.40635567903518677,-0.2326587289571762,0.23367169499397278,0.18667419254779816,-0.08494782447814941,-2.7675561904907227,5.24141263961792,-0.07737064361572266,-0.6639429926872253,0.0728239044547081,-1.2872430086135864,0.12803784012794495,3.00075364112854,-3.4223341941833496,4.608021259307861
60989.343055079,-0.40635567903518677,-0.1754271537065506,0.20294100046157837,0.1290302723646164,-0.07408838719129562,-3.4223341941833496,4.608021259307861,-0.06533048301935196,-0.4655536711215973,0.090885229408741,-1.059717059135437,0.13538557291030884,3.0037271976470947,-3.666961669921875,4.18626594543457
60989.363878588,-0.40635567903518677,-0.1402806043624878,0.17700724303722382,0.07420536130666733,-0.061576105654239655,-3.666961669921875,4.18626594543457,-0.055455394089221954,-0.24204379320144653,0.09670878946781158,-0.8872053027153015,0.17412900924682617,3.014275550842285,-3.690404176712036,3.8673949241638184
60989.388491789,-0.40635567903518677,-0.1270100623369217,0.1565973460674286,0.01947542279958725,-0.0474107600748539,-3.690404176712036,3.8673949241638184,-0.04297247901558876,0.05436939746141434,0.11294789612293243,-0.7908758521080017,0.1760576218366623,3.0262022018432617,-3.543240547180176,3.7304015159606934
60989.408519675,-0.40635567903518677,-0.13572199642658234,0.1420600265264511,-0.03555227443575859,-0.032652847468853,-3.543240547180176,3.7304015159606934,-0.018093425780534744,0.09300704300403595,0.12707123160362244,-0.797733724117279,0.1583584100008011,3.041569709777832,-3.4033255577087402,3.927682638168335
60989.423308266,-0.40635567903518677,-0.1664908230304718,0.13328859210014343,-0.09071359783411026,-0.018445057794451714,-3.4033255577087402,3.927682638168335,-0.03843072056770325,0.27451470494270325,0.10406645387411118,-0.8906497359275818,0.15081839263439178,3.047168493270874,-3.240938425064087,4.09764289855957
60989.443513983,-0.40635567903518677,-0.21931038796901703,0.12975916266441345,-0.14581769704818726,-0.0057783606462180614,-3.240938425064087,4.09764289855957,-0.016111962497234344,0.5259724259376526,0.15416018664836884,-1.1392008066177368,0.17045539617538452,3.0358786582946777,-3.18619966506958,4.373497486114502
60989.464557485,-0.40635567903518677,-0.29365724325180054,0.13072223961353302,-0.1984080672264099,0.005058381240814924,-3.18619966506958,4.373497486114502,-0.007574510760605335,0.7583504319190979,0.16066443920135498,-1.45993971824646,0.19593921303749084,2.9835612773895264,-3.2028744220733643,4.638360023498535
60989.489348139,-0.40635567903518677,-0.3843250274658203,0.1362307071685791,-0.23485712707042694,0.01683812215924263,-3.2028744220733643,4.638360023498535,-0.007214288227260113,0.8575828671455383,0.17676974833011627,-1.6816272735595703,0.18183313310146332,2.9755115509033203,-3.5521841049194336,4.979034423828125
60989.510010365,-0.40635567903518677,-0.4852321743965149,0.14720076322555542,-0.2567655146121979,0.03124837949872017,-3.5521841049194336,4.979034423828125,0.0033400580286979675,1.1882950067520142,0.17694541811943054,-2.4003944396972656,0.09854810684919357,2.9789440631866455,-4.0302581787109375,5.241946220397949
60989.524532496,-0.40635567903518677,-0.5957266092300415,0.16399125754833221,-0.2805224657058716,0.04731809347867966,-4.0302581787109375,5.241946220397949,-0.01904672384262085,0.9419733285903931,0.21151122450828552,-2.379310131072998,-0.41993850469589233,4.009067058563232,-4.5391082763671875,5.871212959289551
60989.545058148,-0.40635567903518677,-0.7147229909896851,0.187904492020607,-0.30126315355300903,0.06409431993961334,-4.5391082763671875,5.871212959289551,-0.06085237115621567,0.29930660128593445,0.27781304717063904,-1.847899079322815,-1.5093445777893066,6.263567924499512,-4.836489200592041,6.633358955383301
60989.573634168,-0.40635567903518677,-0.8416092991828918,0.21884462237358093,-0.3205445408821106,0.08200445771217346,-4.836489200592041,6.633358955383301,-0.04886191338300705,0.47850432991981506,0.25016382336616516,-1.9868131875991821,-0.7049199938774109,4.52996826171875,-5.506308555603027,7.232717990875244
60989.601657576,-0.40635567903518677,-0.9732965230941772,0.257779598236084,-0.33023008704185486,0.10296019166707993,-5.506308555603027,7.232717990875244,-0.03791936859488487,0.6669908165931702,0.2582399249076843,-2.18733549118042,-0.009203292429447174,2.974573850631714,-6.470621585845947,7.862428188323975
60989.63017473,-0.40635567903518677,-1.110762596130371,0.30537205934524536,-0.3460049033164978,0.1247394010424614,-6.470621585845947,7.862428188323975,-0.03794395923614502,1.0000450611114502,0.2730708420276642,-2.7977914810180664,-0.03741702437400818,2.9626669883728027,-7.821290969848633,8.675968170166016
60989.659541759,-0.40635567903518677,-1.261899471282959,0.35944265127182007,-0.38449785113334656,0.1420411914587021,-7.821290969848633,8.675968170166016,-0.006514272652566433,0.8414458632469177,0.13935482501983643,-2.6860146522521973,-0.09281301498413086,3.0033199787139893,-9.03771686553955,9.575010299682617
60989.687857778,-0.40635567903518677,-1.4347957372665405,0.4205431342124939,-0.4451051354408264,0.15660634636878967,-9.03771686553955,9.575010299682617,-0.002657091710716486,0.8097227811813354,0.07056611776351929,-2.708071708679199,-0.0657375305891037,3.000807046890259,-10.342972755432129,10.360569953918457
60989.71726537,-0.40635567903518677,-1.6335867643356323,0.48753494024276733,-0.5138978362083435,0.1714179813861847,-10.342972755432129,10.360569953918457,0.0010062926448881626,0.9714089035987854,0.056754983961582184,-3.0417449474334717,0.007078740745782852,2.821049451828003,-11.089975357055664,10.973176956176758
60989.738654412,-0.40635567903518677,-1.8595848083496094,0.5618926882743835,-0.581662654876709,0.19128528237342834,-11.089975357055664,10.973176956176758,0.02403784915804863,1.2645963430404663,0.06082647293806076,-3.7860193252563477,-0.07283354550600052,2.8139467239379883,-9.720566749572754,11.17060375213623
60989.764331272,-0.40635567903518677,-2.110344886779785,0.6465173959732056,-0.6406472325325012,0.21908490359783173,-9.720566749572754,11.17060375213623,0.02778111770749092,1.4516656398773193,0.08266261965036392,-4.4164347648620605,-0.1744488626718521,2.8430159091949463,-5.92122220993042,10.144937515258789
60989.784594428,-0.40635567903518677,-2.353713274002075,0.7487900257110596,-0.5942556858062744,0.26868751645088196,-5.92122220993042,10.144937515258789,0.01743951067328453,1.602607011795044,0.08417479693889618,-4.9612836837768555,-0.1945452243089676,2.979445219039917,-3.5511386394500732,8.380021095275879
60989.799285219,-0.40635567903518677,-2.5564396381378174,0.8735107779502869,-0.4792810082435608,0.3253985345363617,-3.5511386394500732,8.380021095275879,0.033440809696912766,1.7486463785171509,0.08360638469457626,-5.545355319976807,-0.17385472357273102,3.113654136657715,-1.3500713109970093,6.156484603881836
60989.819360853,-0.40635567903518677,-2.71870493888855,1.0179332494735718,-0.38244232535362244,0.3722762167453766,-1.3500713109970093,6.156484603881836,0.03411242738366127,1.9158198833465576,0.09728796035051346,-6.244180679321289,0.008388947695493698,3.05846905708313,1.5473047494888306,2.879509210586548
60989.840672473,-0.21013808250427246,-2.710498094558716,1.191545844078064,0.026042094454169273,0.43985113501548767,1.5473047494888306,2.879509210586548,0.06510510295629501,2.158046007156372,0.11369195580482483,-7.5104498863220215,0.27560433745384216,2.7826781272888184,1.220642328262329,-1.1505043506622314
60989.865819039,-0.21013808250427246,-2.6752593517303467,1.2950074672698975,0.13162346184253693,0.10284926742315292,1.220642328262329,-1.1505043506622314,0.05948391929268837,2.2336137294769287,0.10592370480298996,-7.896425724029541,0.27675262093544006,2.9191441535949707,-1.8485673666000366,-1.6300108432769775
60989.887135139,-0.21013808250427246,-2.604623794555664,1.2926045656204224,0.18906623125076294,-0.01221670862287283,-1.8485673666000366,-1.6300108432769775,0.03102022595703602,1.571313738822937,0.08178524672985077,-7.5453948974609375,0.25886332988739014,9.487613677978516,-5.217362880706787,-1.2145179510116577
60989.901680272,-0.21013808250427246,-2.510383129119873,1.282900094985962,0.25218138098716736,-0.028117185458540916,-5.217362880706787,-1.2145179510116577,-0.03735645115375519,-0.15807488560676575,-0.021524347364902496,-5.092612266540527,0.7489259243011475,19.810646057128906,-9.381952285766602,-1.0097692012786865
60989.922126497,-0.21013808250427246,-2.3884503841400146,1.2675471305847168,0.32269203662872314,-0.04148618504405022,-9.381952285766602,-1.0097692012786865,-0.01981835626065731,-0.30031079053878784,-0.05849871784448624,-5.06242036819458,-1.002890706062317,10.077601432800293,-11.146851539611816,-0.9655370712280273
60989.942925251,-0.21013808250427246,-2.2700095176696777,1.2432193756103516,0.2860489785671234,-0.06771966069936752,-11.146851539611816,-0.9655370712280273,0.00882409606128931,-0.27621933817863464,-0.088066965341568,-4.929084300994873,0.3487221300601959,8.077798843383789,-9.594169616699219,-0.7302305698394775
60989.968055273,-0.21013808250427246,-2.1845881938934326,1.2074851989746094,0.1894845813512802,-0.0963321179151535,-9.594169616699219,-0.7302305698394775,-0.03585231676697731,-0.3552912771701813,-0.0057159606367349625,-4.814157485961914,2.4202828407287598,11.74342155456543,-7.685430526733398,-0.37707385420799255
60989.988240401,-0.21013808250427246,-2.128730058670044,1.162697672843933,0.12204810231924057,-0.11690026521682739,-7.685430526733398,-0.37707385420799255,-0.07126646488904953,-0.42437341809272766,0.04796268790960312,-4.7723565101623535,2.444401741027832,10.826943397521973,-6.174570560455322,-0.19451972842216492
60990.003196356,-0.21013808250427246,-2.077880382537842,1.1142805814743042,0.12727902829647064,-0.12206989526748657,-6.174570560455322,-0.19451972842216492,-0.08725204318761826,-0.5045269131660461,0.09364083409309387,-4.779092311859131,1.7980985641479492,12.028942108154297,-5.7387614250183105,-0.23295274376869202
60990.023401242,-0.21013808250427246,-2.010110855102539,1.0675162076950073,0.18136145174503326,-0.115040123462677,-5.7387614250183105,-0.23295274376869202,-0.10986468195915222,-0.671421229839325,0.08950864523649216,-4.984208583831787,0.30929985642433167,17.386703491210938,-6.174391746520996,-0.3964340090751648
60990.044344602,-0.21013808250427246,-1.9202356338500977,1.0253221988677979,0.2374418079853058,-0.10284928232431412,-6.174391746520996,-0.3964340090751648,-0.10804615914821625,-0.7468696236610413,0.07817471772432327,-4.810028076171875,-0.2523886561393738,9.950733184814453,-6.627018928527832,-0.5655129551887512
60990.068715016,-0.21013808250427246,-1.8223885297775269,0.9855385422706604,0.24704281985759735,-0.09639584273099899,-6.627018928527832,-0.5655129551887512,-0.08592619746923447,-1.266574501991272,0.02325776219367981,-5.171375751495361,0.07656247913837433,3.1519341468811035,-5.43622350692749,-0.6222140789031982
60990.089304456,-0.21013808250427246,-1.7295893430709839,0.9458632469177246,0.22583964467048645,-0.10121031105518341,-5.43622350692749,-0.6222140789031982,-0.0998639464378357,-1.1620391607284546,0.021787725389003754,-4.832093238830566,0.12211161851882935,3.0287303924560547,-4.651814937591553,-0.602314829826355
60990.103861675,-0.21013808250427246,-1.6338629722595215,0.9032425284385681,0.24137485027313232,-0.10917919129133224,-4.651814937591553,-0.602314829826355,-0.0972152128815651,-1.1513066291809082,0.048109617084264755,-4.719764709472656,1.4277163743972778,7.81458854675293,-3.476864814758301,-0.6303784251213074
60990.124207753,-0.21013808250427246,-1.5265837907791138,0.8567995429039001,0.275482714176178,-0.1198587417602539,-3.476864814758301,-0.6303784251213074,-0.12614381313323975,-1.225341796875,0.12504920363426208,-4.477690696716309,0.2786095142364502,4.1428093910217285,-3.0265541076660156,-0.5022750496864319
60990.145166498,-0.21013808250427246,-1.400262713432312,0.8052554130554199,0.3290182948112488,-0.12989497184753418,-3.0265541076660156,-0.5022750496864319,-0.13745568692684174,-1.5262588262557983,0.11574084311723709,-4.911412715911865,-0.04166066646575928,3.208639621734619,-2.5992484092712402,0.2050975263118744
60990.169657693,-0.21013808250427246,-1.2524123191833496,0.7492893934249878,0.38029035925865173,-0.14402708411216736,-2.5992484092712402,0.2050975263118744,-0.1448541134595871,-1.6948809623718262,0.11790969967842102,-4.786063194274902,-0.024033619090914726,3.1853790283203125,-2.5102808475494385,1.7456110715866089
60990.188978831,-0.21013808250427246,-1.088972806930542,0.6862396001815796,0.4148777425289154,-0.16270624101161957,-2.5102808475494385,1.7456110715866089,-0.13867142796516418,-1.5693411827087402,0.11870820075273514,-4.323338031768799,-0.03411219269037247,3.1469969749450684,-2.602445602416992,3.86360239982605
60990.212842454,-0.21013808250427246,-0.9176861643791199,0.6221169233322144,0.43042802810668945,-0.1608722060918808,-2.602445602416992,3.86360239982605,-0.12497158348560333,-1.4396450519561768,0.11019086092710495,-3.8776602745056152,-0.010184688493609428,3.1092052459716797,-2.4661917686462402,5.6711320877075195
60990.253704712,-0.21013808250427246,-0.743637204170227,0.5680662393569946,0.43528103828430176,-0.12922906875610352,-2.4661917686462402,5.6711320877075195,-0.09953182935714722,-1.2320762872695923,0.12142590433359146,-3.202681303024292,-0.016588307917118073,3.024298906326294,-2.355264186859131,6.197364807128906
60990.3089451,-0.21013808250427246,-0.5717916488647461,0.5228399038314819,0.4258493483066559,-0.1089029535651207,-2.355264186859131,6.197364807128906,-0.08507928252220154,-0.9502726197242737,0.1323307454586029,-2.5059285163879395,0.03759051486849785,2.892643451690674,-2.92729115486145,5.790309429168701
60990.343571559,-0.21013808250427246,-0.40830862522125244,0.48045897483825684,0.4011704623699188,-0.1055157408118248,-2.92729115486145,5.790309429168701,-0.09977944195270538,-0.7190780639648438,0.14813363552093506,-2.0410146713256836,0.17341330647468567,2.8447043895721436,-3.258145332336426,5.360067367553711
60990.375596528,-0.21013808250427246,-0.2652243971824646,0.437183678150177,0.34386149048805237,-0.10908426344394684,-3.258145332336426,5.360067367553711,-0.09485693275928497,-0.6049280762672424,0.14798444509506226,-1.8914355039596558,0.24268290400505066,2.8500165939331055,-2.9832615852355957,5.230538845062256
60990.403309764,-0.21013808250427246,-0.14570863544940948,0.39262503385543823,0.2848387062549591,-0.10886718332767487,-2.9832615852355957,5.230538845062256,-0.07702448964118958,-0.6603929400444031,0.12247854471206665,-1.730001449584961,0.2088141143321991,2.94469952583313,-2.5382680892944336,5.223097801208496
60990.43044497,-0.21013808250427246,-0.04813327267765999,0.35036277770996094,0.23022496700286865,-0.10450615733861923,-2.5382680892944336,5.223097801208496,-0.07853149622678757,-0.7516309022903442,0.07172462344169617,-1.7465523481369019,0.16697564721107483,2.9793708324432373,-2.106959819793701,5.2426438331604
60990.452827457,-0.21013808250427246,0.027138134464621544,0.3107788860797882,0.17400997877120972,-0.0967186763882637,-2.106959819793701,5.2426438331604,-0.044864606112241745,-0.5001551508903503,0.08938493579626083,-1.4241913557052612,0.27874717116355896,2.9577574729919434,-2.2008185386657715,5.066806793212891
60990.473562281,-0.21013808250427246,0.07942976802587509,0.27570995688438416,0.11619015038013458,-0.08428627997636795,-2.2008185386657715,5.066806793212891,-0.0423937663435936,-0.21302750706672668,0.0991831049323082,-1.1796376705169678,0.17030633985996246,3.025879383087158,-2.231757640838623,4.663666725158691
60990.48873579,-0.21013808250427246,0.10826289653778076,0.24682024121284485,0.05731586739420891,-0.06792754679918289,-2.231757640838623,4.663666725158691,-0.020260652527213097,-0.017802057787775993,0.12276432663202286,-1.1682591438293457,0.15827491879463196,3.066734790802002,-2.138012409210205,4.326930046081543
60990.509030505,-0.21013808250427246,0.1133771538734436,0.22525665163993835,-0.0020816249307245016,-0.0491078644990921,-2.138012409210205,4.326930046081543,-0.04140523821115494,0.15769675374031067,0.12366313487291336,-1.1934728622436523,0.1127215251326561,3.0710508823394775,-2.0933878421783447,4.132729530334473
60990.530620607,-0.21013808250427246,0.09469790011644363,0.21142099797725677,-0.06156065687537193,-0.029797036200761795,-2.0933878421783447,4.132729530334473,-0.04598753899335861,0.29556041955947876,0.12342262268066406,-1.2594555616378784,0.10830588638782501,3.0760481357574463,-2.1314339637756348,4.139224052429199
60990.554742443,-0.21013808250427246,0.052113231271505356,0.20492646098136902,-0.12135381996631622,-0.011638815514743328,-2.1314339637756348,4.139224052429199,-0.030965078622102737,0.4687420725822449,0.1563694328069687,-1.3980542421340942,0.09988860040903091,3.1364362239837646,-2.1304030418395996,4.313296318054199
60990.57659489,-0.21013808250427246,-0.013774746097624302,0.20498377084732056,-0.17852097749710083,0.0038417831528931856,-2.1304030418395996,4.313296318054199,-0.04164698347449303,0.12927038967609406,0.18550026416778564,-1.336639642715454,0.02152244932949543,5.196174144744873,-2.597710132598877,4.837294578552246
60990.591254938,-0.21013808250427246,-0.09869100898504257,0.21029797196388245,-0.22222979366779327,0.016502171754837036,-2.597710132598877,4.837294578552246,-0.022392014041543007,0.16503195464611053,0.2185017466545105,-1.3424603939056396,0.6102206707000732,5.1121649742126465,-2.5352025032043457,5.143401145935059
60990.611616604,-0.21013808250427246,-0.2015451341867447,0.21980687975883484,-0.26697078347206116,0.02609950862824917,-2.5352025032043457,5.143401145935059,-0.03306439518928528,0.21642890572547913,0.2175503522157669,-1.3885924816131592,0.9080382585525513,6.4238600730896,-2.699634552001953,5.5520429611206055
60990.632798894,-0.21013808250427246,-0.31554684042930603,0.23378102481365204,-0.28957614302635193,0.03790218383073807,-2.699634552001953,5.5520429611206055,-0.029395192861557007,0.34751084446907043,0.2497064173221588,-1.4993900060653687,0.17964953184127808,3.0099759101867676,-3.097059965133667,5.867057800292969
60990.657065163,-0.21013808250427246,-0.43523091077804565,0.253215491771698,-0.3008114993572235,0.05255964398384094,-3.097059965133667,5.867057800292969,-0.04156539961695671,0.4801172912120819,0.3182191550731659,-1.6608469486236572,0.11146758496761322,3.007619857788086,-3.640288829803467,6.222216606140137
60990.677304226,-0.21013808250427246,-0.558881938457489,0.279187947511673,-0.309844434261322,0.0700591430068016,-3.640288829803467,6.222216606140137,-0.028463173657655716,0.48371097445487976,0.3053398132324219,-1.7905826568603516,0.011790618300437927,3.0240728855133057,-4.234187602996826,6.666171550750732
60990.692041632,-0.21013808250427246,-0.6861022114753723,0.31283921003341675,-0.3188118636608124,0.08915525674819946,-4.234187602996826,6.666171550750732,-0.055563680827617645,0.6122756600379944,0.3135583698749542,-1.9484281539916992,0.008614814840257168,2.988964319229126,-4.8397216796875,7.138807773590088
60990.712722429,-0.21013808250427246,-0.817624032497406,0.35436564683914185,-0.33009323477745056,0.10909459739923477,-4.8397216796875,7.138807773590088,-0.041725531220436096,0.6880078911781311,0.3076978325843811,-2.0684475898742676,0.011507890187203884,2.998290538787842,-5.664577484130859,7.707856178283691
60990.740821053,-0.21013808250427246,-0.9558717608451843,0.40320393443107605,-0.3477613031864166,0.1288164108991623,-5.664577484130859,7.707856178283691,-0.043665774166584015,0.8058587908744812,0.26055702567100525,-2.3816006183624268,-0.0144999660551548,2.992561101913452,-6.780719757080078,8.311826705932617
60990.769217741,-0.21013808250427246,-1.1027954816818237,0.460633784532547,-0.37142711877822876,0.1487722396850586,-6.780719757080078,8.311826705932617,-0.02961358055472374,0.819845974445343,0.21157684922218323,-2.5207879543304443,-0.06705475598573685,2.9527950286865234,-8.180018424987793,8.981993675231934
60990.797021981,-0.21013808250427246,-1.265372395515442,0.5249369144439697,-0.41538992524147034,0.16515950858592987,-8.180018424987793,8.981993675231934,-0.012891577556729317,0.9971897006034851,0.20385530591011047,-2.933656692504883,-0.022911284118890762,2.9012577533721924,-9.722596168518066,9.716636657714844
60990.825283863,-0.21013808250427246,-1.451803207397461,0.5949569940567017,-0.48196718096733093,0.1785571426153183,-9.722596168518066,9.716636657714844,-0.028284277766942978,1.1808913946151733,0.23148468136787415,-3.3483965396881104,-0.013178810477256775,2.8114829063415527,-10.64574146270752,10.36369514465332
60990.855597398,-0.21013808250427246,-1.6656761169433594,0.6710629463195801,-0.5521940588951111,0.1945718377828598,-10.64574146270752,10.36369514465332,-0.012650365009903908,1.3547515869140625,0.22397463023662567,-3.8228278160095215,-0.02238931506872177,2.732062578201294,-10.001639366149902,10.644344329833984
60990.927628341,-0.21013808250427246,-1.9067825078964233,0.755487859249115,-0.6190941333770752,0.2172400951385498,-10.001639366149902,10.644344329833984,0.010151263326406479,1.595635175704956,0.24389778077602386,-4.722247123718262,-0.11987966299057007,2.7580549716949463,-6.281549453735352,9.805185317993164
60990.969910922,-0.21013808250427246,-2.1581931114196777,0.8538556098937988,-0.6270303726196289,0.25680914521217346,-6.281549453735352,9.805185317993164,-0.013879701495170593,1.7272586822509766,0.22538162767887115,-5.2838311195373535,-0.20567354559898376,2.8076677322387695,-3.1713614463806152,7.818225860595703
60991.002422732,-0.21013808250427246,-2.372551918029785,0.9752353429794312,-0.5064972043037415,0.31872668862342834,-3.1713614463806152,7.818225860595703,-0.008332397788763046,2.0528767108917236,0.241109699010849,-6.638479709625244,-0.15178899466991425,3.1413090229034424,-0.731982946395874,5.3076558113098145
60991.030028903,-0.21013808250427246,-2.5429842472076416,1.1189221143722534,-0.4006403982639313,0.3718714416027069,-0.731982946395874,5.3076558113098145,-0.003501877188682556,2.076383113861084,0.23827366530895233,-6.7995100021362305,-0.1403234302997589,3.091261625289917,2.0861003398895264,1.910663366317749
60991.054850147,-0.21013808250427246,-2.6786861419677734,1.2686394453048706,-0.3199704587459564,0.3751664459705353,2.0861003398895264,1.910663366317749,-0.003223579842597246,2.325601816177368,0.2573477625846863,-8.12478256225586,0.10357677936553955,2.799353837966919,2.3295388221740723,-0.5578353404998779
60991.076052499,-0.21013808250427246,-2.719127655029297,1.2760050296783447,0.022208599373698235,-0.023114079609513283,2.3295388221740723,-0.5578353404998779,0.010395084507763386,2.2135703563690186,0.1929120272397995,-8.440953254699707,-3.5213325023651123,14.995488166809082,0.1362730860710144,-0.5658685564994812
60991.09283123,-0.21013808250427246,-2.70520281791687,1.260934591293335,0.04148712381720543,-0.04312516003847122,0.1362730860710144,-0.5658685564994812,0.11010420322418213,1.529015302658081,-0.07069281488656998,-8.323799133300781,-19.369510650634766,68.7409896850586,-1.5097812414169312,-0.8813169002532959
60991.111548509,-0.21013808250427246,-2.6725776195526123,1.240687608718872,0.09678227454423904,-0.054303545504808426,-1.5097812414169312,-0.8813169002532959,-0.07236571609973907,-0.6586931347846985,-0.009951269254088402,-5.9583868980407715,8.166207313537598,96.55873107910156,-3.239257335662842,-0.6254216432571411
60991.1326078,-0.21013808250427246,-2.6138856410980225,1.214076042175293,0.16360430419445038,-0.07082169502973557,-3.239257335662842,-0.6254216432571411,-0.05142319202423096,-0.8737621903419495,-0.06804201006889343,-5.626528739929199,-2.7543411254882812,9.893856048583984,-6.0618438720703125,-0.7750962376594543
60991.158498006,-0.21013808250427246,-2.528109550476074,1.1810789108276367,0.23140886425971985,-0.08606869727373123,-6.0618438720703125,-0.7750962376594543,-0.0418279767036438,-0.6914665699005127,-0.0503537543118,-5.119543552398682,0.2583085000514984,3.064976692199707,-8.524836540222168,-0.6504544615745544
60991.178796267,-0.21013808250427246,-2.4150466918945312,1.1433626413345337,0.2998214662075043,-0.09655960649251938,-8.524836540222168,-0.6504544615745544,-0.0329250693321228,-0.5339072942733765,-0.016840768977999687,-4.870900630950928,0.195479616522789,3.070394515991211,-9.35860538482666,-0.8277369737625122
60991.202417005,-0.21013808250427246,-2.293882131576538,1.1004340648651123,0.3026061952114105,-0.11082742363214493,-9.35860538482666,-0.8277369737625122,-0.02121426910161972,-0.4219813942909241,-0.04659527167677879,-4.741654872894287,0.18800684809684753,3.1079890727996826,-8.521827697753906,-0.8771281242370605
60991.228459672,-0.21013808250427246,-2.189352035522461,1.0509309768676758,0.24684765934944153,-0.12672275304794312,-8.521827697753906,-0.8771281242370605,-0.03866789489984512,-0.5183212757110596,0.0010073715820908546,-4.812963485717773,0.14833012223243713,8.346224784851074,-6.845669269561768,-0.7639899253845215
60991.253713971,-0.21013808250427246,-2.0988690853118896,0.9982174038887024,0.21784351766109467,-0.1339266449213028,-6.845669269561768,-0.7639899253845215,-0.11280569434165955,-0.9094722867012024,0.03623347729444504,-5.019144535064697,0.09864827990531921,11.77829647064209,-5.242917060852051,-0.6760950088500977
60991.277754145,-0.21013808250427246,-2.003817319869995,0.9446046352386475,0.24098455905914307,-0.13451732695102692,-5.242917060852051,-0.6760950088500977,-0.1352393627166748,-1.0848320722579956,0.12662354111671448,-5.0121235847473145,5.133608818054199,27.99998664855957,-4.102312088012695,-0.8285630941390991
60991.296857807,-0.21013808250427246,-1.8871783018112183,0.8940849900245667,0.3085058629512787,-0.12442441284656525,-4.102312088012695,-0.8285630941390991,-0.18185247480869293,-1.1992454528808594,0.14671176671981812,-5.08729887008667,6.517224311828613,35.31026077270508,-4.01572322845459,-1.0190540552139282
60991.314244467,-0.21013808250427246,-1.7461835145950317,0.8456360697746277,0.36873897910118103,-0.11771364510059357,-4.01572322845459,-1.0190540552139282,-0.15843914449214935,-1.192481279373169,0.1446434110403061,-4.847998142242432,-0.014035414904356003,3.251309633255005,-3.9937596321105957,-0.8218003511428833
60991.334513775,-0.21013808250427246,-1.5793384313583374,0.7992875576019287,0.4320000112056732,-0.11607874929904938,-3.9937596321105957,-0.8218003511428833,-0.12186244875192642,-1.4830718040466309,0.09762823581695557,-4.946924209594727,-0.014968859031796455,3.2562174797058105,-3.9922003746032715,-0.07320532202720642
60991.355175169,-0.21013808250427246,-1.3962327241897583,0.7500321865081787,0.4630090892314911,-0.1266290247440338,-3.9922003746032715,-0.07320532202720642,-0.14710544049739838,-1.2823010683059692,0.09925083070993423,-4.311923027038574,-0.015047983266413212,3.1481924057006836,-4.064660549163818,1.4454337358474731
60991.381450386,-0.21013808250427246,-1.2179255485534668,0.6924254894256592,0.44002100825309753,-0.1459674835205078,-4.064660549163818,1.4454337358474731,-0.13206936419010162,-1.5100853443145752,0.03789522498846054,-4.645306587219238,-0.032616954296827316,3.132206916809082,-2.9998881816864014,3.4727091789245605
60991.402358196,-0.21013808250427246,-1.0515779256820679,0.6312866806983948,0.40632733702659607,-0.15682454407215118,-2.9998881816864014,3.4727091789245605,-0.11131327599287033,-2.028712511062622,-0.07122848182916641,-5.369955539703369,-0.04879527911543846,3.1205503940582275,-1.1671240329742432,5.584211349487305
60991.41670159,-0.21013808250427246,-0.8849497437477112,0.5770297050476074,0.4184015691280365,-0.13091973960399628,-1.1671240329742432,5.584211349487305,-0.08309440314769745,-1.7182352542877197,-0.07144276797771454,-4.088727951049805,0.008937176316976547,2.9049248695373535,-1.444921612739563,6.055470943450928
60991.437020909,-0.21013808250427246,-0.6963446140289307,0.5362505912780762,0.4853593409061432,-0.09295443445444107,-1.444921612739563,6.055470943450928,-0.1020607277750969,-1.6470568180084229,-0.05311952903866768,-3.844630479812622,-0.02796088717877865,2.9247841835021973,-0.9336984753608704,5.980201721191406
60991.458168006,-0.21013808250427246,-0.49677467346191406,0.5052288770675659,0.5008829236030579,-0.07473903149366379,-0.9336984753608704,5.980201721191406,-0.0804186463356018,-1.2744619846343994,-0.0679255872964859,-2.5713863372802734,0.0008356687612831593,2.857271909713745,-1.4675441980361938,5.4083709716796875
60991.483524918,-0.21013808250427246,-0.2943035960197449,0.4776539206504822,0.5050578117370605,-0.0678553506731987,-1.4675441980361938,5.4083709716796875,-0.08658695966005325,-1.047558069229126,-0.048689913004636765,-1.9981001615524292,0.1161663681268692,2.7967355251312256,-1.8905960321426392,5.019352436065674
60991.503527413,-0.21013808250427246,-0.10536781698465347,0.4486416280269623,0.4598725438117981,-0.07489079982042313,-1.8905960321426392,5.019352436065674,-0.07036302983760834,-0.9856281876564026,-0.058852601796388626,-1.8019315004348755,0.21577827632427216,2.7996935844421387,-1.8961467742919922,4.908449172973633
60991.518180117,-0.21013808250427246,0.060602858662605286,0.4150065779685974,0.40028735995292664,-0.08710460364818573,-1.8961467742919922,4.908449172973633,-0.06168249249458313,-0.7136359810829163,-0.03704283386468887,-1.3361130952835083,0.42615658044815063,2.778658866882324,-1.9450457096099854,4.942842960357666
60991.539911934,-0.21013808250427246,0.2028789073228836,0.377244234085083,0.3405536115169525,-0.09644343703985214,-1.9450457096099854,4.942842960357666,-0.054758477956056595,-0.4446956217288971,0.01881515607237816,-0.9197739958763123,0.4790661334991455,2.8834950923919678,-1.8621686697006226,4.973849773406982
60991.561756267,-0.21013808250427246,0.26451364159584045,0.33547428250312805,-0.001027393969707191,-0.10992520302534103,-1.8621686697006226,4.973849773406982,-0.04980956017971039,-0.3494828939437866,0.03146832436323166,-0.8552224040031433,0.6652824878692627,2.883511781692505,-0.44190603494644165,5.764093399047852
60991.58733916,-0.21013808250427246,0.2598317265510559,0.2984166145324707,-0.020209867507219315,-0.08516847342252731,-0.44190603494644165,5.764093399047852,-0.050577275454998016,-0.1451512575149536,0.04675612226128578,-0.7543644309043884,0.5404980182647705,2.993285894393921,-0.7345922589302063,5.298105239868164
60991.607629494,-0.21013808250427246,0.24134160578250885,0.2730395197868347,-0.05634644255042076,-0.05667271092534065,-0.7345922589302063,5.298105239868164,-0.043904777616262436,-0.006667806766927242,0.03880588337779045,-0.7222108840942383,-0.03473440557718277,3.1469240188598633,-1.1957389116287231,4.760587692260742
60991.627475356,-0.21013808250427246,0.20339566469192505,0.2573608458042145,-0.1069510355591774,-0.03371739387512207,-1.1957389116287231,4.760587692260742,-0.04470039904117584,0.21130028367042542,0.06145763397216797,-0.7940171360969543,-0.016032369807362556,3.0941200256347656,-1.3150886297225952,4.506793975830078
60991.643953189,-0.21013808250427246,0.1433495730161667,0.24950841069221497,-0.16299191117286682,-0.015232599340379238,-1.3150886297225952,4.506793975830078,-0.025424355641007423,0.5095611810684204,0.07188030332326889,-1.0417362451553345,0.0984136089682579,3.055445432662964,-1.3415488004684448,4.486935615539551
60991.664706221,-0.21013808250427246,0.06459328532218933,0.24799896776676178,-0.20677010715007782,-0.00018672870646696538,-1.3415488004684448,4.486935615539551,0.00844481773674488,0.6125797033309937,0.06961911916732788,-1.1481287479400635,0.1285676211118698,3.043513059616089,-1.6489895582199097,4.756698131561279
60991.690977965,-0.21013808250427246,-0.02701096050441265,0.2519167959690094,-0.23505452275276184,0.013080147095024586,-1.6489895582199097,4.756698131561279,0.003571193665266037,0.9161806106567383,0.0859886184334755,-1.698026180267334,0.17103087902069092,3.0019209384918213,-2.0076518058776855,4.853460311889648
60991.717940055,-0.21013808250427246,-0.12854915857315063,0.26111263036727905,-0.25860464572906494,0.026751166209578514,-2.0076518058776855,4.853460311889648,-0.02454851195216179,0.9854848980903625,0.09379386901855469,-1.8401039838790894,0.3266961872577667,3.809468984603882,-2.499300241470337,5.195225238800049
60991.746560502,-0.21013808250427246,-0.23800726234912872,0.27614280581474304,-0.27687308192253113,0.041144389659166336,-2.499300241470337,5.195225238800049,-0.06019473448395729,0.1824447363615036,0.24951910972595215,-1.5052562952041626,11.16333293914795,58.5640869140625,-3.219115972518921,5.860641002655029
60991.77182801,-0.21013808250427246,-0.3545614182949066,0.29670751094818115,-0.2943325638771057,0.05507368594408035,-3.219115972518921,5.860641002655029,-0.06197768822312355,0.35269322991371155,0.2892777919769287,-1.5137649774551392,0.11505179107189178,2.999285936355591,-3.4084110260009766,6.223936080932617
60991.793168392,-0.21013808250427246,-0.48048385977745056,0.32266008853912354,-0.31938326358795166,0.06860136985778809,-3.4084110260009766,6.223936080932617,-0.04351600259542465,0.5122774839401245,0.2564981281757355,-1.6833127737045288,0.0797479897737503,2.979623794555664,-3.9493870735168457,6.678190231323242
60991.814982883,-0.21013808250427246,-0.6116629242897034,0.35498300194740295,-0.3290015757083893,0.0853198990225792,-3.9493870735168457,6.678190231323242,-0.055158283561468124,0.5489450097084045,0.31022417545318604,-1.8392523527145386,0.05399440973997116,2.947312355041504,-4.550567150115967,7.153656005859375
60991.840092767,-0.21013808250427246,-0.7470278143882751,0.394583523273468,-0.33954212069511414,0.1039872094988823,-4.550567150115967,7.153656005859375,-0.062293726950883865,0.6638966202735901,0.3078615367412567,-2.0011281967163086,0.01759462058544159,2.9665844440460205,-5.322436332702637,7.701169013977051
60991.861114506,-0.21013808250427246,-0.8878965377807617,0.4414258897304535,-0.3553553521633148,0.1208604946732521,-5.322436332702637,7.701169013977051,-0.0484459288418293,0.8137590885162354,0.28215208649635315,-2.4222590923309326,-1.1405643224716187,8.196109771728516,-6.320344924926758,8.312145233154297
60991.875892916,-0.21013808250427246,-1.037106990814209,0.49661678075790405,-0.37632182240486145,0.1433853805065155,-6.320344924926758,8.312145233154297,-0.048343244940042496,0.6578836441040039,0.21412163972854614,-2.8408989906311035,-5.492435932159424,28.109642028808594,-7.7137250900268555,9.014703750610352
60991.903753177,-0.21013808250427246,-1.1990267038345337,0.5591928958892822,-0.41163501143455505,0.16121533513069153,-7.7137250900268555,9.014703750610352,-0.023473527282476425,0.8568999767303467,0.22795340418815613,-2.6398377418518066,-0.020297646522521973,2.9026081562042236,-9.250738143920898,9.685091018676758
60991.931894991,-0.21013808250427246,-1.3831183910369873,0.6276933550834656,-0.4739890992641449,0.17498300969600677,-9.250738143920898,9.685091018676758,-0.02557293511927128,1.086559534072876,0.2281665951013565,-3.113764524459839,-0.018566912040114403,2.8290045261383057,-10.44464111328125,10.32737922668457
60991.960194712,-0.21013808250427246,-1.5939180850982666,0.7021094560623169,-0.5446719527244568,0.19003118574619293,-10.44464111328125,10.32737922668457,-0.02143893763422966,1.473634958267212,0.2353987991809845,-4.261007785797119,-0.07648984342813492,2.7039794921875,-9.493812561035156,10.562749862670898
60991.988654747,-0.21013808250427246,-1.832497000694275,0.7842227816581726,-0.6133106350898743,0.2110193520784378,-9.493812561035156,10.562749862670898,-0.02121415175497532,1.5486899614334106,0.2279691845178604,-4.4754638671875,-0.12615087628364563,2.7253775596618652,-6.25750732421875,9.76696491241455
60992.016597227,-0.21013808250427246,-2.0798113346099854,0.8801285028457642,-0.6154466271400452,0.25075656175613403,-6.25750732421875,9.76696491241455,-0.009251387789845467,1.6614749431610107,0.25400978326797485,-4.875267028808594,-0.17783643305301666,2.7637979984283447,-3.313880205154419,7.854926586151123
60992.045490076,-0.21013808250427246,-2.289909601211548,0.9991985559463501,-0.4958648681640625,0.31317687034606934,-3.313880205154419,7.854926586151123,-0.01916290447115898,1.8491086959838867,0.23576019704341888,-5.695474624633789,-0.26116737723350525,3.0010273456573486,-1.1703177690505981,5.621903896331787
60992.066303955,-0.21013808250427246,-2.455592155456543,1.1411274671554565,-0.3882049322128296,0.3678911626338959,-1.1703177690505981,5.621903896331787,-0.03560471534729004,2.1066195964813232,0.24992811679840088,-6.824673175811768,-0.0679365023970604,3.0266427993774414,1.694320797920227,2.1211915016174316
60992.093991102,-0.21013808250427246,-2.5853285789489746,1.2911567687988281,-0.3042723834514618,0.37724730372428894,1.694320797920227,2.1211915016174316,-0.001920720562338829,2.1680757999420166,0.24953016638755798,-7.218202590942383,0.03083721362054348,2.93259859085083,2.233703374862671,-0.5828070640563965
60992.123324306,-0.21013808250427246,-2.6589863300323486,1.2908973693847656,-0.164540633559227,-0.054745085537433624,2.233703374862671,-0.5828070640563965,-0.016664624214172363,2.3977067470550537,0.2631707191467285,-8.539710998535156,0.6695911288261414,2.356616735458374,2.0947704315185547,0.6542446613311768
60992.166686994,-0.21013808250427246,-2.7121741771698,1.2601202726364136,-0.12446055561304092,-0.08311779797077179,2.0947704315185547,0.6542446613311768,-0.07312947511672974,1.3990788459777832,0.24868112802505493,-8.351556777954102,0.8628408312797546,78.49273681640625,1.8976097106933594,1.2156227827072144
60992.213710891,-0.21013808250427246,-2.7041115760803223,1.2309579849243164,0.0314985066652298,-0.07573609799146652,1.8976097106933594,1.2156227827072144,-0.12999597191810608,-0.5039727687835693,0.11143366247415543,-7.243316173553467,-0.4456130564212799,183.84458923339844,0.281569242477417,0.0726240873336792
60992.246985822,-0.21013808250427246,-2.6736526489257812,1.1955301761627197,0.09183790534734726,-0.09296754747629166,0.281569242477417,0.0726240873336792,-0.06614820659160614,-0.9074344038963318,-0.04074674844741821,-5.914703369140625,-5.816258430480957,13.466631889343262,-1.7098207473754883,-0.5879473090171814
60992.275909041,-0.21013808250427246,-2.6175200939178467,1.1535881757736206,0.15660475194454193,-0.10846024751663208,-1.7098207473754883,-0.5879473090171814,-0.03416212648153305,-0.7110855579376221,-0.06947702914476395,-5.1543450355529785,0.25058940052986145,3.0504589080810547,-3.488574266433716,-0.6609275937080383
60992.305164135,-0.21013808250427246,-2.535212993621826,1.1069072484970093,0.2222091257572174,-0.11898723989725113,-3.488574266433716,-0.6609275937080383,-0.028933210298419,-0.5299490690231323,-0.05939079448580742,-4.866428375244141,0.23792357742786407,3.037747383117676,-5.9475178718566895,-0.8692013025283813
60992.332540402,-0.21013808250427246,-2.4264161586761475,1.0577830076217651,0.28868231177330017,-0.12356288731098175,-5.9475178718566895,-0.8692013025283813,-0.027393434196710587,-0.46112683415412903,-0.044602882117033005,-4.755908012390137,0.21869304776191711,3.063047409057617,-8.096196174621582,-0.9117940664291382
60992.358341137,-0.21013808250427246,-2.2917206287384033,1.0082793235778809,0.3510492742061615,-0.12402564287185669,-8.096196174621582,-0.9117940664291382,-0.05698041617870331,-0.46539485454559326,-0.03255332261323929,-4.810107707977295,2.3126063346862793,17.32965087890625,-7.565523624420166,-1.0961016416549683
60992.384660756,-0.21013808250427246,-2.154175043106079,0.9602321982383728,0.3408214747905731,-0.11897845566272736,-7.565523624420166,-1.0961016416549683,-0.11306293308734894,-1.153645634651184,0.0055127618834376335,-5.275315284729004,3.7121946811676025,26.425260543823242,-5.994631767272949,-1.034862995147705
60992.409929003,-0.21013808250427246,-2.0189454555511475,0.9131514430046082,0.33497849106788635,-0.11773579567670822,-5.994631767272949,-1.034862995147705,-0.0843045711517334,-1.0471467971801758,-0.018181849271059036,-4.812990665435791,0.1955382227897644,3.048332691192627,-5.665191650390625,-1.0418853759765625
60992.435501346,-0.21013808250427246,-1.8739948272705078,0.867401123046875,0.3670840263366699,-0.11431983858346939,-5.665191650390625,-1.0418853759765625,-0.12384680658578873,-1.3463410139083862,0.036933816969394684,-5.268088340759277,4.394464015960693,32.057247161865234,-4.452357769012451,-0.9375951886177063
60992.457993125,-0.21013808250427246,-1.7204813957214355,0.8231114149093628,0.3870641887187958,-0.11163071542978287,-4.452357769012451,-0.9375951886177063,-0.14137299358844757,-1.4449392557144165,0.08030231297016144,-5.055919170379639,1.760026216506958,14.540657997131348,-4.031524658203125,-0.6821297407150269
60992.479287283,-0.21013808250427246,-1.5532333850860596,0.7764071226119995,0.42265787720680237,-0.1205671951174736,-4.031524658203125,-0.6821297407150269,-0.1508294641971588,-1.741697072982788,-0.0031145913526415825,-5.7672600746154785,-1.725702166557312,31.658405303955078,-3.589402198791504,0.21485063433647156
60992.50090172,-0.21013808250427246,-1.3763505220413208,0.7270365953445435,0.4459889829158783,-0.12689732015132904,-3.589402198791504,0.21485063433647156,-0.1374991536140442,-1.911304235458374,-0.023434827104210854,-6.166594505310059,-2.4555957317352295,43.39271545410156,-2.7394540309906006,1.9554049968719482
60992.526264457,-0.21013808250427246,-1.1948190927505493,0.6702301502227783,0.4532768726348877,-0.148047536611557,-2.7394540309906006,1.9554049968719482,-0.1095343604683876,-1.7547800540924072,-0.011861821636557579,-4.9716997146606445,-0.01643400639295578,3.1025736331939697,-2.9270029067993164,3.90872859954834
60992.545637325,-0.21013808250427246,-1.0058116912841797,0.6135352849960327,0.4762464463710785,-0.141327366232872,-2.9270029067993164,3.90872859954834,-0.10934038460254669,-1.566359281539917,-0.018736466765403748,-4.1852335929870605,-0.0060933614149689674,3.0329620838165283,-2.8814163208007812,5.326956272125244
60992.565630675,-0.21013808250427246,-0.8142983317375183,0.5666397213935852,0.4778432846069336,-0.11194243282079697,-2.8814163208007812,5.326956272125244,-0.10751543939113617,-1.337734580039978,0.007665172219276428,-3.464740753173828,-0.0751897320151329,2.975405216217041,-2.6664011478424072,5.611299514770508
60992.582681553,-0.21013808250427246,-0.6285039782524109,0.5273312926292419,0.4581602215766907,-0.09518415480852127,-2.6664011478424072,5.611299514770508,-0.11043522506952286,-1.2058169841766357,0.008333075791597366,-3.021613359451294,-0.063048355281353,2.8987209796905518,-2.510493278503418,5.475843906402588
60992.602713033,-0.21013808250427246,-0.4539165794849396,0.48938852548599243,0.4273052215576172,-0.09516828507184982,-2.510493278503418,5.475843906402588,-0.07334157824516296,-0.9459288120269775,0.012652691453695297,-2.430002450942993,0.10163041204214096,2.785926103591919,-2.8401050567626953,5.266700744628906
60992.624806405,-0.21013808250427246,-0.29615458846092224,0.4505142271518707,0.38177597522735596,-0.09808517247438431,-2.8401050567626953,5.266700744628906,-0.07484101504087448,-0.7431355118751526,0.017309222370386124,-2.0676074028015137,0.21262075006961823,2.8063817024230957,-3.009514093399048,5.017613410949707
60992.650182296,-0.21013808250427246,-0.16228002309799194,0.4095122814178467,0.32042643427848816,-0.10011541843414307,-3.009514093399048,5.017613410949707,-0.06682132929563522,-0.6116456985473633,-0.001954101026058197,-1.787753939628601,0.26644203066825867,2.836296319961548,-2.9624128341674805,4.818728446960449
60992.671325986,-0.21013808250427246,-0.05056380480527878,0.3701256513595581,0.26554223895072937,-0.09788446873426437,-2.9624128341674805,4.818728446960449,-0.05640145391225815,-0.7835325598716736,-0.12020958960056305,-1.7825212478637695,0.19030548632144928,2.961630344390869,-2.470505475997925,4.709027290344238
60992.697315779,-0.21013808250427246,0.03879231959581375,0.3325197100639343,0.20917260646820068,-0.09231353551149368,-2.470505475997925,4.709027290344238,-0.07255959510803223,-0.6132063865661621,-0.09624622017145157,-1.4943716526031494,0.28980734944343567,2.942103862762451,-2.4560234546661377,4.694559574127197
60992.722846899,-0.21013808250427246,0.10503154247999191,0.2986656427383423,0.1509346216917038,-0.08164999634027481,-2.4560234546661377,4.694559574127197,-0.04594364017248154,-0.37585964798927307,-0.08782786875963211,-1.2231701612472534,0.2539603114128113,2.984813928604126,-2.6375837326049805,4.412014961242676
60992.74779072,-0.21013808250427246,0.14755000174045563,0.27053573727607727,0.09132729470729828,-0.06618400663137436,-2.6375837326049805,4.412014961242676,-0.03483273833990097,-0.11177720129489899,-0.06999534368515015,-1.0820077657699585,0.15033674240112305,3.042752504348755,-2.599189281463623,4.071509838104248
60992.772620793,-0.21013808250427246,0.16597583889961243,0.2497285157442093,0.030934272333979607,-0.04706035181879997,-2.599189281463623,4.071509838104248,-0.02044747583568096,0.10309035331010818,-0.06318607926368713,-1.0951383113861084,0.09694812446832657,3.0816469192504883,-2.4884352684020996,3.886770725250244
60992.795875767,-0.21013808250427246,0.16014893352985382,0.23715125024318695,-0.02973979152739048,-0.02618630789220333,-2.4884352684020996,3.886770725250244,-0.011561509221792221,0.27282026410102844,-0.05753730982542038,-1.1796083450317383,0.0751565545797348,3.098780632019043,-2.468409776687622,3.9125313758850098
60992.819207188,-0.21013808250427246,0.13008153438568115,0.2328064739704132,-0.09028526395559311,-0.005901937838643789,-2.468409776687622,3.9125313758850098,-0.016703583300113678,0.42038416862487793,-0.04691096022725105,-1.320199728012085,0.08048679679632187,3.080861806869507,-2.4886293411254883,4.103259563446045
60992.83542458,-0.21013808250427246,0.07588567584753036,0.2362442910671234,-0.1505025029182434,0.012899001128971577,-2.4886293411254883,4.103259563446045,-0.021357037127017975,0.43225517868995667,-0.017117273062467575,-1.427176594734192,0.23148182034492493,4.257352828979492,-2.621026039123535,4.508769989013672
60992.86110963,-0.21013808250427246,-0.002131246030330658,0.24566859006881714,-0.20979347825050354,0.026682034134864807,-2.621026039123535,4.508769989013672,-0.03323731571435928,0.09508039802312851,0.06060761958360672,-1.3055386543273926,0.5770084261894226,6.669849395751953,-2.752570629119873,5.0543036460876465
60992.894430356,-0.21013808250427246,-0.103267602622509,0.2592514753341675,-0.2667628526687622,0.035785820335149765,-2.752570629119873,5.0543036460876465,-0.05297296121716499,0.1919795274734497,0.09302502870559692,-1.326574444770813,0.18988803029060364,3.0019781589508057,-2.522273063659668,5.507771968841553
60992.923379807,-0.21013808250427246,-0.22391095757484436,0.2754689157009125,-0.3114045560359955,0.042157016694545746,-2.522273063659668,5.507771968841553,-0.05760461464524269,0.41384321451187134,0.1577751487493515,-1.5001487731933594,0.2265169620513916,2.946481943130493,-2.842437982559204,5.919461250305176
60992.950795843,-0.21013808250427246,-0.35340428352355957,0.29566508531570435,-0.3264279365539551,0.053345005959272385,-2.842437982559204,5.919461250305176,-0.037028148770332336,0.42747268080711365,0.18835413455963135,-1.5190906524658203,0.20184773206710815,2.956524133682251,-3.3344058990478516,6.331144332885742
60992.97927045,-0.21013808250427246,-0.4871757924556732,0.32120153307914734,-0.3352442979812622,0.0678388774394989,-3.3344058990478516,6.331144332885742,-0.04647687077522278,0.41275012493133545,0.2483418881893158,-1.584733009338379,0.1075647845864296,2.9563944339752197,-3.8988847732543945,6.782792091369629
60993.006777336,-0.21013808250427246,-0.6239380240440369,0.3534793555736542,-0.34208664298057556,0.08545848727226257,-3.8988847732543945,6.782792091369629,-0.05598597228527069,0.6113997101783752,0.24331147968769073,-1.8335765600204468,0.042495451867580414,2.978739023208618,-4.576299667358398,7.244202613830566
60993.034088453,-0.21013808250427246,-0.7634498476982117,0.39350634813308716,-0.34888899326324463,0.10540441423654556,-4.576299667358398,7.244202613830566,-0.04946443811058998,0.8683684468269348,0.2708034813404083,-2.2971031665802,-0.018100673332810402,2.9574601650238037,-5.482141971588135,7.742544174194336
60993.069880254,-0.21013808250427246,-0.9079648852348328,0.4414885640144348,-0.362583726644516,0.12643373012542725,-5.482141971588135,7.742544174194336,-0.06364132463932037,0.9085915088653564,0.24858513474464417,-2.440122127532959,-0.01750136911869049,2.9542646408081055,-6.569256782531738,8.367786407470703
60993.109197599,-0.21013808250427246,-1.0607212781906128,0.4979891777038574,-0.38581928610801697,0.1465003341436386,-6.569256782531738,8.367786407470703,-0.04732535406947136,0.7464466691017151,0.2316284328699112,-2.440645456314087,-0.05273249000310898,2.9686851501464844,-7.921726226806641,9.058841705322266
60993.142232555,-0.21013808250427246,-1.2282129526138306,0.5615821480751038,-0.4269181787967682,0.16356967389583588,-7.921726226806641,9.058841705322266,-0.058180324733257294,1.0085102319717407,0.25091251730918884,-2.9168460369110107,-0.018780304118990898,2.8367834091186523,-9.523749351501465,9.80461311340332
60993.178031951,-0.21013808250427246,-1.418734073638916,0.6311016082763672,-0.49069714546203613,0.17758844792842865,-9.523749351501465,9.80461311340332,-0.023424413055181503,1.1562823057174683,0.2541528046131134,-3.2634215354919434,-0.0296931155025959,2.801527261734009,-10.541155815124512,10.430709838867188
60993.215734628,-0.21013808250427246,-1.6362555027008057,0.7068396806716919,-0.5614528656005859,0.19363130629062653,-10.541155815124512,10.430709838867188,-0.04163621366024017,1.297411561012268,0.26333123445510864,-3.722907781600952,-0.041044965386390686,2.747124671936035,-9.989800453186035,10.681770324707031
60993.257383417,-0.21013808250427246,-1.881272554397583,0.7908743619918823,-0.629054844379425,0.21627013385295868,-9.989800453186035,10.681770324707031,-0.03157950937747955,1.5090217590332031,0.26637157797813416,-4.413218975067139,-0.12496556341648102,2.6930489540100098,-6.530267715454102,9.915565490722656
60993.28385568,-0.21013808250427246,-2.1376914978027344,0.8888128995895386,-0.6402285695075989,0.2557692229747772,-6.530267715454102,9.915565490722656,-0.025014877319335938,1.71067476272583,0.25527969002723694,-5.087699890136719,-0.2217153012752533,2.7693591117858887,-3.2267277240753174,7.893970012664795
60993.309507671,-0.21013808250427246,-2.357090711593628,1.0101052522659302,-0.5188114643096924,0.3188211917877197,-3.2267277240753174,7.893970012664795,-0.03080708160996437,1.9336986541748047,0.25848931074142456,-5.997723579406738,-0.2483798712491989,3.008289098739624,-0.9189472794532776,5.532835960388184
60993.330739828,-0.21013808250427246,-2.5320630073547363,1.1541680097579956,-0.4116891026496887,0.37306079268455505,-0.9189472794532776,5.532835960388184,-0.04887855052947998,2.137624979019165,0.2670399248600006,-7.015223026275635,-0.08828368037939072,3.0317156314849854,1.9991788864135742,2.007808208465576
60993.35362548,-0.21013808250427246,-2.671816110610962,1.3050553798675537,-0.32984378933906555,0.37853512167930603,1.9991788864135742,2.007808208465576,-0.04452648013830185,2.2850780487060547,0.261130690574646,-7.829681873321533,0.05839352682232857,2.8392786979675293,2.38539981842041,-0.5429279804229736
60993.379578646,-0.21013808250427246,-2.7142815589904785,1.2989696264266968,0.014382115565240383,-0.053623247891664505,2.38539981842041,-0.5429279804229736,-0.04406658187508583,2.415656566619873,0.2792627811431885,-8.597186088562012,0.44743403792381287,3.0226004123687744,0.9277707934379578,-0.062316443771123886
60993.405944263,-0.21013808250427246,-2.7050328254699707,1.2678542137145996,0.03189663589000702,-0.0799594298005104,0.9277707934379578,-0.062316443771123886,-0.10784578323364258,0.7405223250389099,0.1934286653995514,-6.9024200439453125,-0.9005998373031616,14.90820598602295,-0.03902918100357056,-0.08098027110099792
60993.432717006,-0.21013808250427246,-2.6756107807159424,1.23111093044281,0.08883725851774216,-0.09577751159667969,-0.03902918100357056,-0.08098027110099792,-0.11899421364068985,-0.4458553194999695,0.0765487477183342,-5.405577182769775,-2.3077521324157715,19.938716888427734,-1.2969712018966675,-0.447062224149704
60993.461497762,-0.21013808250427246,-2.6204588413238525,1.1885831356048584,0.1544424444437027,-0.10962521284818649,-1.2969712018966675,-0.447062224149704,-0.05684869736433029,-0.4846608638763428,-0.029999680817127228,-5.174750328063965,-1.9940083026885986,6.523626327514648,-3.3144116401672363,-0.762814998626709
60993.488035938,-0.21013808250427246,-2.53874135017395,1.1416852474212646,0.22091101109981537,-0.11930232495069504,-3.3144116401672363,-0.762814998626709,-0.029204780235886574,-0.24832361936569214,0.0037570830900222063,-4.849649429321289,0.2821885645389557,3.0545456409454346,-5.654458999633789,-0.8807874321937561
60993.516160929,-0.21013808250427246,-2.430955410003662,1.0929068326950073,0.2855323255062103,-0.12200649082660675,-5.654458999633789,-0.8807874321937561,-0.061104316264390945,-0.24332109093666077,0.013459553942084312,-4.817135334014893,0.38658425211906433,4.256539821624756,-8.001021385192871,-0.8822864294052124
60993.541020284,-0.21013808250427246,-2.2975876331329346,1.0458835363388062,0.3492547273635864,-0.11536822468042374,-8.001021385192871,-0.8822864294052124,-0.11561960726976395,-0.5592686533927917,0.09727227687835693,-5.029992580413818,1.1373287439346313,17.139211654663086,-8.084513664245605,-1.066925048828125
60993.57507995,-0.21013808250427246,-2.158867835998535,1.0014342069625854,0.3433685302734375,-0.11070264875888824,-8.084513664245605,-1.066925048828125,-0.07197732478380203,-0.9506584405899048,-0.0003149602562189102,-5.3926544189453125,-2.001929998397827,24.850305557250977,-7.153069972991943,-1.0232629776000977
60993.612352832,-0.21013808250427246,-2.0298430919647217,0.9594708681106567,0.31387782096862793,-0.10387064516544342,-7.153069972991943,-1.0232629776000977,-0.08024077117443085,-0.9980401992797852,-0.031085863709449768,-5.268869876861572,-0.7438737154006958,22.06865119934082,-6.493878364562988,-0.9328289031982422
60993.649027422,-0.21013808250427246,-1.9080967903137207,0.9197810292243958,0.2987890839576721,-0.09796933084726334,-6.493878364562988,-0.9328289031982422,-0.1323399692773819,-1.2193344831466675,0.0177233275026083,-5.306126594543457,-0.00869178306311369,18.213857650756836,-5.502326965332031,-0.8967605829238892
60993.678168531,-0.21013808250427246,-1.789176106452942,0.8820449709892273,0.29507604241371155,-0.09481998533010483,-5.502326965332031,-0.8967605829238892,-0.1236940398812294,-1.1748498678207397,0.05237852782011032,-4.695334434509277,0.1102319210767746,1.2726192474365234,-4.945029258728027,-0.9267626404762268
60993.706620108,-0.21013808250427246,-1.6674537658691406,0.8426346182823181,0.30710574984550476,-0.09825455397367477,-4.945029258728027,-0.9267626404762268,-0.12401468306779861,-1.2256834506988525,0.07574465125799179,-4.827490329742432,0.08335982263088226,3.042440891265869,-4.01082181930542,-0.835536539554596
60993.738032227,-0.21013808250427246,-1.5376036167144775,0.7994927167892456,0.3284233510494232,-0.11245261877775192,-4.01082181930542,-0.835536539554596,-0.12951931357383728,-1.517308235168457,0.024678543210029602,-4.9159626960754395,0.010938559658825397,3.0848703384399414,-3.3930656909942627,-0.4505365788936615
60993.763852388,-0.21013808250427246,-1.3942841291427612,0.7485180497169495,0.365670770406723,-0.13326604664325714,-3.3930656909942627,-0.4505365788936615,-0.10133226215839386,-1.3389482498168945,0.01911410689353943,-4.216150760650635,-0.020907826721668243,3.1179983615875244,-3.5207695960998535,0.6280235648155212
60993.785264234,-0.21013808250427246,-1.2373467683792114,0.6879600882530212,0.3982434868812561,-0.15795490145683289,-3.5207695960998535,0.6280235648155212,-0.10268813371658325,-1.209925889968872,0.0015664547681808472,-3.863647222518921,-0.023659495636820793,3.118236780166626,-3.4764437675476074,2.594832181930542
60993.809889585,-0.21013808250427246,-1.083669662475586,0.6171166300773621,0.37998732924461365,-0.1792878806591034,-3.4764437675476074,2.594832181930542,-0.10794944316148758,-1.2896586656570435,0.01019010879099369,-3.853121042251587,-0.030286774039268494,3.117021083831787,-3.0145859718322754,4.637060165405273
60993.829715314,-0.21013808250427246,-0.9339471459388733,0.5507906675338745,0.3714243173599243,-0.16365933418273926,-3.0145859718322754,4.637060165405273,-0.13087330758571625,-1.648396611213684,-0.04652750492095947,-3.8032519817352295,0.02532443031668663,2.8933186531066895,-2.0665621757507324,5.853540420532227
60993.844244534,-0.21013808250427246,-0.7831199169158936,0.4951287806034088,0.3772880733013153,-0.1326010525226593,-2.0665621757507324,5.853540420532227,-0.10476541519165039,-1.5970110893249512,-0.0209161639213562,-3.6832547187805176,0.002855316735804081,2.9223058223724365,-1.3449556827545166,6.439817428588867
60993.86449311,-0.21013808250427246,-0.624683141708374,0.4496801495552063,0.39995235204696655,-0.10875775665044785,-1.3449556827545166,6.439817428588867,-0.10300968587398529,-1.3470524549484253,-0.04161178320646286,-2.8384242057800293,0.0009990409016609192,2.9019720554351807,-1.6586865186691284,6.082695007324219
60993.885367867,-0.21013808250427246,-0.4571092426776886,0.4116028845310211,0.4223055839538574,-0.09112612903118134,-1.6586865186691284,6.082695007324219,-0.10933838784694672,-1.2115415334701538,-0.02888105809688568,-2.462733030319214,0.008035754784941673,2.91929292678833,-1.8620072603225708,5.5116190910339355
60993.910652721,-0.21013808250427246,-0.29353559017181396,0.3777746260166168,0.4026772975921631,-0.08306537568569183,-1.8620072603225708,5.5116190910339355,-0.07650928199291229,-0.8527988791465759,-0.014572616666555405,-1.5787887573242188,0.16511167585849762,2.871727228164673,-2.6255640983581543,4.914910316467285
60993.930379329,-0.21013808250427246,-0.14606867730617523,0.3448408544063568,0.3560835123062134,-0.08244875073432922,-2.6255640983581543,4.914910316467285,-0.059234246611595154,-0.8230196833610535,0.008480247110128403,-1.53607177734375,0.1964491456747055,2.858724355697632,-2.651247262954712,4.570505619049072
60993.946020477,-0.21013808250427246,-0.020863700658082962,0.31158778071403503,0.29889044165611267,-0.08314608782529831,-2.651247262954712,4.570505619049072,-0.08705230802297592,-0.6421549320220947,0.02723889984190464,-1.234598159790039,0.29030340909957886,2.845933198928833,-2.641212224960327,4.476012706756592
60993.965590234,-0.21013808250427246,0.08163458853960037,0.2791673541069031,0.24189499020576477,-0.07995005697011948,-2.641212224960327,4.476012706756592,-0.0648147389292717,-0.36339208483695984,0.029347412288188934,-0.930004358291626,0.31180498003959656,2.915989637374878,-2.7569751739501953,4.222799301147461
60993.986233255,-0.21013808250427246,0.1607397198677063,0.24959199130535126,0.1828707754611969,-0.07146250456571579,-2.7569751739501953,4.222799301147461,-0.04613068699836731,-0.11643147468566895,0.05024626478552818,-0.7845759987831116,0.24072127044200897,2.9921300411224365,-2.7706685066223145,3.9325923919677734
60994.010959318,-0.21013808250427246,0.21564845740795135,0.22512786090373993,0.12194081395864487,-0.05725657939910889,-2.7706685066223145,3.9325923919677734,-0.05074958875775337,0.022994937375187874,0.03878055140376091,-0.7826948165893555,0.20549383759498596,3.0146117210388184,-2.7038941383361816,3.7145798206329346
60994.034181803,-0.21013808250427246,0.24580924212932587,0.20791131258010864,0.05982115864753723,-0.03793241083621979,-2.7038941383361816,3.7145798206329346,-0.041443392634391785,0.2567247152328491,0.06541547924280167,-0.8707437515258789,0.10120358318090439,3.0501255989074707,-2.57725191116333,3.5659165382385254
60994.055038698,-0.21013808250427246,0.2509549856185913,0.19948764145374298,-0.0028071559499949217,-0.015256657265126705,-2.57725191116333,3.5659165382385254,-0.03233586996793747,0.47516459226608276,0.07658212631940842,-1.0732392072677612,0.05366307869553566,3.097537040710449,-2.57525372505188,3.548253059387207
60994.0692739,-0.21013808250427246,0.23103177547454834,0.2004128247499466,-0.06546135991811752,0.00810242723673582,-2.57525372505188,3.548253059387207,-0.027809657156467438,0.7242213487625122,0.08714237064123154,-1.4155888557434082,0.04518917575478554,3.103153944015503,-2.6262738704681396,3.6108016967773438
60994.089791817,-0.21013808250427246,0.1861412674188614,0.2100795954465866,-0.12777037918567657,0.029221514239907265,-2.6262738704681396,3.6108016967773438,-0.022677790373563766,0.8717478513717651,0.09097979962825775,-1.7405697107315063,0.06377255171537399,3.075538396835327,-2.7369143962860107,3.851461410522461
60994.111680542,-0.21013808250427246,0.11593195050954819,0.22581061720848083,-0.19108569622039795,0.04511932656168938,-2.7369143962860107,3.851461410522461,-0.02094390243291855,0.3901520371437073,0.011214816011488438,-1.574709415435791,-1.6318628787994385,5.4523115158081055,-3.137401580810547,4.590311050415039
60994.13587588,-0.21013808250427246,0.021343758329749107,0.24797052145004272,-0.25141647458076477,0.05801790580153465,-3.137401580810547,4.590311050415039,-0.041999828070402145,0.08939655125141144,-0.03810654208064079,-1.420933723449707,-1.9989771842956543,6.9746317863464355,-2.854839324951172,5.1444783210754395
60994.1558805,-0.21013808250427246,-0.09689336270093918,0.27253514528274536,-0.3102165162563324,0.06208426505327225,-2.854839324951172,5.1444783210754395,-0.03352658823132515,0.1314888894557953,-0.01993049494922161,-1.2917006015777588,1.3040016889572144,7.116694927215576,-2.7757761478424072,5.788974761962891
60994.170968379,-0.21013808250427246,-0.2353058010339737,0.2980251610279083,-0.3558666408061981,0.06464099138975143,-2.7757761478424072,5.788974761962891,-0.039088185876607895,0.3183024823665619,0.0019455049186944962,-1.3921304941177368,1.2754329442977905,6.644642353057861,-3.0548529624938965,6.341210842132568
60994.191655056,-0.21013808250427246,-0.3840051591396332,0.32563960552215576,-0.37524017691612244,0.07111253589391708,-3.0548529624938965,6.341210842132568,-0.036237683147192,0.25442516803741455,0.05675884336233139,-1.4149311780929565,5.3732147216796875,21.87912368774414,-3.5061044692993164,6.788500785827637
60994.213515759,-0.21013808250427246,-0.5371699929237366,0.3576924502849579,-0.38342952728271484,0.08381146937608719,-3.5061044692993164,6.788500785827637,-0.03434363380074501,0.5032402873039246,0.0617888942360878,-1.6635384559631348,0.11797501146793365,2.9084744453430176,-4.244720458984375,7.285571098327637
60994.239687537,-0.21013808250427246,-0.6919365525245667,0.39646533131599426,-0.38588374853134155,0.10196503251791,-4.244720458984375,7.285571098327637,-0.004065107554197311,0.7574136257171631,0.08129053562879562,-2.0682156085968018,0.002959231846034527,2.938411235809326,-5.153593063354492,7.8232011795043945
60994.268293076,-0.21013808250427246,-0.8492240905761719,0.44330844283103943,-0.3932385742664337,0.12269829958677292,-5.153593063354492,7.8232011795043945,0.003404701128602028,0.859545111656189,0.08723817020654678,-2.2471158504486084,-0.04714016988873482,2.950115203857422,-6.2801666259765625,8.43095588684082
60994.297374462,-0.21013808250427246,-1.012650966644287,0.4984966516494751,-0.4110535681247711,0.14353589713573456,-6.2801666259765625,8.43095588684082,-0.01073699351400137,1.17365300655365,0.10213837772607803,-3.0391764640808105,-0.06361229717731476,2.895977258682251,-7.961409568786621,9.122733116149902
60994.32677618,-0.21013808250427246,-1.1891971826553345,0.5615229606628418,-0.44826769828796387,0.16307304799556732,-7.961409568786621,9.122733116149902,-0.031020648777484894,1.1000986099243164,0.1274680495262146,-3.0694580078125,-0.06671617925167084,2.8659348487854004,-9.475478172302246,9.859733581542969
60994.355503389,-0.21013808250427246,-1.3891994953155518,0.6309695243835449,-0.516116738319397,0.17723113298416138,-9.475478172302246,9.859733581542969,-0.013230766169726849,0.9877839088439941,0.16184453666210175,-3.0122134685516357,-0.07556595653295517,2.858534097671509,-10.525185585021973,10.459178924560547
60994.384174854,-0.21013808250427246,-1.6171095371246338,0.7066385746002197,-0.5876115560531616,0.19357365369796753,-10.525185585021973,10.459178924560547,-0.01873287558555603,1.229665756225586,0.1419449895620346,-3.610288143157959,-0.05642492324113846,2.716801404953003,-9.939443588256836,10.678285598754883
60994.41299175,-0.21013808250427246,-1.8727267980575562,0.7909092307090759,-0.6556049585342407,0.2171352654695511,-9.939443588256836,10.678285598754883,-0.026334814727306366,1.45514714717865,0.1619454324245453,-4.3152899742126465,-0.1661950945854187,2.7358827590942383,-6.3742995262146,9.84904670715332
60994.434247542,-0.21013808250427246,-2.138571262359619,0.8898417949676514,-0.6625731587409973,0.25886455178260803,-6.3742995262146,9.84904670715332,-0.0033735744655132294,1.692827582359314,0.16973288357257843,-5.17418098449707,-0.2796284556388855,2.9051170349121094,-3.0612521171569824,7.792045593261719
60994.458920742,-0.21013808250427246,-2.366450786590576,1.0128722190856934,-0.539618194103241,0.32351717352867126,-3.0612521171569824,7.792045593261719,-0.01043502613902092,1.7859021425247192,0.16020457446575165,-5.546823024749756,-0.2961820363998413,3.0044891834259033,-0.9552384614944458,5.563985824584961
60994.479638279,-0.21013808250427246,-2.5494256019592285,1.1590611934661865,-0.43151363730430603,0.37851306796073914,-0.9552384614944458,5.563985824584961,0.011549683287739754,1.9337389469146729,0.17060436308383942,-6.2496161460876465,-0.18547140061855316,3.181403636932373,1.8013445138931274,2.4069714546203613
60994.494099444,-0.21013808250427246,-2.6970322132110596,1.3121687173843384,-0.34946689009666443,0.38406598567962646,1.8013445138931274,2.4069714546203613,-0.010331237688660622,2.151498556137085,0.15672782063484192,-7.153196334838867,0.07379718869924545,2.9147441387176514,2.6873416900634766,-0.3550932705402374
60994.514367557,-0.21013808250427246,-2.735929250717163,1.3013750314712524,0.04950789734721184,-0.060456283390522,2.6873416900634766,-0.3550932705402374,-0.016040798276662827,2.4031474590301514,0.2268766164779663,-8.632319450378418,1.2827715873718262,3.831362724304199,0.9539589285850525,-0.16412004828453064
60994.535543323,-0.21013808250427246,-2.71321439743042,1.2665295600891113,0.061227310448884964,-0.0958787351846695,0.9539589285850525,-0.16412004828453064,-0.0540170893073082,0.8922309875488281,0.1475193053483963,-7.898153305053711,1.344498872756958,109.17095184326172,-0.1429474949836731,-0.3563290536403656
60994.559819229,-0.21013808250427246,-2.6736772060394287,1.2270127534866333,0.11353632062673569,-0.10156605392694473,-0.1429474949836731,-0.3563290536403656,-0.07274853438138962,-0.6694940328598022,-0.01172588486224413,-6.500256061553955,-3.8116395473480225,94.19099426269531,-1.5562642812728882,-0.6689465045928955
60994.58045901,-0.21013808250427246,-2.6086082458496094,1.182973027229309,0.179449662566185,-0.1128091961145401,-1.5562642812728882,-0.6689465045928955,-0.032926302403211594,-0.853643000125885,-0.08947400748729706,-5.87748384475708,-6.785940647125244,13.945954322814941,-4.53731107711792,-1.0048987865447998
60994.595273582,-0.21013808250427246,-2.5166618824005127,1.1352463960647583,0.24664469063282013,-0.12097678333520889,-4.53731107711792,-1.0048987865447998,-0.007425697520375252,-0.7266654372215271,-0.11412521451711655,-5.180624485015869,0.3453543186187744,3.0555267333984375,-7.195170879364014,-0.8473946452140808
60994.615632389,-0.21013808250427246,-2.397850513458252,1.0863677263259888,0.31385740637779236,-0.12193520367145538,-7.195170879364014,-0.8473946452140808,-0.005640865303575993,-0.5624527931213379,-0.13020913302898407,-4.919663906097412,0.26043084263801575,3.0714147090911865,-8.710646629333496,-0.9479925036430359
60994.638023561,-0.21013808250427246,-2.2563140392303467,1.0389206409454346,0.36491796374320984,-0.11721181124448776,-8.710646629333496,-0.9479925036430359,-0.02132716216146946,-0.402147501707077,-0.10216856002807617,-4.726633071899414,0.2396925985813141,3.09368634223938,-8.417344093322754,-1.161074161529541
60994.662498053,-0.21013808250427246,-2.1247715950012207,0.9910317063331604,0.31559261679649353,-0.11912190914154053,-8.417344093322754,-1.161074161529541,-0.04592820629477501,-0.8216877579689026,-0.1083577424287796,-5.4558281898498535,-4.253835201263428,16.190330505371094,-6.907123565673828,-0.9790258407592773
60994.683301623,-0.21013808250427246,-2.0119946002960205,0.9453063607215881,0.2692292332649231,-0.11397124826908112,-6.907123565673828,-0.9790258407592773,-0.06147488206624985,-1.264940857887268,-0.1231006607413292,-5.721700191497803,-4.577190399169922,17.173994064331055,-5.977230072021484,-0.7974498271942139
60994.698257592,-0.21013808250427246,-1.903170108795166,0.9014753699302673,0.27101853489875793,-0.10884609073400497,-5.977230072021484,-0.7974498271942139,-0.07552609592676163,-1.1243042945861816,-0.12045089155435562,-4.996848106384277,0.26423200964927673,2.9710686206817627,-5.142264366149902,-0.7564217448234558
60994.719332605,-0.21013808250427246,-1.7887380123138428,0.8579844236373901,0.2872890532016754,-0.10993621498346329,-5.142264366149902,-0.7564217448234558,-0.11869827657938004,-1.3725837469100952,-0.004446821752935648,-5.095452308654785,8.481378555297852,35.58573532104492,-3.907769203186035,-0.8152470588684082
60994.74029603,-0.21013808250427246,-1.6627341508865356,0.8143420219421387,0.3224496841430664,-0.11103546619415283,-3.907769203186035,-0.8152470588684082,-0.15187805891036987,-1.5647937059402466,0.07512852549552917,-5.218528747558594,7.773046493530273,33.078182220458984,-3.186145305633545,-0.6550763249397278
60994.767611524,0.18851840496063232,-1.5143349170684814,0.7672143578529358,0.3851791322231293,-0.1209295392036438,-3.186145305633545,-0.6550763249397278,-0.15445475280284882,-1.4527215957641602,0.0784049704670906,-4.775485992431641,-0.02425738424062729,3.149970293045044,-0.09110397100448608,0.3351142108440399
60994.797454887,0.18851840496063232,-1.3461542129516602,0.714447557926178,0.4321671426296234,-0.13205038011074066,-0.09110397100448608,0.3351142108440399,-0.13807213306427002,-1.3811954259872437,0.06261061877012253,-4.493722915649414,-0.09145020693540573,3.1747937202453613,0.5760585069656372,1.1828619241714478
60994.826123612,0.18851840496063232,-1.1557918787002563,0.6584160327911377,0.4898811876773834,-0.14303834736347198,0.5760585069656372,1.1828619241714478,-0.13687841594219208,-1.8189797401428223,-0.04495936259627342,-4.935175895690918,-0.11120130121707916,3.2338743209838867,1.207398533821106,2.5912914276123047
60994.869416499,0.18851840496063232,-0.9425966143608093,0.6026738882064819,0.5469617247581482,-0.13860997557640076,1.207398533821106,2.5912914276123047,-0.11511429399251938,-1.6439530849456787,-0.04760395362973213,-4.156580924987793,-0.14241142570972443,3.134902238845825,1.1943612098693848,3.8962206840515137
60994.898904094,0.18851840496063232,-0.7046042084693909,0.5561164617538452,0.6108912825584412,-0.11067010462284088,1.1943612098693848,3.8962206840515137,-0.10279680043458939,-1.4851197004318237,-0.04286808520555496,-3.6094164848327637,-0.19228750467300415,3.0698680877685547,1.3011356592178345,5.141280174255371
60994.928522284,0.18851840496063232,-0.4388355314731598,0.524241030216217,0.6821646094322205,-0.07156476378440857,1.3011356592178345,5.141280174255371,-0.11885876953601837,-1.2084845304489136,-0.05638284608721733,-2.770439624786377,-0.23971769213676453,2.911454439163208,1.0190726518630981,5.903032302856445
60994.954855443,0.18851840496063232,-0.1513637751340866,0.5001274943351746,0.7268196940422058,-0.06012202054262161,1.0190726518630981,5.903032302856445,-0.08053918927907944,-1.0180997848510742,-0.036318011581897736,-2.240825653076172,0.029270220547914505,2.6597132682800293,0.8761168122291565,6.209991455078125
60994.984462339,0.18851840496063232,0.13761387765407562,0.46664193272590637,0.7178200483322144,-0.09477761387825012,0.8761168122291565,6.209991455078125,-0.09374583512544632,-0.8985394239425659,-0.01965990848839283,-1.9980649948120117,0.27933254837989807,2.572502851486206,0.8743980526924133,6.770930767059326
60995.011674463,0.18851840496063232,0.2747117578983307,0.4024375081062317,-0.01006755605340004,-0.19424229860305786,0.8743980526924133,6.770930767059326,-0.07600673288106918,-0.6688052415847778,0.0017247432842850685,-1.5470359325408936,1.4359239339828491,2.411041259765625,1.6670634746551514,8.442028045654297
60995.040998582,0.18851840496063232,0.27042073011398315,0.3248618245124817,-0.010664413683116436,-0.18695060908794403,1.6670634746551514,8.442028045654297,-0.07309644669294357,-0.505298376083374,0.04632474109530449,-1.2548552751541138,3.329202651977539,2.241415023803711,2.2282986640930176,9.099245071411133
60995.068670784,0.18851840496063232,0.26724153757095337,0.26040616631507874,-0.007325642742216587,-0.15302233397960663,2.2282986640930176,9.099245071411133,-0.04923635348677635,-0.23897401988506317,0.08374691009521484,-1.2048797607421875,-0.002984109800308943,3.1586737632751465,2.238016128540039,8.39901065826416
60995.091855715,0.18851840496063232,0.26534491777420044,0.20747734606266022,-0.004192397464066744,-0.12586724758148193,2.238016128540039,8.39901065826416,-0.05023922026157379,-0.09895119071006775,0.06439092010259628,-1.1317992210388184,-0.18953339755535126,3.156644821166992,2.105726718902588,7.420524597167969
60995.110940353,0.18851840496063232,0.2642248272895813,0.16450311243534088,-0.0023952366318553686,-0.10133244097232819,2.105726718902588,7.420524597167969,-0.068968266248703,0.16674815118312836,0.08029085397720337,-1.1604738235473633,-0.0802830383181572,3.098221778869629,2.039405345916748,6.2591447830200195
60995.128468745,0.18851840496063232,0.26356637477874756,0.1313718557357788,-0.0013789593940600753,-0.076609306037426,2.039405345916748,6.2591447830200195,-0.04194788634777069,0.4447266757488251,0.09707726538181305,-1.3730536699295044,-0.03700290247797966,3.0942320823669434,1.8169339895248413,5.232632637023926
60995.151909429,0.18851840496063232,0.2631990313529968,0.10855146497488022,-0.0007637410890311003,-0.050823040306568146,1.8169339895248413,5.232632637023926,-0.06851763278245926,0.31978487968444824,0.14857125282287598,-1.3606724739074707,-0.6862608790397644,5.05325984954834,1.1737455129623413,4.845183849334717
60995.178381032,0.18851840496063232,0.2629207968711853,0.09598536044359207,-0.0005811372539028525,-0.02489851973950863,1.1737455129623413,4.845183849334717,-0.07719316333532333,0.010421065613627434,0.1605498194694519,-1.4290257692337036,-2.9885525703430176,9.00677490234375,0.14480280876159668,4.801237106323242
60995.204502325,0.18851840496063232,0.26250046491622925,0.09377265721559525,-0.0008928999304771423,0.0008768194238655269,0.14480280876159668,4.801237106323242,-0.06224599853157997,-0.0041329627856612206,0.15292009711265564,-1.4426798820495605,-3.0150907039642334,9.051539421081543,-0.7259793281555176,4.533019542694092
60995.230582436,0.18851840496063232,0.2528471052646637,0.10135645419359207,-0.030872369185090065,0.02492142841219902,-0.7259793281555176,4.533019542694092,-0.05777173489332199,-0.003390028141438961,0.03759115934371948,-1.4333226680755615,-3.1709747314453125,9.457014083862305,-1.7045518159866333,4.345630645751953
60995.256689607,0.18851840496063232,0.2243099808692932,0.11797267943620682,-0.0834297239780426,0.04695955291390419,-1.7045518159866333,4.345630645751953,-0.03837183490395546,0.015135708265006542,-0.038047123700380325,-1.4363868236541748,-2.782888889312744,9.409412384033203,-2.3276450634002686,4.317805290222168
60995.281118247,0.18851840496063232,0.17212411761283875,0.14255498349666595,-0.14574427902698517,0.06594844162464142,-2.3276450634002686,4.317805290222168,-0.04209679365158081,0.021808529272675514,-0.15272139012813568,-1.434574007987976,-2.287266492843628,9.117895126342773,-2.5790023803710938,4.577567100524902
60995.307394903,0.18851840496063232,0.095903180539608,0.17349693179130554,-0.20551195740699768,0.07999541610479355,-2.5790023803710938,4.577567100524902,-0.024885069578886032,0.05767728388309479,-0.1859891414642334,-1.4641315937042236,-1.0133358240127563,13.072342872619629,-2.679168224334717,5.134907245635986
60995.332406369,0.18851840496063232,-0.003955774009227753,0.20844030380249023,-0.26427194476127625,0.08913858234882355,-2.679168224334717,5.134907245635986,-0.02337421104311943,0.09287577122449875,-0.16878429055213928,-1.3661417961120605,0.8265284895896912,13.031936645507812,-2.717210054397583,5.881991386413574
60995.357730609,0.18851840496063232,-0.126427561044693,0.2450680434703827,-0.3190506100654602,0.09214162826538086,-2.717210054397583,5.881991386413574,-0.016659831628203392,0.23217950761318207,-0.1478804498910904,-1.361534833908081,1.2312517166137695,6.835577964782715,-2.9932689666748047,6.625521659851074
60995.382969041,0.18851840496063232,-0.2652815282344818,0.28283384442329407,-0.35460975766181946,0.09545256942510605,-2.9932689666748047,6.625521659851074,-0.011465955525636673,0.36278265714645386,-0.14937077462673187,-1.446961760520935,0.2701546549797058,2.937504768371582,-3.4879565238952637,7.189116477966309
60995.409633091,0.18851840496063232,-0.41484224796295166,0.323275089263916,-0.37831011414527893,0.10324972122907639,-3.4879565238952637,7.189116477966309,-0.037043213844299316,0.4049351215362549,-0.060776643455028534,-1.6105037927627563,0.14377200603485107,2.906682252883911,-4.198698997497559,7.704470634460449
60995.446925851,0.18851840496063232,-0.5726297497749329,0.367788702249527,-0.3975822627544403,0.1145547404885292,-4.198698997497559,7.704470634460449,-0.024724790826439857,0.41932982206344604,-0.04328535124659538,-1.623517394065857,0.15235210955142975,2.926467180252075,-5.097799777984619,8.177000045776367
60995.490659293,0.18851840496063232,-0.7389378547668457,0.41768285632133484,-0.4193222224712372,0.12869593501091003,-5.097799777984619,8.177000045776367,0.0024116430431604385,0.7084694504737854,-0.04458347335457802,-2.0488245487213135,0.04872167482972145,2.9006552696228027,-6.435757637023926,8.700677871704102
60995.543140006,0.18851840496063232,-0.9165183901786804,0.47354280948638916,-0.4493981897830963,0.14384771883487701,-6.435757637023926,8.700677871704102,0.0025797290727496147,0.8639340996742249,-0.0311491247266531,-2.3221940994262695,0.036411792039871216,2.8779079914093018,-7.97789192199707,9.264686584472656
60995.574515745,0.18851840496063232,-1.1135226488113403,0.5346279144287109,-0.5036448240280151,0.1561742126941681,-7.97789192199707,9.264686584472656,0.0007165246643126011,1.1743111610412598,-0.014861663803458214,-3.1083271503448486,-0.004937539342790842,2.7513043880462646,-9.699013710021973,9.785755157470703
60995.605998211,0.18851840496063232,-1.3365031480789185,0.6005034446716309,-0.5755435228347778,0.16768299043178558,-9.699013710021973,9.785755157470703,0.024557175114750862,1.2762364149093628,-0.02132534794509411,-3.313544750213623,-0.008828922174870968,2.731062412261963,-10.986854553222656,10.201233863830566
60995.638598715,0.18851840496063232,-1.5886882543563843,0.6723224520683289,-0.6487366557121277,0.18412980437278748,-10.986854553222656,10.201233863830566,0.027413439005613327,1.5270713567733765,0.005917449481785297,-4.219056129455566,-0.12124650925397873,2.6961536407470703,-10.801630973815918,9.931238174438477
60995.658684889,0.18851840496063232,-1.8689864873886108,0.7535135746002197,-0.7172919511795044,0.21022415161132812,-10.801630973815918,9.931238174438477,0.045160576701164246,1.783495306968689,-0.002070378279313445,-5.205040454864502,-0.2754276394844055,2.774474859237671,-6.914210319519043,8.225557327270508
60995.679701393,0.18851840496063232,-2.1682956218719482,0.8494467735290527,-0.752287745475769,0.2514345049858093,-6.914210319519043,8.225557327270508,0.054542042315006256,1.8262821435928345,0.0057610757648944855,-5.2875165939331055,-0.30868470668792725,2.7807796001434326,-1.8589719533920288,5.396157264709473
60995.705217575,0.18851840496063232,-2.429743766784668,0.971238911151886,-0.621662437915802,0.3218042552471161,-1.8589719533920288,5.396157264709473,0.08645356446504593,2.0810203552246094,-0.02152431383728981,-6.599508762359619,-0.2588701546192169,3.123497486114502,0.635242760181427,2.761882781982422
60995.725158702,0.18851840496063232,-2.6461431980133057,1.1098276376724243,-0.5162178874015808,0.3532010316848755,0.635242760181427,2.761882781982422,0.08141165226697922,2.160244941711426,-0.021615255624055862,-6.945054054260254,-0.20080357789993286,3.1986701488494873,2.762434959411621,0.5206353664398193
60995.740260189,0.18851840496063232,-2.7332825660705566,1.2527192831039429,0.04190419986844063,0.37868985533714294,2.762434959411621,0.5206353664398193,0.08553270995616913,2.3986856937408447,-0.015010925009846687,-8.308218002319336,0.1504610776901245,3.6070609092712402,0.842773973941803,-2.2423763275146484
60995.760533158,0.18851840496063232,-2.693312644958496,1.2771122455596924,0.10998449474573135,0.014332200400531292,0.842773973941803,-2.2423763275146484,0.11165783554315567,2.4968903064727783,0.011446334421634674,-8.863649368286133,0.2477683573961258,4.149243354797363,0.16498416662216187,-0.7310006618499756
60995.781395928,0.18851840496063232,-2.6396901607513428,1.2692168951034546,0.14582747220993042,-0.022172650322318077,0.16498416662216187,-0.7310006618499756,0.08704577386379242,1.630655288696289,0.0006633697194047272,-8.354408264160156,-0.15458309650421143,10.481048583984375,-0.8853214383125305,-0.8060101270675659
60995.805267915,0.18851840496063232,-2.56259822845459,1.2555853128433228,0.2094539850950241,-0.038103487342596054,-0.8853214383125305,-0.8060101270675659,-0.060366466641426086,-0.5842013359069824,-0.018142011016607285,-5.526496410369873,-1.7028287649154663,24.184505462646484,-2.591526508331299,-1.204227089881897
60995.82668193,0.18851840496063232,-2.457753896713257,1.2358043193817139,0.2798042595386505,-0.05309462174773216,-2.591526508331299,-1.204227089881897,0.017597589641809464,-0.5850998163223267,-0.14345216751098633,-5.21025276184082,-1.7033220529556274,4.88861083984375,-5.482020854949951,-1.633030652999878
60995.841469055,0.18851840496063232,-2.3244292736053467,1.2112324237823486,0.3512232005596161,-0.06369443982839584,-5.482020854949951,-1.633030652999878,-0.0028076795861124992,-0.33955711126327515,-0.1337645947933197,-4.847872734069824,0.2413199096918106,3.107635498046875,-7.565445423126221,-1.4456127882003784
60995.861719482,0.18851840496063232,-2.162240505218506,1.1845237016677856,0.4236361086368561,-0.06711927056312561,-7.565445423126221,-1.4456127882003784,0.02017410285770893,-0.2548251152038574,-0.11528855562210083,-4.778411388397217,0.2306566685438156,3.1151552200317383,-7.863533973693848,-1.3375561237335205
60995.882991297,0.18851840496063232,-1.9972609281539917,1.1550441980361938,0.40638014674186707,-0.07506746053695679,-7.863533973693848,-1.3375561237335205,-0.019072620198130608,-0.17637985944747925,-0.10456747561693192,-4.711755275726318,0.1586136817932129,3.3825531005859375,-6.36684513092041,-1.0485873222351074
60995.908234254,0.18851840496063232,-1.8511782884597778,1.1234838962554932,0.34980759024620056,-0.07991008460521698,-6.36684513092041,-1.0485873222351074,-0.022999830543994904,-0.8636634945869446,-0.15819482505321503,-5.401371479034424,-2.883146286010742,21.39417266845703,-5.1883463859558105,-0.8729125261306763
60995.928334874,0.18851840496063232,-1.7147270441055298,1.092389464378357,0.33566391468048096,-0.07717965543270111,-5.1883463859558105,-0.8729125261306763,0.007182479370385408,-0.894847571849823,-0.19236843287944794,-4.959289073944092,0.26098453998565674,2.968196392059326,-4.641096591949463,-0.9154716730117798
60995.943099858,0.18851840496063232,-1.5789415836334229,1.063859462738037,0.33962365984916687,-0.06774701923131943,-4.641096591949463,-0.9154716730117798,0.0023838928900659084,-0.8817642331123352,-0.1897958368062973,-4.761983394622803,0.18789517879486084,3.0593438148498535,-4.352174282073975,-1.015683889389038
60995.963567662,0.18851840496063232,-1.4403398036956787,1.038473129272461,0.34652748703956604,-0.06310993432998657,-4.352174282073975,-1.015683889389038,-0.0050786398351192474,-1.258371114730835,-0.22149816155433655,-5.116020679473877,0.08756735920906067,3.1714072227478027,-3.1990671157836914,-1.2010043859481812
60995.984257713,0.18851840496063232,-1.3043698072433472,1.0118173360824585,0.33662012219429016,-0.06790553778409958,-3.1990671157836914,-1.2010043859481812,-0.04471607133746147,-1.388738989830017,-0.20849190652370453,-4.860751628875732,0.01652863621711731,3.0752692222595215,-1.9302071332931519,-1.2337782382965088
60996.009378176,0.18851840496063232,-1.1640028953552246,0.9818872213363647,0.35427388548851013,-0.07706115394830704,-1.9302071332931519,-1.2337782382965088,-0.05079074203968048,-1.460195541381836,-0.22811159491539001,-4.93922233581543,-0.019901081919670105,3.085550308227539,-0.6300230622291565,-1.2970404624938965
60996.028997575,0.18851840496063232,-1.0068612098693848,0.9473564624786377,0.4029060900211334,-0.09046509116888046,-0.6300230622291565,-1.2970404624938965,-0.05225168168544769,-1.5535755157470703,-0.2572624683380127,-4.83669900894165,-0.08433851599693298,3.1266207695007324,0.5633934736251831,-0.915245532989502
60996.043934762,0.18851840496063232,-0.8308342099189758,0.905318021774292,0.45028790831565857,-0.11082140356302261,0.5633934736251831,-0.915245532989502,-0.04532337188720703,-1.4459232091903687,-0.25671467185020447,-4.444150924682617,-0.4084286689758301,5.168225288391113,1.2942675352096558,0.2492135465145111
60996.064064162,0.18851840496063232,-0.6372490525245667,0.8562212586402893,0.4951166808605194,-0.12802408635616302,1.2942675352096558,0.2492135465145111,-0.0404195636510849,-1.6474628448486328,-0.3441924452781677,-4.858992576599121,-3.2328925132751465,23.35624122619629,2.0704901218414307,2.151242971420288
60996.084821993,0.18851840496063232,-0.4262928366661072,0.7973254919052124,0.5380120873451233,-0.15419508516788483,2.0704901218414307,2.151242971420288,-0.03595350310206413,-1.482884168624878,-0.3331497311592102,-3.8517813682556152,-0.07069969177246094,3.009935140609741,2.012022018432617,4.280717849731445
60996.110250431,0.18851840496063232,-0.19554245471954346,0.7333430051803589,0.590312659740448,-0.16368871927261353,2.012022018432617,4.280717849731445,-0.07097923755645752,-1.2704873085021973,-0.3500641882419586,-3.1612532138824463,0.02001451887190342,2.942894220352173,1.4540213346481323,6.281996726989746
60996.129393531,0.18851840496063232,0.054339710623025894,0.6715148091316223,0.6331881880760193,-0.15611505508422852,1.4540213346481323,6.281996726989746,-0.05578072369098663,-1.1241832971572876,-0.32970288395881653,-2.8125498294830322,0.09878267347812653,2.85499906539917,0.824275553226471,7.4174017906188965
60996.151346088,0.18851840496063232,0.3033742308616638,0.6014720797538757,0.6163123250007629,-0.18561898171901703,0.824275553226471,7.4174017906188965,-0.06541537493467331,-1.1305408477783203,-0.23645497858524323,-2.460599422454834,0.6582299470901489,2.634561777114868,0.5030823349952698,7.931218147277832
60996.166609817,0.18851840496063232,0.2873314619064331,0.5063334107398987,-0.03614501282572746,-0.2385590523481369,0.5030823349952698,7.931218147277832,-0.08601096272468567,-1.2430078983306885,-0.12346222251653671,-2.365607738494873,0.8941587805747986,2.7236011028289795,1.121437668800354,9.25282096862793
60996.187574441,0.18851840496063232,0.2765524387359619,0.4198969602584839,-0.023935630917549133,-0.20799139142036438,1.121437668800354,9.25282096862793,-0.07745278626680374,-1.0377308130264282,-0.11399673670530319,-1.8383432626724243,0.3662312626838684,3.0600125789642334,1.8105849027633667,9.809270858764648
60996.209443002,0.18851840496063232,0.2695003151893616,0.3450004756450653,-0.017234286293387413,-0.18094302713871002,1.8105849027633667,9.809270858764648,-0.07709860056638718,-0.8330349326133728,-0.1064368262887001,-1.4187982082366943,-0.10185149312019348,3.087949275970459,2.1902379989624023,9.674863815307617
60996.234563929,0.18851840496063232,0.2663485109806061,0.2797342836856842,-0.006766829174011946,-0.1573619693517685,2.1902379989624023,9.674863815307617,-0.0869198590517044,-0.708900511264801,-0.08872155845165253,-1.216604471206665,-0.06681070476770401,3.0849108695983887,2.212747573852539,9.086740493774414
60996.255991164,0.18851840496063232,0.26476702094078064,0.22387541830539703,-0.0033468410838395357,-0.1336628645658493,2.212747573852539,9.086740493774414,-0.08079583197832108,-0.49559295177459717,-0.08779070526361465,-0.9152250289916992,-0.034306254237890244,3.060474395751953,2.054769515991211,8.14989948272705
60996.270679639,0.18851840496063232,0.2639366388320923,0.17778266966342926,-0.0017431939486414194,-0.10902228206396103,2.054769515991211,8.14989948272705,-0.0814129114151001,-0.2897814214229584,-0.08539117127656937,-0.7292052507400513,0.0006695268675684929,3.0996038913726807,1.8844022750854492,7.098476409912109
60996.290909649,0.18851840496063232,0.2634354531764984,0.1417185217142105,-0.0010538814822211862,-0.08384398370981216,1.8844022750854492,7.098476409912109,-0.055805787444114685,-0.022897662594914436,-0.06548206508159637,-0.6367373466491699,-0.0009181667119264603,3.087247848510742,1.732001543045044,5.938231945037842
60996.311787731,0.18851840496063232,0.26309698820114136,0.11577843874692917,-0.0007168153533712029,-0.058516304939985275,1.732001543045044,5.938231945037842,-0.03549058362841606,0.2595771253108978,-0.04652823507785797,-0.7374453544616699,0.00909256562590599,3.122319459915161,1.479174256324768,4.93283224105835
60996.337658888,0.18851840496063232,0.26284733414649963,0.09994745254516602,-0.0005324648809619248,-0.03327561169862747,1.479174256324768,4.93283224105835,-0.03612196817994118,0.29708683490753174,-0.05878065526485443,-0.7276914119720459,-0.0006775371730327606,3.1015708446502686,0.8678252100944519,4.441015243530273
60996.358250841,0.18851840496063232,0.2626016438007355,0.09415150433778763,-0.0005203392938710749,-0.008243372663855553,0.8678252100944519,4.441015243530273,-0.01386374980211258,0.5942898988723755,-0.06328152120113373,-1.0667659044265747,-0.005254564341157675,3.1130011081695557,0.22770780324935913,4.107766151428223
60996.37321627,0.18851840496063232,0.2609995901584625,0.09824340045452118,-0.005014634691178799,0.016370194032788277,0.22770780324935913,4.107766151428223,-0.018947722390294075,0.70952308177948,-0.04837159812450409,-1.2515201568603516,-0.0009742709808051586,3.1186764240264893,-0.5915959477424622,3.973738431930542
60996.393461025,0.18851840496063232,0.25106966495513916,0.11185688525438309,-0.030631933361291885,0.03991847112774849,-0.5915959477424622,3.973738431930542,-0.010046294890344143,0.898429811000824,-0.04947162792086601,-1.5996695756912231,0.009296092204749584,3.1200411319732666,-1.264016032218933,3.875412940979004
60996.414955088,0.18851840496063232,0.22367990016937256,0.1332368552684784,-0.07955378293991089,0.060687631368637085,-1.264016032218933,3.875412940979004,-0.034542620182037354,0.5992427468299866,-0.07327142357826233,-1.7679288387298584,-1.88377046585083,6.197017669677734,-2.6005895137786865,4.192691326141357
60996.440885283,0.18851840496063232,0.17344236373901367,0.16397231817245483,-0.13944126665592194,0.08172860741615295,-2.6005895137786865,4.192691326141357,-0.02405186928808689,0.023546114563941956,-0.1487894207239151,-1.531708002090454,-3.9225223064422607,9.61269760131836,-3.165802478790283,4.393068313598633
60996.461412472,0.18851840496063232,0.09959018230438232,0.20137281715869904,-0.1996694654226303,0.09601683169603348,-3.165802478790283,4.393068313598633,-0.01519070379436016,0.036592818796634674,-0.25832027196884155,-1.5113402605056763,-2.7693259716033936,9.754061698913574,-3.1288163661956787,4.886750221252441
60996.475784928,0.18851840496063232,0.0020697233267128468,0.24286532402038574,-0.25841230154037476,0.10548067092895508,-3.1288163661956787,4.886750221252441,0.008487613871693611,0.11081244051456451,-0.27777889370918274,-1.5419503450393677,-1.9422720670700073,12.010100364685059,-3.226444721221924,5.764148712158203
60996.496464645,0.18851840496063232,-0.11862710863351822,0.2862613797187805,-0.3161429762840271,0.10890597105026245,-3.226444721221924,5.764148712158203,-0.010724884457886219,0.27476128935813904,-0.24696266651153564,-1.4131648540496826,0.24189378321170807,2.9861698150634766,-3.4355053901672363,6.666045188903809
60996.517406977,0.18851840496063232,-0.26143211126327515,0.3299432396888733,-0.3692128658294678,0.10932546108961105,-3.4355053901672363,6.666045188903809,-0.016792384907603264,0.29353955388069153,-0.21084219217300415,-1.4359543323516846,0.31575024127960205,2.936526298522949,-3.8989269733428955,7.445628643035889
60996.541470851,0.18851840496063232,-0.42110809683799744,0.37432074546813965,-0.40699201822280884,0.11194778978824615,-3.8989269733428955,7.445628643035889,0.006475229747593403,0.5932419896125793,-0.16492591798305511,-1.7837719917297363,0.25170278549194336,2.866023063659668,-4.633668899536133,8.068564414978027
60996.562332684,0.18851840496063232,-0.593725323677063,0.4209582507610321,-0.43732529878616333,0.11877115070819855,-4.633668899536133,8.068564414978027,0.03270277380943298,0.7268283367156982,-0.18873350322246552,-1.9801324605941772,0.19888150691986084,2.872169017791748,-5.693320274353027,8.624703407287598
60996.58716506,0.18851840496063232,-0.779030978679657,0.4713519811630249,-0.4691971242427826,0.12905143201351166,-5.693320274353027,8.624703407287598,0.040917813777923584,0.9419222474098206,-0.15053093433380127,-2.420775890350342,0.10326547175645828,2.846102476119995,-7.070742130279541,9.184648513793945
60996.612785619,0.18851840496063232,-0.9808623790740967,0.5261878967285156,-0.513258159160614,0.1404268741607666,-7.070742130279541,9.184648513793945,0.03497625142335892,1.1883430480957031,-0.1430380642414093,-2.995884895324707,0.03706422448158264,2.801787853240967,-8.770825386047363,9.708988189697266
60996.647735551,0.18851840496063232,-1.205910325050354,0.5862129330635071,-0.5765134692192078,0.1533353626728058,-8.770825386047363,9.708988189697266,0.051456429064273834,1.2591679096221924,-0.12774547934532166,-3.2847836017608643,0.0006807968020439148,2.7555441856384277,-10.306041717529297,10.148365020751953
60996.71182856,0.18851840496063232,-1.4589259624481201,0.6517754197120667,-0.6513042449951172,0.16788069903850555,-10.306041717529297,10.148365020751953,0.009833237156271935,1.1380951404571533,-0.0021234960295259953,-3.257199764251709,-0.08544853329658508,2.72440767288208,-11.279733657836914,10.32671070098877
60996.75646238,0.18851840496063232,-1.7414339780807495,0.7255426049232483,-0.7240754961967468,0.19085632264614105,-11.279733657836914,10.32671070098877,0.025719165802001953,1.2957732677459717,0.004384507425129414,-3.6876845359802246,-0.1576472520828247,2.6967849731445312,-10.65402603149414,9.776647567749023
60996.789118588,0.18851840496063232,-2.0496983528137207,0.8122439980506897,-0.7846871614456177,0.22652104496955872,-10.65402603149414,9.776647567749023,0.030401527881622314,1.4737056493759155,0.0006464510224759579,-4.312445163726807,-0.2988709807395935,2.796278238296509,-6.212589740753174,7.836333274841309
60996.818151321,0.18851840496063232,-2.3589417934417725,0.9194461703300476,-0.7635409832000732,0.2830505669116974,-6.212589740753174,7.836333274841309,0.052170999348163605,1.800559163093567,-0.01309177279472351,-5.504868507385254,-0.3839496672153473,3.102046251296997,-1.3043206930160522,4.819554328918457
60996.846420374,0.18851840496063232,-2.6246235370635986,1.0534520149230957,-0.6331480741500854,0.3511175811290741,-1.3043206930160522,4.819554328918457,0.07091474533081055,1.981824278831482,0.002208251506090164,-6.413347244262695,-0.0765736773610115,3.1789302825927734,1.2777949571609497,2.279942035675049
60996.874646559,0.18851840496063232,-2.733138084411621,1.2089449167251587,0.040729451924562454,0.42272064089775085,1.2777949571609497,2.279942035675049,0.0856107547879219,2.1186087131500244,-0.012923658825457096,-7.186214447021484,0.2749817967414856,4.591378688812256,0.8621117472648621,-1.9167323112487793
60996.896457238,0.18851840496063232,-2.7035326957702637,1.3067595958709717,0.10525571554899216,0.08238231390714645,0.8621117472648621,-1.9167323112487793,0.08269023895263672,2.138605833053589,0.00450046407058835,-7.308343887329102,0.23856696486473083,4.655845642089844,0.033763349056243896,-1.0693048238754272
60996.921024597,0.18851840496063232,-2.6476645469665527,1.2956595420837402,0.15002532303333282,-0.03821245953440666,0.033763349056243896,-1.0693048238754272,0.11246549338102341,2.2779006958007812,-0.0002559984568506479,-8.159035682678223,-0.10230835527181625,4.220579147338867,-0.039171040058135986,-0.4055045247077942
60996.941507078,0.18851840496063232,-2.572781562805176,1.274082899093628,0.20253124833106995,-0.05538678169250488,-0.039171040058135986,-0.4055045247077942,0.01739511452615261,1.0585912466049194,0.018827062100172043,-7.144425868988037,-0.18965882062911987,10.79058837890625,-1.260743498802185,-0.8732947111129761
60996.956099459,0.18851840496063232,-2.4710710048675537,1.2480456829071045,0.27192506194114685,-0.06826084107160568,-1.260743498802185,-0.8732947111129761,-0.05651336908340454,-0.4832538068294525,-0.019861366599798203,-5.213690757751465,-1.2438976764678955,12.623543739318848,-3.455730438232422,-1.4894018173217773
60996.97641234,0.18851840496063232,-2.3406054973602295,1.2178579568862915,0.3442879617214203,-0.07757804542779922,-3.455730438232422,-1.4894018173217773,-0.03281581401824951,-0.4265480637550354,-0.030634045600891113,-5.037499904632568,-0.56952965259552,6.426418304443359,-6.113646030426025,-1.6425495147705078
60996.997694979,0.18851840496063232,-2.181746006011963,1.1856002807617188,0.41462236642837524,-0.08072374016046524,-6.113646030426025,-1.6425495147705078,-0.05521853640675545,-0.40362629294395447,-0.03933710604906082,-4.957869529724121,-0.10949673503637314,7.498185157775879,-7.337231636047363,-1.3761851787567139
60997.021686175,0.18851840496063232,-1.9996694326400757,1.1547930240631104,0.4656318128108978,-0.0753508135676384,-7.337231636047363,-1.3761851787567139,-0.03770587220788002,-0.6438254117965698,-0.07503140717744827,-5.139916896820068,-1.2100962400436401,16.097246170043945,-6.788909912109375,-1.2852801084518433
60997.043552429,0.18851840496063232,-1.824576497077942,1.1244457960128784,0.4248840808868408,-0.07678847014904022,-6.788909912109375,-1.2852801084518433,-0.01592392846941948,-0.8749954700469971,-0.1350734680891037,-5.270585060119629,-1.2982572317123413,20.1866512298584,-5.332155704498291,-1.059725284576416
60997.058048864,0.18851840496063232,-1.6685640811920166,1.0949885845184326,0.37620654702186584,-0.07272852212190628,-5.332155704498291,-1.059725284576416,-0.0247780941426754,-0.975713849067688,-0.1595485806465149,-5.177321910858154,-0.4678163528442383,18.16292953491211,-4.578403949737549,-1.0229463577270508
60997.078212279,0.18851840496063232,-1.521868109703064,1.0678319931030273,0.35864436626434326,-0.0676637664437294,-4.578403949737549,-1.0229463577270508,-0.027570493519306183,-1.1535708904266357,-0.20197156071662903,-5.338120460510254,-0.8749597072601318,15.832255363464355,-3.7950921058654785,-1.1287436485290527
60997.099629483,0.18851840496063232,-1.3798413276672363,1.0445191860198975,0.3519993722438812,-0.05737534910440445,-3.7950921058654785,-1.1287436485290527,-0.0041511645540595055,-1.6366287469863892,-0.29328465461730957,-6.167394638061523,-2.8711907863616943,36.76404571533203,-2.948667526245117,-1.463623285293579
60997.124033325,0.18851840496063232,-1.2368119955062866,1.020950436592102,0.3573213815689087,-0.06084218621253967,-2.948667526245117,-1.463623285293579,-0.0022102361544966698,-1.4759488105773926,-0.26095667481422424,-5.120454788208008,0.0756661593914032,3.039954662322998,-1.9071069955825806,-1.512112021446228
60997.144534154,0.18851840496063232,-1.0876741409301758,0.9926198720932007,0.3757251501083374,-0.0755709856748581,-1.9071069955825806,-1.512112021446228,-0.026412712410092354,-1.2632036209106445,-0.27934664487838745,-4.49175500869751,-0.023922519758343697,3.0345816612243652,-0.8790301084518433,-1.4691898822784424
60997.159297868,0.18851840496063232,-0.929367184638977,0.9571818113327026,0.40142354369163513,-0.09139537066221237,-0.8790301084518433,-1.4691898822784424,-0.04033416882157326,-1.9406297206878662,-0.3246500790119171,-5.485755443572998,-0.14499923586845398,3.142267942428589,1.2001928091049194,-0.7274326086044312
60997.180676188,0.18851840496063232,-0.754781186580658,0.9146707057952881,0.4452287256717682,-0.11222647875547409,1.2001928091049194,-0.7274326086044312,-0.057299014180898666,-1.9753131866455078,-0.32777994871139526,-5.4715681076049805,-0.13302482664585114,3.1411123275756836,2.1901116371154785,0.9123592376708984
60997.202705743,0.18851840496063232,-0.5622330904006958,0.8623952865600586,0.4930044710636139,-0.13714738190174103,2.1901116371154785,0.9123592376708984,-0.05706311762332916,-1.643781304359436,-0.31031808257102966,-4.1496076583862305,-0.05947274714708328,3.040872812271118,2.2202634811401367,2.704881429672241
60997.227949608,0.18851840496063232,-0.35169321298599243,0.7987391352653503,0.5373114943504333,-0.16700159013271332,2.2202634811401367,2.704881429672241,-0.04818480461835861,-1.4392306804656982,-0.3076030910015106,-3.3502845764160156,0.018370667472481728,2.9571609497070312,1.8871036767959595,4.851734638214111
60997.248671232,0.18851840496063232,-0.11982469260692596,0.7318381071090698,0.5943238735198975,-0.1698973923921585,1.8871036767959595,4.851734638214111,-0.06108345836400986,-1.206742286682129,-0.31255969405174255,-2.7125213146209717,0.13774091005325317,2.8396048545837402,1.1614102125167847,6.752505302429199
60997.262888699,0.18851840496063232,0.12717005610466003,0.6660823225975037,0.6222960352897644,-0.16706277430057526,1.1614102125167847,6.752505302429199,-0.05461365729570389,-0.9917365312576294,-0.2624230980873108,-2.20924711227417,0.5040807127952576,2.689945936203003,0.7106609344482422,7.691655158996582
60997.285554331,0.18851840496063232,0.3659156262874603,0.5863139033317566,0.5857052206993103,-0.21425984799861908,0.7106609344482422,7.691655158996582,-0.042170219123363495,-0.958501935005188,-0.281640887260437,-2.0316076278686523,0.7306740283966064,2.6244492530822754,0.46594077348709106,8.30433464050293
60997.307678139,0.18851840496063232,0.32260236144065857,0.48567959666252136,-0.09483778476715088,-0.24824605882167816,0.46594077348709106,8.30433464050293,-0.046372659504413605,-0.733197033405304,-0.23574630916118622,-1.6185100078582764,1.019375205039978,2.713522434234619,1.2400842905044556,9.411886215209961
60997.344094024,0.18851840496063232,0.29423490166664124,0.3976641297340393,-0.06762976944446564,-0.21104000508785248,1.2400842905044556,9.411886215209961,-0.06573092937469482,-0.4120313823223114,-0.1923608034849167,-1.287855863571167,-0.07202212512493134,3.1579203605651855,1.9415310621261597,9.53188705444336
60997.361528691,0.18851840496063232,0.2711436152458191,0.32148510217666626,-0.056644707918167114,-0.18444126844406128,1.9415310621261597,9.53188705444336,-0.032665010541677475,-0.20573413372039795,-0.214854896068573,-1.1215959787368774,-0.04336469620466232,3.1008288860321045,2.069063425064087,8.874612808227539
60997.38409066,0.18851840496063232,0.256641149520874,0.25455376505851746,-0.02999812364578247,-0.16161799430847168,2.069063425064087,8.874612808227539,-0.028286680579185486,-0.08877024799585342,-0.19428832828998566,-1.1201518774032593,-0.03495025634765625,3.0933191776275635,2.065145969390869,8.055727005004883
60997.405191095,0.18851840496063232,0.2537231147289276,0.1971655637025833,0.0003185143868904561,-0.13725394010543823,2.065145969390869,8.055727005004883,-0.024612408131361008,0.026207689195871353,-0.19361966848373413,-1.0853562355041504,-0.013488547876477242,3.0770139694213867,1.9792526960372925,7.136966705322266
60997.427770571,0.18851840496063232,0.26303407549858093,0.14998392760753632,0.030901936814188957,-0.11145792156457901,1.9792526960372925,7.136966705322266,-0.007221553474664688,0.39591503143310547,-0.1749868541955948,-1.2970800399780273,-0.04026607424020767,3.09962797164917,1.9867734909057617,5.886289596557617
60997.453562135,0.18851840496063232,0.26296180486679077,0.11240080744028091,-0.00015086462371982634,-0.08771496266126633,1.9867734909057617,5.886289596557617,-0.0022469917312264442,0.47021758556365967,-0.182704359292984,-1.3566651344299316,-0.001297835260629654,3.128457546234131,1.7878590822219849,5.140491008758545
60997.474294162,0.18851840496063232,0.2629081904888153,0.08654045313596725,-0.00014499961980618536,-0.05922028422355652,1.7878590822219849,5.140491008758545,-0.016106219962239265,0.345430463552475,-0.03741646930575371,-1.463649868965149,0.5658199191093445,6.477109432220459,1.1722418069839478,4.9211578369140625
60997.489712077,0.18851840496063232,0.26277533173561096,0.0707254409790039,-0.00029149482725188136,-0.03293132781982422,1.1722418069839478,4.9211578369140625,-0.09401050955057144,-0.1663777232170105,0.2619384825229645,-1.3164644241333008,1.4280940294265747,12.956533432006836,0.5739297270774841,5.041872024536133
60997.510601543,0.18851840496063232,0.26243239641189575,0.06519341468811035,-0.0007285311003215611,-0.007573246490210295,0.5739297270774841,5.041872024536133,-0.06472519040107727,0.004484876524657011,0.12853823602199554,-1.3943082094192505,-2.7819113731384277,7.964809894561768,-0.3935311436653137,4.5092267990112305
60997.533146933,0.18851840496063232,0.25752389430999756,0.06950168311595917,-0.015636559575796127,0.016897017136216164,-0.3935311436653137,4.5092267990112305,-0.04970092326402664,0.02555406093597412,0.02075066789984703,-1.401482343673706,-3.011237144470215,9.527482032775879,-1.4258453845977783,4.258478164672852
60997.560931337,0.18851840496063232,0.23743008077144623,0.0830933079123497,-0.06045622378587723,0.03959527239203453,-1.4258453845977783,4.258478164672852,-0.0497087687253952,0.026877375319600105,0.013588153757154942,-1.4159119129180908,-2.9325802326202393,9.455489158630371,-2.124048948287964,4.1780686378479
60997.588296629,0.18851840496063232,0.1939070075750351,0.10492396354675293,-0.12429698556661606,0.0593293271958828,-2.124048948287964,4.1780686378479,-0.03460380434989929,0.02077319845557213,-0.1241624504327774,-1.408699870109558,-2.4470887184143066,9.111689567565918,-2.470552921295166,4.330399990081787
60997.616883069,0.18851840496063232,0.12615250051021576,0.1336999535560608,-0.1842399388551712,0.0760151669383049,-2.470552921295166,4.330399990081787,-0.020390255376696587,0.07129857689142227,-0.13800491392612457,-1.37147057056427,-1.5905261039733887,7.203854560852051,-2.5895395278930664,4.79366397857666
60997.64392833,0.18851840496063232,0.03458397835493088,0.16681312024593353,-0.24371285736560822,0.08511902391910553,-2.5895395278930664,4.79366397857666,-0.025438308715820312,0.09806112945079803,-0.21344222128391266,-1.3077105283737183,0.2181161791086197,7.459424018859863,-2.572392463684082,5.482431888580322
60997.667807077,0.18851840496063232,-0.08022566884756088,0.20233137905597687,-0.3011375665664673,0.0894741490483284,-2.572392463684082,5.482431888580322,-0.012059408240020275,0.10677967965602875,-0.18610291182994843,-1.3352813720703125,0.24314312636852264,7.824045658111572,-2.7751736640930176,6.273503303527832
60997.686967982,0.18851840496063232,-0.21260623633861542,0.23923009634017944,-0.33916136622428894,0.09282422810792923,-2.7751736640930176,6.273503303527832,-0.006312178447842598,0.31675031781196594,-0.13540710508823395,-1.3971459865570068,0.26724502444267273,2.9519779682159424,-3.2054708003997803,6.843006134033203
60997.704282133,0.18851840496063232,-0.35622313618659973,0.27803054451942444,-0.3637298047542572,0.0989190861582756,-3.2054708003997803,6.843006134033203,-0.021141383796930313,0.3511366546154022,-0.07110407948493958,-1.4631950855255127,0.2405061274766922,2.9281411170959473,-3.8121261596679688,7.360507011413574
60997.724522388,0.18851840496063232,-0.50789874792099,0.32060539722442627,-0.38217779994010925,0.10952699184417725,-3.8121261596679688,7.360507011413574,0.001013725996017456,0.5088385939598083,-0.06630520522594452,-1.630500078201294,0.18659140169620514,2.9377968311309814,-4.656239986419678,7.836645603179932
60997.746546343,0.18851840496063232,-0.6668163537979126,0.36851128935813904,-0.3999731242656708,0.12375600636005402,-4.656239986419678,7.836645603179932,0.00785477738827467,0.7576221823692322,-0.09126076847314835,-2.024714231491089,0.10530002415180206,2.9290900230407715,-5.855874061584473,8.321460723876953
60997.77244239,0.18851840496063232,-0.834967851638794,0.4231681823730469,-0.4247082769870758,0.14087331295013428,-5.855874061584473,8.321460723876953,-0.0007216157391667366,0.8960768580436707,-0.04325256124138832,-2.3206839561462402,0.05180437117815018,2.900974750518799,-7.309146404266357,8.868806838989258
60997.798769265,0.18851840496063232,-1.0193184614181519,0.48352840542793274,-0.46992024779319763,0.15470032393932343,-7.309146404266357,8.868806838989258,-0.006101658567786217,0.7822951674461365,0.09847662597894669,-2.2944798469543457,0.06174258515238762,2.8712692260742188,-8.676777839660645,9.472403526306152
60997.826767384,0.18851840496063232,-1.2275679111480713,0.5487077236175537,-0.5363163352012634,0.16592560708522797,-8.676777839660645,9.472403526306152,-0.010141108185052872,1.1145976781845093,0.09501077979803085,-3.064547061920166,0.010526031255722046,2.754974603652954,-10.299480438232422,10.015361785888672
60997.851137759,0.18851840496063232,-1.4638729095458984,0.6190058588981628,-0.6090558171272278,0.17941157519817352,-10.299480438232422,10.015361785888672,-0.016965873539447784,1.2584699392318726,0.08734463155269623,-3.4576034545898438,-0.04338054731488228,2.710315465927124,-11.338107109069824,10.288975715637207
60997.873237995,0.18851840496063232,-1.7291587591171265,0.6967480778694153,-0.6809031367301941,0.20013545453548431,-11.338107109069824,10.288975715637207,-0.0037880120798945427,1.4027884006500244,0.10813235491514206,-3.9051411151885986,-0.13303112983703613,2.7219643592834473,-10.780314445495605,9.911568641662598
60997.907608332,0.18851840496063232,-2.0206007957458496,0.786062479019165,-0.7432889342308044,0.23202519118785858,-10.780314445495605,9.911568641662598,0.008309842087328434,1.5784573554992676,0.10289150476455688,-4.580090045928955,-0.253244549036026,2.7626824378967285,-6.558916091918945,8.193735122680664
60997.941259738,0.18851840496063232,-2.31887149810791,0.8935546875,-0.7407721281051636,0.2822932302951813,-6.558916091918945,8.193735122680664,0.014773223549127579,1.770586371421814,0.09387977421283722,-5.278494358062744,-0.338161438703537,2.8695216178894043,-1.675850749015808,5.2420654296875
60997.971587481,0.18851840496063232,-2.575949192047119,1.0268765687942505,-0.6117860078811646,0.34937137365341187,-1.675850749015808,5.2420654296875,0.027247585356235504,2.0000433921813965,0.08461178094148636,-6.347253799438477,-0.24966274201869965,3.116197347640991,0.9366932511329651,2.6037702560424805
60998.000487242,0.18851840496063232,-2.7911007404327393,1.172068476676941,-0.5153883099555969,0.36651578545570374,0.9366932511329651,2.6037702560424805,0.04562361165881157,2.1532833576202393,0.08727600425481796,-7.141956806182861,-0.017336547374725342,3.057232141494751,3.043577194213867,0.3560592830181122
60998.030728658,0.18851840496063232,-2.741973876953125,1.2779088020324707,0.1432170867919922,0.11611848324537277,3.043577194213867,0.3560592830181122,0.06085287779569626,2.280754327774048,0.10104600340127945,-7.742519378662109,0.13282401859760284,2.994826078414917,1.4917417764663696,-1.0919743776321411
60998.060316272,0.18851840496063232,-2.6742634773254395,1.2796562910079956,0.17804856598377228,-0.00687756109982729,1.4917417764663696,-1.0919743776321411,0.04819235950708389,2.5037143230438232,0.11251956969499588,-9.128340721130371,0.5493744611740112,3.1487691402435303,0.39676445722579956,-0.5595145225524902
60998.082914881,0.18851840496063232,-2.59112811088562,1.2701269388198853,0.22181391716003418,-0.0230615995824337,0.39676445722579956,-0.5595145225524902,0.02417602203786373,2.385639190673828,0.11206788569688797,-9.217312812805176,0.44541993737220764,4.306517124176025,-0.9289737343788147,-0.7320089340209961
60998.107457853,0.18851840496063232,-2.481665849685669,1.2577162981033325,0.2917488217353821,-0.03414411470293999,-0.9289737343788147,-0.7320089340209961,-0.04393072426319122,-0.8229179382324219,-0.057111117988824844,-5.877440929412842,-1.935555338859558,35.89109802246094,-3.9559261798858643,-1.6636792421340942
60998.127515657,0.18851840496063232,-2.342987060546875,1.2402368783950806,0.36504805088043213,-0.04649410769343376,-3.9559261798858643,-1.6636792421340942,-0.042990997433662415,-0.8743360638618469,-0.08451291918754578,-5.303347110748291,0.3494509160518646,3.1706836223602295,-7.407364845275879,-1.6298506259918213
60998.142912807,0.18851840496063232,-2.1748101711273193,1.219675898551941,0.43897315859794617,-0.05238239839673042,-7.407364845275879,-1.6298506259918213,-0.0251021571457386,-0.6888912916183472,-0.07423052936792374,-5.001704692840576,0.25887033343315125,3.1196601390838623,-8.360151290893555,-1.4078423976898193
60998.164104954,0.18851840496063232,-1.9993183612823486,1.1957811117172241,0.4361012578010559,-0.06215767189860344,-8.360151290893555,-1.4078423976898193,-0.06225664168596268,-0.4868911802768707,-0.05899299308657646,-4.740472793579102,0.21034875512123108,3.112679958343506,-6.7755608558654785,-1.1479116678237915
60998.18570671,0.18851840496063232,-1.8471132516860962,1.1661286354064941,0.3597276210784912,-0.07829215377569199,-6.7755608558654785,-1.1479116678237915,-0.033537574112415314,-0.32781264185905457,-0.06192243844270706,-4.5704121589660645,0.2346041053533554,2.9496352672576904,-5.305056571960449,-0.8018694519996643
60998.210290426,0.18851840496063232,-1.7146673202514648,1.132922887802124,0.31923067569732666,-0.08316910266876221,-5.305056571960449,-0.8018694519996643,-0.034081920981407166,-0.3844960331916809,-0.04561127722263336,-4.696455001831055,-0.030423972755670547,7.785392761230469,-4.417060375213623,-0.6620405912399292
60998.231560619,0.18851840496063232,-1.585370659828186,1.1024419069290161,0.3229387700557709,-0.07382424920797348,-4.417060375213623,-0.6620405912399292,-0.0376306027173996,-1.2336199283599854,-0.15070559084415436,-5.631752967834473,-1.2954250574111938,29.456809997558594,-3.7594947814941406,-0.9391235113143921
60998.246919451,0.18851840496063232,-1.4496053457260132,1.075404167175293,0.3424898684024811,-0.06622729450464249,-3.7594947814941406,-0.9391235113143921,-0.039253007620573044,-1.3421971797943115,-0.18248394131660461,-5.160760402679443,0.11051321029663086,3.1192495822906494,-3.144944190979004,-1.0712143182754517
60998.267670325,0.18851840496063232,-1.3055146932601929,1.049662470817566,0.3636978566646576,-0.06479814648628235,-3.144944190979004,-1.0712143182754517,-0.022819269448518753,-1.1382250785827637,-0.18024340271949768,-4.682679176330566,0.04478179290890694,3.111358404159546,-2.6836490631103516,-1.2437350749969482
60998.28878004,0.18851840496063232,-1.1558300256729126,1.0218565464019775,0.37508970499038696,-0.07108845561742783,-2.6836490631103516,-1.2437350749969482,-0.0404423251748085,-1.6610525846481323,-0.2602115571498871,-5.605937480926514,-1.841551423072815,25.39678955078125,-0.9556657671928406,-1.3589533567428589
60998.313753157,0.18851840496063232,-1.0020095109939575,0.9900163412094116,0.38560810685157776,-0.08437280356884003,-0.9556657671928406,-1.3589533567428589,-0.051115408539772034,-1.8033846616744995,-0.29016876220703125,-5.83266019821167,-2.1326687335968018,28.658489227294922,0.766032874584198,-1.0157005786895752
60998.334207393,0.18851840496063232,-0.8321412205696106,0.9512121677398682,0.4365230202674866,-0.10176562517881393,0.766032874584198,-1.0157005786895752,-0.042651280760765076,-1.4758985042572021,-0.28685373067855835,-4.3155670166015625,-0.08844378590583801,3.108433961868286,1.2102888822555542,-0.12879565358161926
60998.349175401,0.18851840496063232,-0.6428765654563904,0.9038189649581909,0.4849676191806793,-0.12449648231267929,1.2102888822555542,-0.12879565358161926,-0.050773508846759796,-1.3802211284637451,-0.26833510398864746,-4.006021976470947,-0.09504438936710358,3.0707294940948486,1.804169774055481,1.6450989246368408
60998.370351731,0.18851840496063232,-0.4368651211261749,0.8456288576126099,0.5224867463111877,-0.1531035602092743,1.804169774055481,1.6450989246368408,-0.04446830227971077,-1.359740138053894,-0.2810865044593811,-3.942394256591797,-0.7097530364990234,12.194317817687988,2.122448444366455,3.8663229942321777
60998.391487205,0.18851840496063232,-0.21458964049816132,0.7814467549324036,0.5675851702690125,-0.16549715399742126,2.122448444366455,3.8663229942321777,-0.07309641689062119,-1.9069474935531616,-0.3832548260688782,-4.269367694854736,0.2485102266073227,0.40964794158935547,1.6122195720672607,5.774227142333984
60998.415566072,0.18851840496063232,0.02771330438554287,0.718437910079956,0.6156315207481384,-0.15952257812023163,1.6122195720672607,5.774227142333984,-0.0733080729842186,-1.871934413909912,-0.38666439056396484,-4.169163227081299,0.11514485627412796,2.8589248657226562,0.7559546828269958,6.907543182373047
60998.437794153,0.18851840496063232,0.2732792794704437,0.6487681865692139,0.6104186177253723,-0.18233980238437653,0.7559546828269958,6.907543182373047,-0.08194798976182938,-1.6943482160568237,-0.38248398900032043,-3.3473780155181885,0.4431892931461334,2.686312198638916,0.10571998357772827,7.265098571777344
60998.466591771,0.18851840496063232,0.27024441957473755,0.5539781451225281,-0.008089237846434116,-0.23956334590911865,0.10571998357772827,7.265098571777344,-0.0700448751449585,-1.452764868736267,-0.34089431166648865,-2.5409605503082275,0.8568883538246155,2.647923707962036,0.5098693370819092,8.34922981262207
60998.492165933,0.18851840496063232,0.2667841911315918,0.46533453464508057,-0.008191912434995174,-0.21461156010627747,0.5098693370819092,8.34922981262207,-0.07229255884885788,-1.1870391368865967,-0.2912481427192688,-1.7853796482086182,0.34960460662841797,3.0139591693878174,1.1079950332641602,9.019111633300781
60998.533543301,0.18851840496063232,0.2606862485408783,0.387112557888031,-0.019528452306985855,-0.18963243067264557,1.1079950332641602,9.019111633300781,-0.06786245107650757,-1.0666260719299316,-0.2866767644882202,-1.467085361480713,-0.034687645733356476,3.138167142868042,1.6765153408050537,9.26729965209961
60998.573681484,0.18851840496063232,0.2534366250038147,0.31820225715637207,-0.01815713755786419,-0.1665278524160385,1.6765153408050537,9.26729965209961,-0.07661372423171997,-0.8087623715400696,-0.2671247124671936,-0.9314091801643372,-0.003891619388014078,3.073462724685669,1.9641953706741333,9.022027015686035
60998.604448709,0.18851840496063232,0.2525170147418976,0.25888097286224365,0.002584748202934861,-0.14214275777339935,1.9641953706741333,9.022027015686035,-0.06868639588356018,-0.5885259509086609,-0.271687775850296,-0.6163876056671143,0.0019757801201194525,3.0531156063079834,1.9429707527160645,8.269283294677734
60998.63396497,0.18851840496063232,0.2623004615306854,0.2096894085407257,0.03137723729014397,-0.11655410379171371,1.9429707527160645,8.269283294677734,-0.07193836569786072,-0.4614488184452057,-0.27881795167922974,-0.4612118601799011,0.0024280957877635956,3.071202039718628,1.8210972547531128,7.336753845214844
60998.660796178,0.18851840496063232,0.2627561688423157,0.1700240671634674,0.00015011783398222178,-0.09300166368484497,1.8210972547531128,7.336753845214844,-0.050862643867731094,-0.08875226974487305,-0.25789204239845276,-0.24607864022254944,0.03333071991801262,3.107823610305786,1.722971796989441,6.166055679321289
60998.686236765,0.18851840496063232,0.26271936297416687,0.14049771428108215,-9.398668044013903e-05,-0.06739809364080429,1.722971796989441,6.166055679321289,-0.052815698087215424,-0.04544830322265625,-0.2656211256980896,-0.25413787364959717,0.004091785289347172,3.105743169784546,1.4356399774551392,5.301161766052246
60998.707838819,0.18851840496063232,0.2626473605632782,0.12118865549564362,-0.0001526705891592428,-0.041923075914382935,1.4356399774551392,5.301161766052246,-0.0403934083878994,0.18357841670513153,-0.25636157393455505,-0.3120135962963104,0.009350231848657131,3.1068525314331055,1.105033040046692,4.577073574066162
60998.723897619,0.18851840496063232,0.26248833537101746,0.11196934431791306,-0.0003192103176843375,-0.01677669957280159,1.105033040046692,4.577073574066162,-0.03321470692753792,0.3875928521156311,-0.2251872718334198,-0.4237087070941925,-0.004552597180008888,3.1037073135375977,0.6331174969673157,4.145687580108643
60998.74648786,0.18851840496063232,0.2622532844543457,0.11272098869085312,-0.000491068756673485,0.008081103675067425,0.6331174969673157,4.145687580108643,-0.02676834724843502,0.5806437730789185,-0.21789054572582245,-0.6567848324775696,-0.008573783561587334,3.1179604530334473,-0.0814405083656311,3.9759724140167236
60998.772051091,0.18851840496063232,0.25810667872428894,0.12319159507751465,-0.013234998099505901,0.03219928592443466,-0.0814405083656311,3.9759724140167236,-0.005471355281770229,0.8158895969390869,-0.2175370752811432,-1.0652906894683838,0.0004659360274672508,3.1343533992767334,-0.8802356719970703,3.9121463298797607
60998.799060712,0.18851840496063232,0.24221910536289215,0.14298014342784882,-0.04754669964313507,0.05522049218416214,-0.8802356719970703,3.9121463298797607,0.0047105769626796246,1.0806145668029785,-0.21765165030956268,-1.6485967636108398,0.01716969534754753,3.0981783866882324,-1.5479663610458374,3.8627665042877197
60998.823762419,0.18851840496063232,0.206635981798172,0.17147469520568848,-0.10134571045637131,0.07646492123603821,-1.5479663610458374,3.8627665042877197,0.017368623986840248,1.2231934070587158,-0.19298431277275085,-2.1243486404418945,0.028334714472293854,3.0820350646972656,-2.0979230403900146,4.01706075668335
60998.845734412,0.18851840496063232,0.14724043011665344,0.2065982222557068,-0.16436859965324402,0.08966189622879028,-2.0979230403900146,4.01706075668335,0.010465135797858238,0.5855978727340698,-0.23760385811328888,-2.2912545204162598,1.550459861755371,60.39244079589844,-3.3941490650177,4.965280532836914
60998.866530738,0.18851840496063232,0.06347426772117615,0.24882592260837555,-0.22424352169036865,0.10908427089452744,-3.3941490650177,4.965280532836914,-0.01044340431690216,0.05536546930670738,-0.2529498338699341,-2.061323404312134,1.5771751403808594,76.72203826904297,-3.398685932159424,5.176255226135254
60998.891928924,0.18851840496063232,-0.04371621087193489,0.2949627935886383,-0.2824822664260864,0.11663760989904404,-3.398685932159424,5.176255226135254,-0.009881071746349335,0.1117042601108551,-0.29122674465179443,-1.4480363130569458,-1.3109185695648193,6.8190107345581055,-3.588656425476074,6.191347122192383
60998.912258287,0.18851840496063232,-0.17398487031459808,0.34216395020484924,-0.34001976251602173,0.11815070360898972,-3.588656425476074,6.191347122192383,0.026701053604483604,0.45571208000183105,-0.2799978256225586,-1.5937070846557617,0.3028576672077179,2.9363298416137695,-3.954103708267212,7.122259616851807
60998.926862681,0.18851840496063232,-0.326241135597229,0.3899502158164978,-0.3935210108757019,0.11878392845392227,-3.954103708267212,7.122259616851807,0.00248372508212924,0.48980388045310974,-0.23478764295578003,-1.6110098361968994,0.3328467905521393,2.908353328704834,-4.533095836639404,7.91718864440918
60998.947044717,0.18851840496063232,-0.49803951382637024,0.4376087486743927,-0.4390536844730377,0.11981036514043808,-4.533095836639404,7.91718864440918,0.0034204027615487576,0.6818186640739441,-0.09168974310159683,-1.9024499654769897,0.2226911336183548,2.8306117057800293,-5.275952339172363,8.557703971862793
60998.969089474,0.18851840496063232,-0.6865587830543518,0.48681098222732544,-0.4793987274169922,0.1247212216258049,-5.275952339172363,8.557703971862793,-0.0020550615154206753,0.7576646208763123,-0.10913177579641342,-2.0896224975585938,0.16889122128486633,2.8145182132720947,-6.467569351196289,9.15022087097168
60998.996431882,0.18851840496063232,-0.8911415934562683,0.5391671657562256,-0.5192186236381531,0.13372908532619476,-6.467569351196289,9.15022087097168,0.002051497809588909,0.9579201936721802,-0.1119828075170517,-2.500483274459839,0.05988491699099541,2.8038437366485596,-8.024056434631348,9.717925071716309
60999.022608881,0.18851840496063232,-1.1163405179977417,0.595594584941864,-0.5741228461265564,0.14433732628822327,-8.024056434631348,9.717925071716309,0.022402681410312653,1.1997326612472534,-0.08677421510219574,-3.0894827842712402,-0.01842678152024746,2.7680914402008057,-9.68059253692627,10.159271240234375
60999.04035588,0.18851840496063232,-1.3677974939346313,0.6570035219192505,-0.6458246111869812,0.15715456008911133,-9.68059253692627,10.159271240234375,0.033231064677238464,1.2797675132751465,-0.08998145163059235,-3.2591936588287354,-0.04478997737169266,2.72529935836792,-10.853964805603027,10.325241088867188
60999.067444992,0.18851840496063232,-1.6486908197402954,0.7256354689598083,-0.7207316160202026,0.17723846435546875,-10.853964805603027,10.325241088867188,0.05569436028599739,1.5722109079360962,-0.08245071768760681,-4.311398983001709,-0.18843711912631989,2.7261719703674316,-9.773966789245605,9.463619232177734
60999.095549401,0.18851840496063232,-1.9570034742355347,0.805974006652832,-0.7861470580101013,0.20991407334804535,-9.773966789245605,9.463619232177734,0.07998131215572357,1.691459059715271,-0.09287464618682861,-4.744255542755127,-0.2725990414619446,2.739001750946045,-4.812302589416504,7.140353202819824
60999.124281157,0.18851840496063232,-2.2615785598754883,0.9073055386543274,-0.747574508190155,0.2692440152168274,-4.812302589416504,7.140353202819824,0.08897093683481216,1.9451124668121338,-0.09873676300048828,-5.840479850769043,-0.4029851257801056,3.0421295166015625,-0.7940168976783752,4.206440448760986
60999.153571614,0.18851840496063232,-2.521160125732422,1.0363726615905762,-0.6176090240478516,0.3393860459327698,-0.7940168976783752,4.206440448760986,0.10389567166566849,2.0652379989624023,-0.10058808326721191,-6.411544322967529,-0.3384094834327698,3.190567970275879,1.5275413990020752,1.8416094779968262
60999.182326865,0.18851840496063232,-2.7397077083587646,1.1715977191925049,-0.5247146487236023,0.33753320574760437,1.5275413990020752,1.8416094779968262,0.11877723783254623,2.2629599571228027,-0.08961514383554459,-7.386113166809082,-0.027839420363307,3.0879604816436768,3.1613190174102783,0.10450121760368347
60999.211519709,0.18851840496063232,-2.7142984867095947,1.2742016315460205,0.0879729613661766,0.12995706498622894,3.1613190174102783,0.10450121760368347,0.1418456733226776,2.406071662902832,-0.1007930338382721,-8.32807731628418,0.31186291575431824,3.5296831130981445,1.4597828388214111,-1.1814796924591064
60999.233804893,0.18851840496063232,-2.670302391052246,1.2752960920333862,0.1159374937415123,-0.014204062521457672,1.4597828388214111,-1.1814796924591064,0.07548780739307404,1.640704870223999,-0.041805412620306015,-7.871687412261963,5.5950212478637695,64.62834167480469,0.3818439841270447,-0.8143306970596313
60999.25804172,0.18851840496063232,-2.6086783409118652,1.2645540237426758,0.16906170547008514,-0.031254809349775314,0.3818439841270447,-0.8143306970596313,-0.024904705584049225,0.07483559101819992,-0.0005965540185570717,-5.958161354064941,12.09520149230957,145.9818115234375,-0.6888650059700012,-0.8851964473724365
60999.279528675,0.18851840496063232,-2.520974636077881,1.247130274772644,0.23642800748348236,-0.04737291857600212,-0.6888650059700012,-0.8851964473724365,-0.035945143550634384,-0.17588840425014496,-0.01423678733408451,-5.00758695602417,-0.37406212091445923,11.209331512451172,-2.5649056434631348,-1.3387699127197266
60999.294608479,0.18851840496063232,-2.4054739475250244,1.2244453430175781,0.3062344789505005,-0.05941331014037132,-2.5649056434631348,-1.3387699127197266,-0.04470241442322731,-0.24961887300014496,-0.028682036325335503,-5.010727405548096,-0.5257403254508972,10.30898666381836,-5.208911418914795,-1.6412272453308105
60999.31495568,0.18851840496063232,-2.2619855403900146,1.1988052129745483,0.37623560428619385,-0.06499960273504257,-5.208911418914795,-1.6412272453308105,-0.03769182041287422,-0.2872311770915985,-0.06422286480665207,-4.9944329261779785,-0.6194992661476135,11.082135200500488,-7.771468162536621,-1.5194296836853027
60999.33607967,0.18851840496063232,-2.090435266494751,1.173540711402893,0.44639912247657776,-0.061754997819662094,-7.771468162536621,-1.5194296836853027,-0.03905504196882248,-0.4564381241798401,-0.0964202806353569,-5.028672218322754,-0.8283068537712097,13.471318244934082,-7.801418304443359,-1.3722137212753296
60999.360601504,0.18851840496063232,-1.9229353666305542,1.1474552154541016,0.4071815013885498,-0.06640076637268066,-7.801418304443359,-1.3722137212753296,-0.012396566569805145,-0.608684241771698,-0.12598104774951935,-5.0455546379089355,-1.0400726795196533,13.555853843688965,-6.292886257171631,-1.0677790641784668
60999.380751408,0.18851840496063232,-1.780079960823059,1.1194474697113037,0.33747002482414246,-0.07179978489875793,-6.292886257171631,-1.0677790641784668,-0.01178248692303896,-0.7778375148773193,-0.15043717622756958,-5.012940883636475,0.8656539916992188,17.251850128173828,-4.908051013946533,-0.8057502508163452
60999.395460508,0.18851840496063232,-1.6526306867599487,1.0924922227859497,0.31050094962120056,-0.06608741730451584,-4.908051013946533,-0.8057502508163452,-0.04578233137726784,-0.9206077456474304,-0.12798886001110077,-5.036168575286865,1.634245753288269,21.482906341552734,-4.357204914093018,-0.8491429090499878
60999.415680194,0.18851840496063232,-1.525173306465149,1.0684897899627686,0.3171193301677704,-0.058958668261766434,-4.357204914093018,-0.8491429090499878,-0.03276324272155762,-1.2044899463653564,-0.10887894779443741,-5.364538192749023,1.5624147653579712,25.559701919555664,-3.6124954223632812,-1.028794527053833
60999.437244296,0.18851840496063232,-1.3947821855545044,1.0481427907943726,0.3271387815475464,-0.05018795654177666,-3.6124954223632812,-1.028794527053833,-0.09507240355014801,-1.5558667182922363,-0.08658528327941895,-5.600335121154785,1.5252455472946167,26.476062774658203,-2.537961006164551,-1.1774044036865234
60999.464228479,0.18851840496063232,-1.2571898698806763,1.0273476839065552,0.3474060297012329,-0.05388021469116211,-2.537961006164551,-1.1774044036865234,-0.08634906262159348,-1.3959985971450806,-0.093317411839962,-4.900062084197998,0.029545946046710014,3.083843946456909,-1.7615383863449097,-1.3001357316970825
60999.483876875,0.18851840496063232,-1.105107307434082,1.0027445554733276,0.38843971490859985,-0.06528377532958984,-1.7615383863449097,-1.3001357316970825,-0.09814388304948807,-1.2110109329223633,-0.07696425914764404,-4.316332817077637,-0.05670397728681564,3.1236212253570557,-0.6786091327667236,-1.1962366104125977
60999.502226392,0.18851840496063232,-0.9397780895233154,0.9719114899635315,0.4203968644142151,-0.07931863516569138,-0.6786091327667236,-1.1962366104125977,-0.08804118633270264,-1.5989799499511719,-0.13755376636981964,-4.875509262084961,-0.11655354499816895,3.1606976985931396,1.0049539804458618,-0.6566904783248901
60999.519742562,0.18851840496063232,-0.7573990821838379,0.9346606135368347,0.46625643968582153,-0.09850018471479416,1.0049539804458618,-0.6566904783248901,-0.09551376849412918,-1.8876062631607056,-0.18196171522140503,-5.342215061187744,-0.1461423933506012,3.165466785430908,2.2653591632843018,0.9621710777282715
60999.539799421,0.18851840496063232,-0.5571039319038391,0.8880999684333801,0.5118948817253113,-0.12276530265808105,2.2653591632843018,0.9621710777282715,-0.0744069367647171,-1.6045148372650146,-0.17896445095539093,-4.187260627746582,-0.0678158700466156,3.0414369106292725,2.4185924530029297,2.7837533950805664
60999.561104409,-0.37948423624038696,-0.33940422534942627,0.8301069140434265,0.5549533367156982,-0.15301431715488434,2.4185924530029297,2.7837533950805664,-0.08968392014503479,-1.5227397680282593,-0.18315163254737854,-3.774468183517456,-0.046221841126680374,3.0255093574523926,-0.4709678888320923,5.139336109161377
60999.586158125,-0.37948423624038696,-0.10082784295082092,0.7678537964820862,0.6108259558677673,-0.15915751457214355,-0.4709678888320923,5.139336109161377,-0.07704469561576843,-1.2131115198135376,-0.1646605134010315,-2.8533201217651367,0.10279654711484909,2.8841941356658936,-0.7062309980392456,7.665589332580566
60999.606458514,-0.37948423624038696,0.12530964612960815,0.702491819858551,0.5501155853271484,-0.16861510276794434,-0.7062309980392456,7.665589332580566,-0.05842316895723343,-1.1417131423950195,-0.17941202223300934,-2.603174924850464,0.1795402318239212,2.82435941696167,-0.47990816831588745,8.242671966552734
60999.621199353,-0.37948423624038696,0.3255176842212677,0.6239281892776489,0.4841454029083252,-0.20764108002185822,-0.47990816831588745,8.242671966552734,-0.07297969609498978,-0.9242763519287109,-0.15278249979019165,-2.0585601329803467,0.7489507794380188,2.632357120513916,-0.29339390993118286,8.90011215209961
60999.641348703,-0.37948423624038696,0.2990988790988922,0.5289537310600281,-0.05881902575492859,-0.23454077541828156,-0.29339390993118286,8.90011215209961,-0.07352256774902344,-0.647912323474884,-0.1060304120182991,-1.6283591985702515,0.8015525937080383,2.822195053100586,1.0255464315414429,9.02169132232666
60999.662518099,-0.37948423624038696,0.2775476574897766,0.4447692334651947,-0.05903669074177742,-0.20264525711536407,1.0255464315414429,9.02169132232666,-0.06092814356088638,-0.44670233130455017,-0.04942655563354492,-1.3633873462677002,0.18944375216960907,3.120229959487915,0.5971997380256653,7.986416816711426
60999.686301401,-0.37948423624038696,0.25679197907447815,0.37165698409080505,-0.05162492394447327,-0.1767590492963791,0.5971997380256653,7.986416816711426,-0.05467679724097252,-0.31264233589172363,-0.05222984030842781,-1.273700475692749,-0.0969497412443161,3.158961057662964,0.2510809302330017,6.902410507202148
60999.708125858,-0.37948423624038696,0.23108187317848206,0.3075001537799835,-0.06778895109891891,-0.15496808290481567,0.2510809302330017,6.902410507202148,-0.02972884103655815,-0.03991066664457321,-0.067115917801857,-1.1737414598464966,-0.04220280051231384,3.0966005325317383,0.011851964518427849,5.587978363037109
60999.725281171,-0.37948423624038696,0.19779226183891296,0.25204455852508545,-0.08726083487272263,-0.1331150382757187,0.011851964518427849,5.587978363037109,-0.04871146008372307,0.08558525145053864,-0.05162213370203972,-1.2011470794677734,0.006845845840871334,3.0916740894317627,-0.26384836435317993,4.761115074157715
60999.768918952,-0.37948423624038696,0.15767575800418854,0.20694857835769653,-0.10328813642263412,-0.10339174419641495,-0.26384836435317993,4.761115074157715,-0.07249687612056732,0.1555442065000534,0.10137742757797241,-0.9534533023834229,10.356414794921875,15.020893096923828,-0.6793356537818909,4.676621437072754
60999.8120621,-0.37948423624038696,0.11100362986326218,0.17084647715091705,-0.12025009840726852,-0.08513721823692322,-0.6793356537818909,4.676621437072754,-0.0789749026298523,-0.014749758876860142,0.43848294019699097,-0.8681700825691223,14.6539945602417,21.06892204284668,-1.051807165145874,4.696583271026611
60999.841556764,-0.37948423624038696,0.05598168075084686,0.14319543540477753,-0.14213114976882935,-0.06376176327466965,-1.051807165145874,4.696583271026611,-0.09114342927932739,0.04252827912569046,0.44463253021240234,-1.41642165184021,-0.07961975783109665,6.386251449584961,-1.5461634397506714,4.333113670349121
60999.872716971,-0.37948423624038696,-0.00816003791987896,0.12380506098270416,-0.1650930941104889,-0.043292563408613205,-1.5461634397506714,4.333113670349121,-0.11163980513811111,0.07007817924022675,0.4707243740558624,-1.4436838626861572,-0.5080328583717346,7.9394636154174805,-2.0231518745422363,4.337588310241699
60999.899147588,-0.37948423624038696,-0.08311721682548523,0.11139343678951263,-0.19332395493984222,-0.02665163017809391,-2.0231518745422363,4.337588310241699,-0.10558024048805237,0.1697678416967392,0.43803858757019043,-1.4522838592529297,-0.2846135199069977,6.199313163757324,-2.3659582138061523,4.337005615234375
60999.919598551,-0.37948423624038696,-0.16990703344345093,0.10528066754341125,-0.22317996621131897,-0.011487334035336971,-2.3659582138061523,4.337005615234375,-0.08333122730255127,0.17829588055610657,0.4266374409198761,-1.4762353897094727,-0.3177277743816376,6.629114151000977,-2.7615625858306885,4.584081649780273
60999.939564703,-0.37948423624038696,-0.2674645185470581,0.10453561693429947,-0.2491060346364975,0.0017983081052079797,-2.7615625858306885,4.584081649780273,-0.1005822941660881,0.31325697898864746,0.43125006556510925,-1.5041327476501465,0.12421192228794098,3.0499486923217773,-2.9466395378112793,4.780028820037842
60999.967691144,-0.37948423624038696,-0.37469080090522766,0.10885582119226456,-0.2730293273925781,0.013529136776924133,-2.9466395378112793,4.780028820037842,-0.08794853836297989,0.3172253370285034,0.43532976508140564,-1.6912466287612915,-0.0030499009881168604,12.570263862609863,-3.4598898887634277,5.190690517425537
60999.992543921,-0.37948423624038696,-0.4879622757434845,0.11917990446090698,-0.2849157154560089,0.029928792268037796,-3.4598898887634277,5.190690517425537,-0.08701615780591965,0.4824798107147217,0.4461151361465454,-1.7532055377960205,0.03798602148890495,4.209575653076172,-3.875730514526367,5.5372467041015625
61000.018250505,-0.37948423624038696,-0.6073028445243835,0.13535857200622559,-0.30056318640708923,0.04548629745841026,-3.875730514526367,5.5372467041015625,-0.09982261061668396,0.4917006492614746,0.3883058726787567,-1.8121163845062256,0.005800941493362188,3.0622804164886475,-4.368146896362305,6.029721260070801
61000.041389357,-0.37948423624038696,-0.7310776710510254,0.15892018377780914,-0.3105476498603821,0.06371283531188965,-4.368146896362305,6.029721260070801,-0.08317344635725021,0.5685957074165344,0.40617257356643677,-1.9160388708114624,0.013637294992804527,3.0301997661590576,-4.911462783813477,6.541011333465576
61000.056952221,-0.37948423624038696,-0.8600881695747375,0.18931539356708527,-0.3237825632095337,0.08246105909347534,-4.911462783813477,6.541011333465576,-0.07387106865644455,0.6789299845695496,0.3935913145542145,-2.0780246257781982,-0.006163621321320534,3.0029032230377197,-5.5568718910217285,7.118426322937012
61000.076951795,-0.37948423624038696,-0.9932437539100647,0.2287052869796753,-0.33387407660484314,0.10414887964725494,-5.5568718910217285,7.118426322937012,-0.07971547544002533,0.5981871485710144,0.2837044894695282,-2.121236801147461,-0.06512080878019333,3.067819356918335,-6.447079181671143,7.8306660652160645
61000.098019986,-0.37948423624038696,-1.131710410118103,0.2768949866294861,-0.34811314940452576,0.12636110186576843,-6.447079181671143,7.8306660652160645,-0.07218365371227264,0.7947319746017456,0.2945484220981598,-2.4164834022521973,-0.03826119378209114,3.013827085494995,-7.677840232849121,8.574955940246582
61000.123812067,-0.37948423624038696,-1.2823346853256226,0.3320326507091522,-0.3821040987968445,0.1451120525598526,-7.677840232849121,8.574955940246582,-0.05743923783302307,0.9352474212646484,0.27570468187332153,-2.7336997985839844,-0.056177012622356415,3.0146121978759766,-9.111615180969238,9.48090934753418
61000.144903176,-0.37948423624038696,-1.4515191316604614,0.39511388540267944,-0.4335934817790985,0.1622007191181183,-9.111615180969238,9.48090934753418,-0.03708576411008835,0.7287835478782654,0.12866900861263275,-2.610318660736084,-0.10289759933948517,3.0158443450927734,-10.40022087097168,10.214351654052734
61000.15960745,-0.37948423624038696,-1.6458847522735596,0.4644777476787567,-0.5032386779785156,0.17731645703315735,-10.40022087097168,10.214351654052734,-0.04153541103005409,1.029710054397583,0.1360456645488739,-3.2390620708465576,-0.018310317769646645,2.813821315765381,-11.189396858215332,10.9038667678833
61000.179880963,-0.37948423624038696,-1.867571234703064,0.5411363244056702,-0.570858895778656,0.19695934653282166,-11.189396858215332,10.9038667678833,-0.019786572083830833,1.151951551437378,0.14634571969509125,-3.549790620803833,-0.0605158656835556,2.7903971672058105,-10.387577056884766,11.179067611694336
61000.201231678,-0.37948423624038696,-2.1143441200256348,0.6278101801872253,-0.6314797401428223,0.2239142507314682,-10.387577056884766,11.179067611694336,-0.005576568655669689,1.4463809728622437,0.13373970985412598,-4.384526252746582,-0.18322663009166718,2.8580331802368164,-6.655775547027588,10.397883415222168
61000.229917128,-0.37948423624038696,-2.3627126216888428,0.7304438352584839,-0.613457202911377,0.2683822810649872,-6.655775547027588,10.397883415222168,-0.007670790888369083,1.6662384271621704,0.15503181517124176,-5.201444149017334,-0.22015699744224548,3.0921902656555176,-3.768728256225586,8.621622085571289
61000.257781035,-0.37948423624038696,-2.5725221633911133,0.8551439642906189,-0.49658098816871643,0.3255182206630707,-3.768728256225586,8.621622085571289,-0.01563846878707409,1.7848998308181763,0.13457627594470978,-5.686277389526367,-0.10856478661298752,3.1049039363861084,-1.5382107496261597,6.391013145446777
61000.286330847,-0.37948423624038696,-2.741424798965454,0.9997031688690186,-0.39888423681259155,0.3726401627063751,-1.5382107496261597,6.391013145446777,0.014611677266657352,1.8635046482086182,0.14192159473896027,-5.991593360900879,-0.01537400670349598,3.088106870651245,1.2765151262283325,3.3081541061401367
61000.314217556,-0.37948423624038696,-2.7227139472961426,1.1772422790527344,0.05067012459039688,0.45106515288352966,1.2765151262283325,3.3081541061401367,-0.005030113272368908,2.0108439922332764,0.1378820240497589,-6.7074198722839355,0.13133494555950165,2.89093017578125,1.1696199178695679,-0.8977389335632324
61000.34286798,-0.37948423624038696,-2.678706645965576,1.2859148979187012,0.15248219668865204,0.11891938745975494,1.1696199178695679,-0.8977389335632324,0.01467871107161045,2.21876859664917,0.15360671281814575,-7.761712551116943,0.1717698723077774,3.2962632179260254,-2.494056224822998,-1.7841657400131226
61000.373985325,-0.37948423624038696,-2.598424196243286,1.2898303270339966,0.21119944751262665,-0.0007283995510078967,-2.494056224822998,-1.7841657400131226,-0.01785832829773426,0.7338671684265137,0.09253935515880585,-7.496466159820557,0.2500735819339752,116.33114624023438,-7.4828410148620605,-1.2349313497543335
61000.426341002,-0.37948423624038696,-2.49592661857605,1.2880430221557617,0.2729420065879822,-0.007653455715626478,-7.4828410148620605,-1.2349313497543335,-0.058840855956077576,-0.5088400840759277,-0.019844774156808853,-5.7284674644470215,-0.8346272110939026,54.8485107421875,-11.612383842468262,-0.8587620258331299
61000.449076749,-0.37948423624038696,-2.3670425415039062,1.2804075479507446,0.3368518054485321,-0.023104941472411156,-11.612383842468262,-0.8587620258331299,-0.053448595106601715,-0.5846356153488159,-0.02486029453575611,-5.279888153076172,-0.7862692475318909,13.057762145996094,-11.843778610229492,-1.0308749675750732
61000.487499401,-0.37948423624038696,-2.2609200477600098,1.2593551874160767,0.24207298457622528,-0.06294002383947372,-11.843778610229492,-1.0308749675750732,-0.04753870144486427,-0.4474465548992157,-0.04248052462935448,-4.918953895568848,0.23315061628818512,2.9048402309417725,-10.247523307800293,-0.7426776885986328
61000.523454649,-0.37948423624038696,-2.191974639892578,1.2236504554748535,0.14876346290111542,-0.09781204164028168,-10.247523307800293,-0.7426776885986328,-0.06490550190210342,-0.4035212993621826,-0.039178453385829926,-4.850738048553467,0.6045746803283691,4.200878143310547,-8.826943397521973,-0.42693009972572327
61000.55429661,-0.37948423624038696,-2.1585068702697754,1.175061821937561,0.06172330304980278,-0.1293526291847229,-8.826943397521973,-0.42693009972572327,-0.12330544739961624,-0.531084418296814,0.08885468542575836,-4.763026237487793,1.022991418838501,5.977906703948975,-6.749624252319336,-0.18816474080085754
61000.580065109,-0.37948423624038696,-2.1422290802001953,1.116745114326477,0.03237434849143028,-0.15104608237743378,-6.749624252319336,-0.18816474080085754,-0.1322551965713501,-0.617859423160553,0.15209846198558807,-4.758429527282715,3.4781911373138428,12.772491455078125,-5.11456823348999,-0.2564002275466919
61000.60101137,-0.37948423624038696,-2.112060785293579,1.0554652214050293,0.08848022669553757,-0.15410181879997253,-5.11456823348999,-0.2564002275466919,-0.19853542745113373,-0.7419895529747009,0.2215985655784607,-4.731640815734863,6.625613212585449,22.66724967956543,-4.721624374389648,-0.6227177381515503
61000.615622307,-0.37948423624038696,-2.0577845573425293,0.9936368465423584,0.1511310189962387,-0.15408872067928314,-4.721624374389648,-0.6227177381515503,-0.18800830841064453,-0.7339272499084473,0.242122083902359,-4.734706878662109,0.4077882468700409,7.307735919952393,-4.706714630126953,-0.8398924469947815
61000.636074267,-0.37948423624038696,-1.9783178567886353,0.9331551194190979,0.21381783485412598,-0.1508408635854721,-4.706714630126953,-0.8398924469947815,-0.21100300550460815,-0.9665340185165405,0.2590028643608093,-4.969784736633301,1.46384596824646,20.466768264770508,-4.266082763671875,-1.1115719079971313
61000.656857997,-0.37948423624038696,-1.8736450672149658,0.8745569586753845,0.2769239842891693,-0.14600017666816711,-4.266082763671875,-1.1115719079971313,-0.2135368436574936,-1.286524772644043,0.27779945731163025,-5.23521614074707,1.396684169769287,27.649166107177734,-4.003343105316162,-1.2088738679885864
61000.680529629,-0.37948423624038696,-1.7428882122039795,0.817979097366333,0.343790739774704,-0.1407884806394577,-4.003343105316162,-1.2088738679885864,-0.21748600900173187,-1.3494298458099365,0.27782878279685974,-5.252798080444336,1.1969587802886963,26.84286117553711,-3.939539909362793,-0.8805437088012695
61000.701638913,-0.37948423624038696,-1.5880531072616577,0.7616246342658997,0.40230104327201843,-0.13898301124572754,-3.939539909362793,-0.8805437088012695,-0.20567835867404938,-1.2948192358016968,0.25707364082336426,-4.71401834487915,0.011721900664269924,3.2630691528320312,-4.1852192878723145,0.05704275146126747
61000.716723846,-0.37948423624038696,-1.414882779121399,0.7042579650878906,0.43996816873550415,-0.14604809880256653,-4.1852192878723145,0.05704275146126747,-0.19160528481006622,-1.5342704057693481,0.24228008091449738,-4.76525354385376,-0.028197558596730232,3.226379871368408,-3.8661837577819824,1.8429982662200928
61000.738925724,-0.37948423624038696,-1.2411936521530151,0.6394649147987366,0.4294489920139313,-0.16840215027332306,-3.8661837577819824,1.8429982662200928,-0.20984458923339844,-1.4252192974090576,0.23801319301128387,-4.371291160583496,0.024084173142910004,3.126753330230713,-3.6958250999450684,3.8891100883483887
61000.760865598,-0.37948423624038696,-1.075632929801941,0.5730251669883728,0.40876027941703796,-0.16422252357006073,-3.6958250999450684,3.8891100883483887,-0.15443392097949982,-1.3527798652648926,0.23898987472057343,-3.953932523727417,0.037926509976387024,3.0100672245025635,-3.420548439025879,5.414624214172363
61000.785898826,-0.37948423624038696,-0.913773775100708,0.5179466605186462,0.40224000811576843,-0.13166598975658417,-3.420548439025879,5.414624214172363,-0.15121248364448547,-1.595668077468872,0.17006313800811768,-4.018111228942871,-0.021850507706403732,2.9859352111816406,-1.9654420614242554,6.156792640686035
61000.806544153,-0.37948423624038696,-0.7563998103141785,0.47098949551582336,0.388534814119339,-0.11303132772445679,-1.9654420614242554,6.156792640686035,-0.14230696856975555,-1.377887487411499,0.18303795158863068,-3.222365379333496,0.022169364616274834,2.8887672424316406,-1.9725561141967773,6.057616233825684
61000.821447224,-0.37948423624038696,-0.592698335647583,0.43050843477249146,0.4130896031856537,-0.09749139845371246,-1.9725561141967773,6.057616233825684,-0.13369721174240112,-1.2822861671447754,0.19594338536262512,-2.9311113357543945,0.024070851504802704,2.886631965637207,-1.8339406251907349,5.8382720947265625
61000.841523517,-0.37948423624038696,-0.42910805344581604,0.39486032724380493,0.4053362011909485,-0.0868380144238472,-1.8339406251907349,5.8382720947265625,-0.11377294361591339,-1.0255857706069946,0.20171794295310974,-2.2756237983703613,0.02469165250658989,2.939465284347534,-2.3792333602905273,5.340962886810303
61000.862590332,-0.37948423624038696,-0.2742379903793335,0.36204591393470764,0.37930426001548767,-0.08083698153495789,-2.3792333602905273,5.340962886810303,-0.10681876540184021,-0.8705875873565674,0.2223317176103592,-1.932065486907959,0.08372920751571655,2.8872501850128174,-2.833197832107544,4.911418914794922
61000.886304614,-0.37948423624038696,-0.14040416479110718,0.32963940501213074,0.32030779123306274,-0.08106467872858047,-2.833197832107544,4.911418914794922,-0.09746720641851425,-0.6864957213401794,0.20892155170440674,-1.5692428350448608,0.18219809234142303,2.902076005935669,-3.27960467338562,4.575437068939209
61000.906655675,-0.37948423624038696,-0.028998449444770813,0.2977898418903351,0.26459184288978577,-0.07882282882928848,-3.27960467338562,4.575437068939209,-0.07465644925832748,-0.3194431960582733,0.2484588474035263,-1.1443328857421875,0.2933199107646942,2.946669816970825,-3.8506929874420166,4.146699905395508
61000.925278969,-0.37948423624038696,0.05986076220870018,0.2681027054786682,0.20785346627235413,-0.07229547947645187,-3.8506929874420166,4.146699905395508,-0.06726052612066269,-0.1888924390077591,0.2589303255081177,-1.0866036415100098,0.2729456424713135,2.9769694805145264,-3.954580068588257,3.734036445617676
61000.942121677,-0.37948423624038696,0.12548653781414032,0.24246014654636383,0.14932642877101898,-0.060971297323703766,-3.954580068588257,3.734036445617676,-0.07199283689260483,-0.03434249758720398,0.25948184728622437,-1.0488791465759277,0.2361425757408142,2.999544858932495,-3.925720691680908,3.415832757949829
61000.962429112,-0.37948423624038696,0.1672598272562027,0.222752183675766,0.08937490731477737,-0.045012421905994415,-3.925720691680908,3.415832757949829,-0.07963256537914276,0.14649781584739685,0.2867269814014435,-1.0556776523590088,0.20158028602600098,3.058580160140991,-3.82358455657959,3.2098820209503174
61000.983955642,-0.37948423624038696,0.18479035794734955,0.21053963899612427,0.028598947450518608,-0.02547403983771801,-3.82358455657959,3.2098820209503174,-0.06798011809587479,0.49900200963020325,0.29176750779151917,-1.3296979665756226,0.08863162994384766,3.0795698165893555,-3.630704879760742,2.979450225830078
61001.008867127,-0.37948423624038696,0.1779114454984665,0.20669972896575928,-0.03246782720088959,-0.004265537019819021,-3.630704879760742,2.979450225830078,-0.048318635672330856,0.6731690168380737,0.2995585501194,-1.5309674739837646,0.0721689835190773,3.1053433418273926,-3.550523519515991,3.108002185821533
61001.037378647,-0.37948423624038696,0.14583221077919006,0.209608793258667,-0.09579011797904968,0.014217555522918701,-3.550523519515991,3.108002185821533,-0.04663475602865219,0.5337383151054382,0.24029335379600525,-1.6121933460235596,-1.294409990310669,4.541414260864258,-3.706939697265625,3.5307159423828125
61001.083302244,-0.37948423624038696,0.08922229707241058,0.22147776186466217,-0.1566588431596756,0.034081291407346725,-3.706939697265625,3.5307159423828125,-0.03677340969443321,0.04795248433947563,-0.006083047017455101,-1.4707399606704712,-2.8083255290985107,8.181376457214355,-3.7968268394470215,3.9892234802246094
61001.126147802,-0.37948423624038696,0.008650170639157295,0.2390669882297516,-0.21623320877552032,0.04678964614868164,-3.7968268394470215,3.9892234802246094,-0.042616065591573715,0.07366911321878433,-0.027430541813373566,-1.3824763298034668,-1.0133888721466064,7.764902114868164,-3.370631694793701,4.538887023925781
61001.160197874,-0.37948423624038696,-0.09532316774129868,0.26000455021858215,-0.2744278609752655,0.053616173565387726,-3.370631694793701,4.538887023925781,-0.031937286257743835,0.14552462100982666,0.0034706653095781803,-1.3262640237808228,0.6324984431266785,6.1305928230285645,-3.1037466526031494,5.211448669433594
61001.185534535,-0.37948423624038696,-0.22232335805892944,0.28232845664024353,-0.3318023383617401,0.056297846138477325,-3.1037466526031494,5.211448669433594,-0.037281863391399384,0.3842689096927643,0.019812602549791336,-1.4350769519805908,0.26824870705604553,2.9430837631225586,-3.1684587001800537,5.831233024597168
61001.210752801,-0.37948423624038696,-0.3654513657093048,0.30668118596076965,-0.3648332357406616,0.061986178159713745,-3.1684587001800537,5.831233024597168,-0.043072354048490524,0.4310184717178345,0.11409521102905273,-1.5338281393051147,0.2528785765171051,2.925661563873291,-3.6020302772521973,6.387908935546875
61001.234425766,-0.37948423624038696,-0.5162792205810547,0.33451047539711,-0.37928518652915955,0.07279379665851593,-3.6020302772521973,6.387908935546875,-0.05017581582069397,0.4534158706665039,0.1641048789024353,-1.6126652956008911,0.17742499709129333,2.9256479740142822,-4.130022048950195,6.948592185974121
61001.255532042,-0.37948423624038696,-0.6713370680809021,0.3682769238948822,-0.38826343417167664,0.08891703188419342,-4.130022048950195,6.948592185974121,-0.028748851269483566,0.6616711020469666,0.1570320576429367,-1.8734350204467773,0.05647370591759682,2.944791555404663,-4.932439804077148,7.528068542480469
61001.276837902,-0.37948423624038696,-0.8289818167686462,0.40976688265800476,-0.3937605321407318,0.10927148908376694,-4.932439804077148,7.528068542480469,-0.032310958951711655,0.8852677941322327,0.17207159101963043,-2.2685768604278564,-0.02284352108836174,2.9720242023468018,-6.049856662750244,8.193428993225098
61001.301497946,-0.37948423624038696,-0.9909428954124451,0.4598592519760132,-0.4060814380645752,0.131066232919693,-6.049856662750244,8.193428993225098,-0.01533423364162445,1.015287160873413,0.1773769110441208,-2.620452642440796,-0.046362120658159256,2.9414331912994385,-7.440649032592773,8.99356460571289
61001.323197644,-0.37948423624038696,-1.1640506982803345,0.5175625085830688,-0.43991151452064514,0.1482267826795578,-7.440649032592773,8.99356460571289,-0.009887844324111938,1.1644798517227173,0.184322789311409,-3.0645968914031982,-0.5545233488082886,7.883050918579102,-8.961194038391113,9.929447174072266
61001.337692772,-0.37948423624038696,-1.3584388494491577,0.58235102891922,-0.49776291847229004,0.16643257439136505,-8.961194038391113,9.929447174072266,-0.02190675586462021,0.9207486510276794,0.11576934158802032,-3.328479766845703,-2.950052261352539,32.69416809082031,-10.21602725982666,10.644087791442871
61001.35806601,-0.37948423624038696,-1.5790451765060425,0.6535627245903015,-0.5693771839141846,0.18214648962020874,-10.21602725982666,10.644087791442871,-0.017368249595165253,1.1916450262069702,0.1331847608089447,-3.5346319675445557,-0.06119852140545845,2.7853894233703613,-10.076142311096191,11.11374282836914
61001.386653227,-0.37948423624038696,-1.8276209831237793,0.7327271103858948,-0.6383382678031921,0.20385630428791046,-10.076142311096191,11.11374282836914,0.007425052113831043,1.3951754570007324,0.14650069177150726,-4.142037868499756,-0.12937302887439728,2.750959873199463,-7.356915473937988,10.688919067382812
61001.414557085,-0.37948423624038696,-2.0918617248535156,0.8249143958091736,-0.6628732085227966,0.2408508062362671,-7.356915473937988,10.688919067382812,0.017947528511285782,1.5622351169586182,0.12553709745407104,-4.68827486038208,-0.23139254748821259,2.8570873737335205,-4.07493782043457,8.984167098999023
61001.442860307,-0.37948423624038696,-2.319988250732422,0.9406377673149109,-0.540142834186554,0.3053821623325348,-4.07493782043457,8.984167098999023,0.02292536571621895,1.821272373199463,0.13875605165958405,-5.748152732849121,-0.22704580426216125,3.20070743560791,-2.016535997390747,6.858803749084473
61001.471706373,-0.37948423624038696,-2.502692937850952,1.0798499584197998,-0.43034693598747253,0.3612920641899109,-2.016535997390747,6.858803749084473,0.020101577043533325,1.9026374816894531,0.14110451936721802,-6.088723659515381,-0.13011756539344788,3.1542136669158936,0.604620635509491,3.8735873699188232
61001.500133413,-0.37948423624038696,-2.646664619445801,1.2366712093353271,-0.33785387873649597,0.4006344974040985,0.604620635509491,3.8735873699188232,0.020793791860342026,2.109088182449341,0.13191552460193634,-7.096052169799805,0.13494718074798584,2.9118478298187256,2.597689628601074,0.5376994609832764
61001.52865578,-0.37948423624038696,-2.7063791751861572,1.3268153667449951,0.005881536286324263,0.07147850096225739,2.597689628601074,0.5376994609832764,0.023834507912397385,2.2697198390960693,0.14444977045059204,-7.859463691711426,0.6077969670295715,4.3781304359436035,-0.03986626863479614,-0.9197988510131836
61001.550274839,-0.37948423624038696,-2.6941330432891846,1.2987931966781616,0.0350077860057354,-0.08376359939575195,-0.03986626863479614,-0.9197988510131836,-0.041926123201847076,1.3301072120666504,0.15080322325229645,-7.518089294433594,3.535644292831421,75.66441345214844,-1.9794822931289673,-0.6333591938018799
61001.574418375,-0.37948423624038696,-2.6656534671783447,1.2613719701766968,0.085528664290905,-0.09753173589706421,-1.9794822931289673,-0.6333591938018799,-0.11741600930690765,-0.10527882725000381,0.1325802505016327,-5.985865116119385,4.298266410827637,116.4239501953125,-3.767382860183716,-0.5465205311775208
61001.595305402,-0.37948423624038696,-2.6122257709503174,1.218065857887268,0.1499948352575302,-0.11155133694410324,-3.767382860183716,-0.5465205311775208,-0.10826239734888077,-0.21102626621723175,0.11119167506694794,-5.067265510559082,-0.5761921405792236,11.212320327758789,-6.259462833404541,-0.6784912347793579
61001.609675025,-0.37948423624038696,-2.532332420349121,1.1703516244888306,0.21628215909004211,-0.12143032997846603,-6.259462833404541,-0.6784912347793579,-0.10940603166818619,-0.25771185755729675,0.09792008250951767,-5.00180196762085,-0.12948662042617798,10.128034591674805,-8.771117210388184,-0.7083685994148254
61001.629971972,-0.37948423624038696,-2.426093816757202,1.1206578016281128,0.28200846910476685,-0.12446863949298859,-8.771117210388184,-0.7083685994148254,-0.08662921190261841,-0.32547327876091003,0.09997303038835526,-4.998299598693848,-0.005822714418172836,11.968005180358887,-9.475449562072754,-0.9759091138839722
61001.650808168,-0.37948423624038696,-2.3150978088378906,1.0693122148513794,0.2748264968395233,-0.129365473985672,-9.475449562072754,-0.9759091138839722,-0.12432285398244858,-0.6058790683746338,0.08397096395492554,-4.985716819763184,0.9283062815666199,13.163666725158691,-8.383407592773438,-1.019882082939148
61001.676752544,-0.37948423624038696,-2.2207753658294678,1.0160611867904663,0.22218196094036102,-0.13375809788703918,-8.383407592773438,-1.019882082939148,-0.1313355267047882,-0.6281467080116272,0.06843958795070648,-4.947744369506836,0.9712767601013184,11.764610290527344,-7.3184356689453125,-0.9087988138198853
61001.697048299,-0.37948423624038696,-2.137449026107788,0.9631791710853577,0.20077577233314514,-0.13220110535621643,-7.3184356689453125,-0.9087988138198853,-0.16296666860580444,-1.066735029220581,0.13825294375419617,-5.335800647735596,4.047144412994385,34.977020263671875,-6.006338596343994,-0.8644686937332153
61001.713026273,-0.37948423624038696,-2.053154230117798,0.9143968820571899,0.2126268893480301,-0.11983505636453629,-6.006338596343994,-0.8644686937332153,-0.1710738241672516,-1.1740036010742188,0.1532319188117981,-5.479322910308838,4.941537380218506,42.738155364990234,-5.724119186401367,-0.9731771945953369
61001.732213541,-0.37948423624038696,-1.9525538682937622,0.8694868683815002,0.2615647614002228,-0.11077900975942612,-5.724119186401367,-0.9731771945953369,-0.21145929396152496,-1.2152366638183594,0.20024654269218445,-5.105618000030518,3.745206594467163,23.65407943725586,-5.379669666290283,-1.1970618963241577
61001.75302486,-0.37948423624038696,-1.8361166715621948,0.8267240524291992,0.2999573051929474,-0.10613341629505157,-5.379669666290283,-1.1970618963241577,-0.17629049718379974,-1.3173635005950928,0.21612446010112762,-5.190435886383057,4.9914140701293945,30.725732803344727,-4.831135272979736,-1.343361735343933
61001.778377812,-0.37948423624038696,-1.7051587104797363,0.7817866802215576,0.33447274565696716,-0.11573638021945953,-4.831135272979736,-1.343361735343933,-0.19357983767986298,-1.3787593841552734,0.206552192568779,-4.893407821655273,0.0015951329842209816,3.1343984603881836,-4.268141746520996,-1.056524634361267
61001.79955959,-0.37948423624038696,-1.5624234676361084,0.7293766736984253,0.35905489325523376,-0.13792774081230164,-4.268141746520996,-1.056524634361267,-0.21199098229408264,-1.9446216821670532,0.2161582112312317,-6.18789005279541,3.3145546913146973,58.4490852355957,-2.8799753189086914,0.33042168617248535
61001.815491121,-0.37948423624038696,-1.4106158018112183,0.6702961325645447,0.38403788208961487,-0.15305611491203308,-2.8799753189086914,0.33042168617248535,-0.20222166180610657,-1.9433071613311768,0.21278046071529388,-5.884894371032715,2.2827446460723877,41.2503547668457,-2.6148931980133057,2.1881842613220215
61001.835266478,-0.37948423624038696,-1.239794135093689,0.6046006083488464,0.437969446182251,-0.16788867115974426,-2.6148931980133057,2.1881842613220215,-0.18967072665691376,-1.800609827041626,0.2187679409980774,-5.037515640258789,0.025459015741944313,3.1222550868988037,-3.016228437423706,4.42326545715332
61001.856715168,-0.37948423624038696,-1.0508723258972168,0.5446627140045166,0.4808851182460785,-0.14583615958690643,-3.016228437423706,4.42326545715332,-0.17009441554546356,-1.5344440937042236,0.20953743159770966,-3.9986143112182617,-0.09000431001186371,3.126694917678833,-3.216458559036255,5.770252227783203
61001.881497083,-0.37948423624038696,-0.8560330271720886,0.4980608820915222,0.4869433045387268,-0.10930832475423813,-3.216458559036255,5.770252227783203,-0.1555042713880539,-1.3828448057174683,0.21466712653636932,-3.4799070358276367,-0.12297988682985306,3.0367419719696045,-2.7645130157470703,5.766741752624512
61001.901844245,-0.37948423624038696,-0.6693568229675293,0.45960143208503723,0.4582988917827606,-0.09358960390090942,-2.7645130157470703,5.766741752624512,-0.1322685182094574,-1.1260298490524292,0.2243865430355072,-2.735095739364624,0.0014220532029867172,2.8479416370391846,-3.0731122493743896,5.3220319747924805
61001.917439485,-0.37948423624038696,-0.494263231754303,0.42323723435401917,0.4288882315158844,-0.09042477607727051,-3.0731122493743896,5.3220319747924805,-0.11824715882539749,-0.8202844262123108,0.2486329972743988,-1.9966628551483154,0.1744799017906189,2.8172011375427246,-3.8308298587799072,4.885254383087158
61001.93785483,-0.37948423624038696,-0.33996063470840454,0.3861849009990692,0.37168726325035095,-0.0934540256857872,-3.8308298587799072,4.885254383087158,-0.12440842390060425,-0.8132455945014954,0.2402850091457367,-1.982085943222046,0.18126186728477478,2.829746723175049,-3.569227933883667,4.784327507019043
61001.959719651,-0.37948423624038696,-0.20753081142902374,0.34827569127082825,0.31763580441474915,-0.09495719522237778,-3.569227933883667,4.784327507019043,-0.11775468289852142,-0.5803414583206177,0.2496384233236313,-1.605028748512268,0.3064747750759125,2.8460049629211426,-3.6566855907440186,4.643672943115234
61001.983728327,-0.37948423624038696,-0.09672311693429947,0.3108026683330536,0.2633781433105469,-0.09293218702077866,-3.6566855907440186,4.643672943115234,-0.1204080805182457,-0.3954665958881378,0.2731899917125702,-1.402125597000122,0.2895303964614868,2.874521255493164,-3.702214002609253,4.381006240844727
61002.00379645,-0.37948423624038696,-0.008063890971243382,0.2753719687461853,0.2075987160205841,-0.08676300197839737,-3.702214002609253,4.381006240844727,-0.07937055081129074,-0.2174195647239685,0.2880292534828186,-1.2590610980987549,0.2895900309085846,2.931622266769409,-3.7274281978607178,4.071703910827637
61002.018781126,-0.37948423624038696,0.05780439078807831,0.24372737109661102,0.1502419412136078,-0.0761953741312027,-3.7274281978607178,4.071703910827637,-0.11020547151565552,-0.0178387351334095,0.3078227639198303,-1.2261072397232056,0.23589177429676056,2.973463296890259,-3.669238805770874,3.7036845684051514
61002.039747025,-0.37948423624038696,0.10035426914691925,0.21756695210933685,0.09167003631591797,-0.0614856593310833,-3.669238805770874,3.7036845684051514,-0.06501775234937668,0.20511242747306824,0.3067004382610321,-1.2655164003372192,0.1933370679616928,3.0198395252227783,-3.5416903495788574,3.3697686195373535
61002.061497707,-0.37948423624038696,0.118831105530262,0.1974446028470993,0.03030928038060665,-0.04776306450366974,-3.5416903495788574,3.3697686195373535,-0.07102251797914505,0.24948357045650482,0.2984636425971985,-1.466707706451416,0.4729749262332916,14.328063011169434,-3.5854954719543457,3.513352632522583
61002.086937062,-0.37948423624038696,0.11245683580636978,0.1859206259250641,-0.031104331836104393,-0.022707520052790642,-3.5854954719543457,3.513352632522583,-0.07807362824678421,-0.07242347300052643,0.2850675582885742,-1.7169181108474731,1.264764666557312,44.490379333496094,-3.7395777702331543,3.5193705558776855
61002.107112798,-0.37948423624038696,0.08204171061515808,0.1829151213169098,-0.0909796953201294,-0.0029374377336353064,-3.7395777702331543,3.5193705558776855,-0.04563479870557785,-0.011150913313031197,0.1371196210384369,-1.43818998336792,-2.7257838249206543,6.912003993988037,-3.698896646499634,3.686002731323242
61002.127552738,-0.37948423624038696,0.02783113345503807,0.1865360289812088,-0.15031304955482483,0.012756754644215107,-3.698896646499634,3.686002731323242,-0.051165200769901276,0.08340363204479218,0.13243620097637177,-1.3728411197662354,-0.9685350060462952,8.274141311645508,-3.4646542072296143,4.112680435180664
61002.143801903,-0.37948423624038696,-0.0498228557407856,0.1953130066394806,-0.20863698422908783,0.024647103622555733,-3.4646542072296143,4.112680435180664,-0.03997070714831352,0.17968952655792236,0.12107396125793457,-1.3198167085647583,0.14753645658493042,3.7134716510772705,-3.115567445755005,4.570145606994629
61002.164318537,-0.37948423624038696,-0.15047283470630646,0.20763111114501953,-0.26590266823768616,0.03237243741750717,-3.115567445755005,4.570145606994629,-0.06412381678819656,0.21389201283454895,0.13293790817260742,-1.3270211219787598,0.20210684835910797,2.98580265045166,-2.98688006401062,5.111371040344238
61002.18671543,-0.37948423624038696,-0.27245283126831055,0.22225655615329742,-0.3159441649913788,0.038306400179862976,-2.98688006401062,5.111371040344238,-0.05634281784296036,0.28737184405326843,0.17575711011886597,-1.3681305646896362,1.162762999534607,5.354362964630127,-3.153792381286621,5.653653144836426
61002.212984152,-0.37948423624038696,-0.4064472019672394,0.23998087644577026,-0.33973631262779236,0.0468568429350853,-3.153792381286621,5.653653144836426,-0.052682649344205856,0.3547927439212799,0.24437911808490753,-1.4662549495697021,2.9090633392333984,9.979215621948242,-3.642866611480713,6.117579460144043
61002.230091099,-0.37948423624038696,-0.5460041165351868,0.26279664039611816,-0.35013827681541443,0.061000462621450424,-3.642866611480713,6.117579460144043,-0.055800992995500565,0.5731370449066162,0.2612417936325073,-1.753129243850708,0.0626077950000763,2.954906940460205,-4.188511848449707,6.603740692138672
61002.249186152,-0.37948423624038696,-0.6891732811927795,0.2923816740512848,-0.3584333062171936,0.07880749553442001,-4.188511848449707,6.603740692138672,-0.047214753925800323,0.7050716280937195,0.2604948878288269,-1.9466511011123657,0.022102389484643936,2.9662163257598877,-4.874626636505127,7.156169414520264
61002.272508563,-0.37948423624038696,-0.8358796834945679,0.3298732340335846,-0.36700379848480225,0.099882110953331,-4.874626636505127,7.156169414520264,-0.05152936279773712,0.8179683089256287,0.2869991958141327,-2.2022805213928223,-0.037916816771030426,2.9744350910186768,-5.825693130493164,7.789435386657715
61002.295904759,-0.37948423624038696,-0.9865075945854187,0.37640514969825745,-0.37740594148635864,0.12223304808139801,-5.825693130493164,7.789435386657715,-0.06479544937610626,0.6849684715270996,0.29359957575798035,-2.193552017211914,-0.07190155237913132,3.0063865184783936,-6.902338027954102,8.542452812194824
61002.319949819,-0.37948423624038696,-1.1453901529312134,0.4314435124397278,-0.4012141227722168,0.14313511550426483,-6.902338027954102,8.542452812194824,-0.06509355455636978,0.8501312136650085,0.30473726987838745,-2.511420726776123,-0.06236419826745987,2.94803524017334,-8.380454063415527,9.381523132324219
61002.343851017,-0.37948423624038696,-1.3188163042068481,0.49414920806884766,-0.4414573311805725,0.16178451478481293,-8.380454063415527,9.381523132324219,-0.05447365716099739,1.1400870084762573,0.30366796255111694,-3.0805282592773438,-0.04904436692595482,2.8832027912139893,-10.010702133178711,10.333556175231934
61002.359587814,-0.37948423624038696,-1.5156058073043823,0.5633761882781982,-0.5070675611495972,0.1771661788225174,-10.010702133178711,10.333556175231934,-0.04672477766871452,1.4650832414627075,0.3377741277217865,-4.057703495025635,-0.037821948528289795,2.7387688159942627,-10.509885787963867,10.992826461791992
61002.379668781,-0.37948423624038696,-1.7394753694534302,0.6395596265792847,-0.5769965648651123,0.1953299194574356,-10.509885787963867,10.992826461791992,-0.05864393338561058,1.7877591848373413,0.318497896194458,-5.252019882202148,-0.1907573938369751,2.720993995666504,-8.163066864013672,10.853560447692871
61002.399899946,-0.37948423624038696,-1.9891337156295776,0.7251937389373779,-0.637971818447113,0.22124910354614258,-8.163066864013672,10.853560447692871,-0.06403889507055283,1.697454810142517,0.31838685274124146,-4.89101505279541,-0.14773744344711304,2.7637386322021484,-4.974485874176025,9.63901424407959
61002.421543047,-0.37948423624038696,-2.218667984008789,0.8304594159126282,-0.5495675802230835,0.2780749201774597,-4.974485874176025,9.63901424407959,-0.050284624099731445,1.8684968948364258,0.32945340871810913,-5.601679801940918,-0.24630866944789886,2.847184181213379,-3.0233116149902344,7.8257646560668945
61002.445767801,-0.37948423624038696,-2.405393123626709,0.9577432870864868,-0.4425923824310303,0.32815900444984436,-3.0233116149902344,7.8257646560668945,-0.007240530103445053,1.8406670093536377,0.20521098375320435,-6.545395851135254,-8.616262435913086,16.733684539794922,-0.8427968621253967,5.311821937561035
61002.466958414,-0.37948423624038696,-2.552324056625366,1.1066899299621582,-0.34301891922950745,0.38480690121650696,-0.8427968621253967,5.311821937561035,0.14602875709533691,1.4246678352355957,-0.23923078179359436,-6.3622212409973145,-13.050312995910645,24.39547348022461,1.4867730140686035,2.1477720737457275
61002.481999317,-0.37948423624038696,-2.6656572818756104,1.261385440826416,-0.2642815411090851,0.38749995827674866,1.4867730140686035,2.1477720737457275,0.15859857201576233,1.5053231716156006,-0.21296361088752747,-5.731189250946045,0.21803618967533112,2.950096607208252,1.9750252962112427,-0.3900339901447296
61002.502918503,-0.37948423624038696,-2.726069450378418,1.2754710912704468,-0.1303112953901291,-0.03311820700764656,1.9750252962112427,-0.3900339901447296,0.15764518082141876,1.6837472915649414,-0.18630540370941162,-6.383718013763428,0.4260462522506714,2.732685089111328,0.6740536093711853,-0.23618820309638977
61002.524050606,-0.37948423624038696,-2.71278977394104,1.2598239183425903,0.04081889986991882,-0.042401932179927826,0.6740536093711853,-0.23618820309638977,0.1663760393857956,1.874785304069519,-0.14568093419075012,-7.20845890045166,1.1835821866989136,2.240678548812866,-1.5066224336624146,-0.7141467332839966
61002.552891021,-0.37948423624038696,-2.683297634124756,1.237285852432251,0.0873822420835495,-0.0578637421131134,-1.5066224336624146,-0.7141467332839966,-0.02051459066569805,0.22257015109062195,-0.046925559639930725,-6.3955183029174805,-0.3800434172153473,20.496089935302734,-4.166655540466309,-0.7206817865371704
61002.581537843,-0.37948423624038696,-2.6291303634643555,1.2103551626205444,0.15207186341285706,-0.07065323740243912,-4.166655540466309,-0.7206817865371704,-0.08639946579933167,-0.7351788282394409,0.008281960152089596,-5.67534875869751,-0.9776926636695862,27.97039222717285,-7.367440223693848,-0.687276303768158
61002.61126119,-0.37948423624038696,-2.5480434894561768,1.1779998540878296,0.21960626542568207,-0.08409684151411057,-7.367440223693848,-0.687276303768158,-0.04716620221734047,-0.6116073131561279,-0.05366833135485649,-5.038547515869141,0.06698689609766006,3.135796070098877,-9.979694366455078,-0.6657821536064148
61002.640080429,-0.37948423624038696,-2.4398703575134277,1.1414783000946045,0.28742894530296326,-0.09323681890964508,-9.979694366455078,-0.6657821536064148,-0.033998847007751465,-0.483831524848938,-0.03815648332238197,-4.88616418838501,0.22366958856582642,3.0916249752044678,-10.341998100280762,-0.9534481167793274
61002.669633335,-0.37948423624038696,-2.3402366638183594,1.0979375839233398,0.23597121238708496,-0.11406610161066055,-10.341998100280762,-0.9534481167793274,-0.03614971414208412,-0.34828513860702515,-0.03507109731435776,-4.760071277618408,0.229765847325325,3.014899969100952,-9.155987739562988,-0.8423833847045898
61002.69892694,-0.37948423624038696,-2.2692625522613525,1.04629647731781,0.15732508897781372,-0.13336829841136932,-9.155987739562988,-0.8423833847045898,-0.03591042757034302,-0.3124111592769623,-0.011304203420877457,-4.707479953765869,0.33244335651397705,4.54384183883667,-7.743062496185303,-0.6475672125816345
61002.721706566,-0.37948423624038696,-2.2154860496520996,0.9907220005989075,0.12578673660755157,-0.14117500185966492,-7.743062496185303,-0.6475672125816345,-0.14799456298351288,-0.7884625196456909,0.13599373400211334,-5.033390045166016,1.0427345037460327,16.564483642578125,-5.981503486633301,-0.6055189371109009
61002.746094164,-0.37948423624038696,-2.1600565910339355,0.9339295625686646,0.14121709764003754,-0.14221921563148499,-5.981503486633301,-0.6055189371109009,-0.15035240352153778,-0.6938562989234924,0.1507265567779541,-4.703858852386475,0.366588294506073,4.077301979064941,-5.485413074493408,-0.6968597173690796
61002.767231734,-0.37948423624038696,-2.0837533473968506,0.8789483904838562,0.20636053383350372,-0.13667266070842743,-5.485413074493408,-0.6968597173690796,-0.23995044827461243,-1.0765036344528198,0.26701393723487854,-5.086742401123047,2.7497007846832275,21.885955810546875,-4.688755035400391,-1.0641881227493286
61002.781928175,-0.37948423624038696,-1.9818271398544312,0.8254202604293823,0.27021458745002747,-0.13419048488140106,-4.688755035400391,-1.0641881227493286,-0.23184503614902496,-1.235880732536316,0.27124953269958496,-5.246290683746338,1.9885793924331665,26.185590744018555,-4.293312072753906,-1.3214318752288818
61002.80375053,-0.37948423624038696,-1.8532527685165405,0.7722327709197998,0.33887073397636414,-0.13363610208034515,-4.293312072753906,-1.3214318752288818,-0.24065417051315308,-1.2791955471038818,0.28700393438339233,-5.019315719604492,0.5785543918609619,15.555371284484863,-4.167086124420166,-1.1084009408950806
61002.834284034,-0.37948423624038696,-1.6985914707183838,0.7169699668884277,0.4037984311580658,-0.13791874051094055,-4.167086124420166,-1.1084009408950806,-0.22995564341545105,-1.247146487236023,0.27103397250175476,-4.697275161743164,0.003366490826010704,3.228656053543091,-4.2709641456604,-0.14355012774467468
61002.875797311,-0.37948423624038696,-1.5206552743911743,0.6591249108314514,0.45520731806755066,-0.14771929383277893,-4.2709641456604,-0.14355012774467468,-0.18329983949661255,-1.3881882429122925,0.25328442454338074,-4.5594024658203125,-0.009263578802347183,3.241452217102051,-4.380000114440918,1.6934934854507446
61002.89980976,-0.37948423624038696,-1.3382548093795776,0.5928093194961548,0.4487660527229309,-0.1747904121875763,-4.380000114440918,1.6934934854507446,-0.18509788811206818,-1.6400647163391113,0.17687880992889404,-5.293835163116455,-4.442541599273682,29.809417724609375,-3.267395257949829,4.315208435058594
61002.922528346,-0.37948423624038696,-1.165229082107544,0.5284751653671265,0.42597195506095886,-0.16032658517360687,-3.267395257949829,4.315208435058594,-0.1680033653974533,-1.9726935625076294,0.06389431655406952,-6.081826686859131,-7.410168170928955,47.655845642089844,-1.623942494392395,5.964144706726074
61002.949781278,-0.37948423624038696,-0.9871068000793457,0.4777030348777771,0.4497038424015045,-0.11861506849527359,-1.623942494392395,5.964144706726074,-0.15163493156433105,-1.8382327556610107,0.07743321359157562,-4.6234917640686035,0.01750035770237446,2.94846773147583,-1.0486832857131958,6.299831390380859
61002.970747109,-0.37948423624038696,-0.7875964045524597,0.4418054521083832,0.511081337928772,-0.08050640672445297,-1.0486832857131958,6.299831390380859,-0.13395607471466064,-1.603881597518921,0.051521383225917816,-3.833517551422119,-0.11392876505851746,2.9898056983947754,-0.6753223538398743,5.827944755554199
61002.988166862,-0.37948423624038696,-0.569566011428833,0.4177742600440979,0.5526816248893738,-0.054997898638248444,-0.6753223538398743,5.827944755554199,-0.10583522170782089,-1.401015281677246,0.0716177374124527,-3.0153470039367676,-0.18962636590003967,2.997645139694214,-0.7340989112854004,5.2344512939453125
61003.012924463,-0.37948423624038696,-0.34297606348991394,0.3998732566833496,0.5677303671836853,-0.04257308319211006,-0.7340989112854004,5.2344512939453125,-0.11118673533201218,-1.1917980909347534,0.07368334382772446,-2.409893274307251,-0.08020725101232529,2.9097278118133545,-0.9522436857223511,4.816030502319336
61003.039261475,-0.37948423624038696,-0.12154927104711533,0.3820927143096924,0.5464810132980347,-0.046401843428611755,-0.9522436857223511,4.816030502319336,-0.10470974445343018,-1.0158113241195679,0.07331044971942902,-1.9467443227767944,0.04904065281152725,2.817166328430176,-1.1602693796157837,4.726137161254883
61003.066286469,-0.37948423624038696,0.08095818012952805,0.35823288559913635,0.49103018641471863,-0.06493224948644638,-1.1602693796157837,4.726137161254883,-0.09304574131965637,-0.7011401057243347,0.11723534017801285,-1.3180370330810547,0.48999106884002686,2.7168338298797607,-1.6277713775634766,4.772235870361328
61003.093417432,-0.37948423624038696,0.2585946321487427,0.32541531324386597,0.4282589554786682,-0.0876997634768486,-1.6277713775634766,4.772235870361328,-0.0797760859131813,-0.5148564577102661,0.11206857115030289,-1.043861746788025,0.6265833973884583,2.7404463291168213,-1.9428153038024902,4.827797889709473
61003.116864725,-0.37948423624038696,0.31971970200538635,0.2829713523387909,-0.08949042856693268,-0.11411916464567184,-1.9428153038024902,4.827797889709473,-0.07897339761257172,-0.3460838794708252,0.16470353305339813,-0.850503146648407,0.9081184267997742,2.814701795578003,-0.37590986490249634,5.619263172149658
61003.139673187,-0.37948423624038696,0.28978756070137024,0.24667002260684967,-0.07859128713607788,-0.08098326623439789,-0.37590986490249634,5.619263172149658,-0.03982138633728027,-0.07795765995979309,0.15584619343280792,-0.7615029811859131,0.4723536968231201,3.084122657775879,-1.1647850275039673,4.852010726928711
61003.166813482,-0.37948423624038696,0.2500154972076416,0.22401998937129974,-0.1086309552192688,-0.04968377947807312,-1.1647850275039673,4.852010726928711,-0.04159238189458847,0.05318384990096092,0.1778804510831833,-0.7695006132125854,-0.13328245282173157,3.2130956649780273,-1.6639372110366821,4.437010765075684
61003.192775914,-0.37948423624038696,0.18665778636932373,0.2101050317287445,-0.17355024814605713,-0.03049383871257305,-1.6639372110366821,4.437010765075684,-0.03454727679491043,0.3364853858947754,0.17757785320281982,-0.8736871480941772,0.048372164368629456,3.098423957824707,-1.4347361326217651,4.2294697761535645
61003.212146552,-0.37948423624038696,0.09762267768383026,0.2016603648662567,-0.23736388981342316,-0.01844579167664051,-1.4347361326217651,4.2294697761535645,-0.035344045609235764,0.42219987511634827,0.18775171041488647,-0.9465601444244385,0.14373335242271423,3.0512173175811768,-1.473755955696106,4.4313178062438965
61003.229872069,-0.37948423624038696,-0.008150015957653522,0.19708651304244995,-0.27194634079933167,-0.00917552225291729,-1.473755955696106,4.4313178062438965,-0.027294276282191277,0.741408109664917,0.2082769125699997,-1.3510842323303223,0.2227255254983902,2.9966859817504883,-1.7241981029510498,4.425597190856934
61003.252073935,-0.37948423624038696,-0.12261555343866348,0.19638004899024963,-0.28929051756858826,0.000942409154959023,-1.7241981029510498,4.425597190856934,-0.02229425683617592,0.8433038592338562,0.20407167077064514,-1.4985584020614624,0.20737576484680176,2.992166519165039,-2.1942567825317383,4.691355228424072
61003.279145,-0.37948423624038696,-0.2411583662033081,0.20054186880588531,-0.29695504903793335,0.013944814912974834,-2.1942567825317383,4.691355228424072,-0.0027129873633384705,1.044177532196045,0.24190083146095276,-1.9871182441711426,0.15568982064723969,2.9886207580566406,-2.877176523208618,4.944629669189453
61003.298571093,-0.37948423624038696,-0.362722247838974,0.2110796570777893,-0.3041244447231293,0.031162196770310402,-2.877176523208618,4.944629669189453,-0.06311815977096558,0.7924157381057739,0.29583239555358887,-2.02864146232605,-0.009793335571885109,3.7039620876312256,-3.641512393951416,5.503352165222168
61003.319463241,-0.37948423624038696,-0.48856180906295776,0.22841529548168182,-0.31601056456565857,0.047628384083509445,-3.641512393951416,5.503352165222168,-0.06408699601888657,0.3342573344707489,0.3935336172580719,-1.6978527307510376,-0.35014626383781433,5.241727352142334,-3.985769271850586,6.152432441711426
61003.345835295,-0.37948423624038696,-0.6213029026985168,0.25224781036376953,-0.3348918855190277,0.06375465542078018,-3.985769271850586,6.152432441711426,-0.07630529254674911,0.44508519768714905,0.3731696307659149,-1.822549819946289,-0.39766767621040344,5.3379740715026855,-4.5146660804748535,6.707884311676025
61003.371849441,-0.37948423624038696,-0.758642852306366,0.2831847369670868,-0.344207227230072,0.08235405385494232,-4.5146660804748535,6.707884311676025,-0.08351466059684753,0.5937150716781616,0.3987045884132385,-1.923948049545288,0.07479715347290039,2.9805452823638916,-5.178422927856445,7.256523609161377
61003.397199205,-0.37948423624038696,-0.9001997709274292,0.3216060698032379,-0.3561260998249054,0.10000333935022354,-5.178422927856445,7.256523609161377,-0.05269347131252289,0.802022397518158,0.4001181721687317,-2.229120969772339,-0.05917859822511673,3.3197126388549805,-6.074963092803955,7.880075454711914
61003.421955382,-0.37948423624038696,-1.0473533868789673,0.36899489164352417,-0.3693079650402069,0.12438096106052399,-6.074963092803955,7.880075454711914,-0.062285229563713074,0.7527141571044922,0.30338647961616516,-2.6232166290283203,-2.634552478790283,14.413235664367676,-7.335253715515137,8.683379173278809
61003.448505044,-0.37948423624038696,-1.2031253576278687,0.4248083531856537,-0.3936145007610321,0.14501097798347473,-7.335253715515137,8.683379173278809,-0.06335872411727905,0.8467580676078796,0.3157642185688019,-2.5390660762786865,-0.04090439900755882,2.9859349727630615,-8.72369384765625,9.520475387573242
61003.479560516,-0.37948423624038696,-1.3762441873550415,0.4877094328403473,-0.44289714097976685,0.16178305447101593,-8.72369384765625,9.520475387573242,-0.054088179022073746,1.1902567148208618,0.31287911534309387,-3.299971342086792,-0.018919987604022026,2.852818727493286,-10.285578727722168,10.466702461242676
61003.507923052,-0.37948423624038696,-1.573984146118164,0.5568861961364746,-0.5105791091918945,0.17695142328739166,-10.285578727722168,10.466702461242676,-0.07424087822437286,1.2729387283325195,0.3264240026473999,-3.575503349304199,-0.02770150825381279,2.8148133754730225,-10.973872184753418,11.134885787963867
61003.538212351,-0.37948423624038696,-1.798995018005371,0.6332406997680664,-0.5795581936836243,0.19603918492794037,-10.973872184753418,11.134885787963867,-0.06651177257299423,1.4459986686706543,0.3409281075000763,-4.048829078674316,-0.05056869611144066,2.7552390098571777,-9.6784029006958,11.304378509521484
61003.567106769,-0.37948423624038696,-2.04982328414917,0.7194192409515381,-0.642114520072937,0.22262220084667206,-9.6784029006958,11.304378509521484,-0.06310397386550903,1.75284743309021,0.34946587681770325,-5.215485572814941,-0.22087712585926056,2.805450916290283,-5.5197882652282715,10.067638397216797
61003.606721973,-0.37948423624038696,-2.2966833114624023,0.822717010974884,-0.6050370335578918,0.27110204100608826,-5.5197882652282715,10.067638397216797,-0.044698260724544525,1.8024035692214966,0.3288840055465698,-5.512505531311035,-0.2402065396308899,2.815951347351074,-3.178053140640259,8.202438354492188
61003.636141657,-0.37948423624038696,-2.503145933151245,0.9489635825157166,-0.4879918694496155,0.32976189255714417,-3.178053140640259,8.202438354492188,-0.05832580476999283,2.12823486328125,0.34209880232810974,-6.903076171875,-0.14279207587242126,3.0632150173187256,-0.624845564365387,5.480155944824219
61003.661877589,-0.37948423624038696,-2.6705403327941895,1.093817949295044,-0.3948054313659668,0.37694886326789856,-0.624845564365387,5.480155944824219,0.11989230662584305,1.6807563304901123,-0.12702400982379913,-6.160088539123535,0.12542375922203064,3.0845415592193604,2.012469530105591,2.2768688201904297
61003.676719102,-0.37948423624038696,-2.732710838317871,1.2553446292877197,0.043009620159864426,0.4264012277126312,2.012469530105591,2.2768688201904297,0.1593206226825714,1.558129906654358,-0.24083136022090912,-5.941107749938965,0.20309148728847504,3.171280860900879,0.9140092730522156,-1.271568775177002
61003.698419807,-0.37948423624038696,-2.6856601238250732,1.2814184427261353,0.1305811107158661,0.012890922836959362,0.9140092730522156,-1.271568775177002,0.17572946846485138,1.7445156574249268,-0.20807376503944397,-6.7475385665893555,0.8170901536941528,3.1091248989105225,-2.658808708190918,-1.4084922075271606
61003.727996646,-0.37948423624038696,-2.6209299564361572,1.277540922164917,0.1728842705488205,-0.014062999747693539,-2.658808708190918,-1.4084922075271606,0.09713814407587051,0.9459330439567566,-0.13202452659606934,-6.448704719543457,10.707619667053223,66.2270278930664,-6.946184158325195,-1.049481987953186
61003.76426487,-0.37948423624038696,-2.5329208374023438,1.2687476873397827,0.23682177066802979,-0.025789424777030945,-6.946184158325195,-1.049481987953186,-0.0503532774746418,-0.3283497989177704,0.0038589141331613064,-5.595704555511475,23.387928009033203,152.9665985107422,-10.850173950195312,-0.7765453457832336
61003.800038041,-0.37948423624038696,-2.416996717453003,1.25404953956604,0.3078635632991791,-0.04008006677031517,-10.850173950195312,-0.7765453457832336,-0.01595737785100937,-0.5337067246437073,-0.07604993879795074,-5.382209777832031,-3.0071942806243896,12.058316230773926,-11.695319175720215,-0.963803768157959
61003.835885825,-0.37948423624038696,-2.3205766677856445,1.2272403240203857,0.21879518032073975,-0.07642193138599396,-11.695319175720215,-0.963803768157959,0.0020851586014032364,-0.4570213854312897,-0.07389631867408752,-4.970462322235107,0.2526218295097351,3.0512168407440186,-9.954269409179688,-0.6761764287948608
61003.87059912,-0.37948423624038696,-2.2610387802124023,1.186597228050232,0.12532775104045868,-0.10954314470291138,-9.954269409179688,-0.6761764287948608,-0.026042316108942032,-0.3197789490222931,-0.0646972805261612,-4.822470188140869,0.3869316279888153,3.524735689163208,-8.533926963806152,-0.3683450520038605
61003.899437292,-0.37948423624038696,-2.2287979125976562,1.1355119943618774,0.06521933525800705,-0.13358615338802338,-8.533926963806152,-0.3683450520038605,-0.10613218694925308,-0.5301486253738403,0.07469421625137329,-4.9071879386901855,2.1327691078186035,13.199684143066406,-6.593408584594727,-0.23848840594291687
61003.920769132,-0.37948423624038696,-2.204097032546997,1.0780036449432373,0.05996929481625557,-0.1465262472629547,-6.593408584594727,-0.23848840594291687,-0.1291075050830841,-0.4540421664714813,0.11185707151889801,-4.748800754547119,0.17764019966125488,2.908281087875366,-5.88608980178833,-0.25670623779296875
61003.946138672,-0.37948423624038696,-2.1604080200195312,1.0195242166519165,0.12528955936431885,-0.1450432986021042,-5.88608980178833,-0.25670623779296875,-0.16534224152565002,-0.580470621585846,0.1825229823589325,-4.714232921600342,0.0975959524512291,3.0217602252960205,-5.89508581161499,-0.5711276531219482
61003.967297276,-0.37948423624038696,-2.0918068885803223,0.9624053239822388,0.18666188418865204,-0.14162762463092804,-5.89508581161499,-0.5711276531219482,-0.17455992102622986,-0.7024290561676025,0.18956786394119263,-4.754383563995361,0.025237876921892166,4.439019680023193,-5.70712947845459,-0.8367525935173035
61003.981946497,-0.37948423624038696,-1.998918890953064,0.9075607657432556,0.2455369234085083,-0.1366782784461975,-5.70712947845459,-0.8367525935173035,-0.2206013947725296,-1.096113681793213,0.20993107557296753,-5.178323745727539,0.024215303361415863,23.047019958496094,-5.020690441131592,-1.1000986099243164
61004.001877894,-0.37948423624038696,-1.8853744268417358,0.8544949889183044,0.29392313957214355,-0.13294951617717743,-5.020690441131592,-1.1000986099243164,-0.204701766371727,-1.2036229372024536,0.20219886302947998,-5.270292282104492,0.3589787185192108,27.77448844909668,-4.531770706176758,-1.2136566638946533
61004.023297043,-0.37948423624038696,-1.7498717308044434,0.8024996519088745,0.3514861762523651,-0.13035611808300018,-4.531770706176758,-1.2136566638946533,-0.20740823447704315,-1.3323817253112793,0.1841193586587906,-5.287736892700195,0.49990713596343994,24.686723709106445,-4.291153907775879,-0.9403707981109619
61004.047934623,-0.37948423624038696,-1.5970646142959595,0.7485679388046265,0.3915671706199646,-0.13363036513328552,-4.291153907775879,-0.9403707981109619,-0.18633221089839935,-1.3310532569885254,0.17734333872795105,-4.749227523803711,0.04135233908891678,3.241196632385254,-4.264583110809326,-0.07454368472099304
61004.068543947,-0.37948423624038696,-1.4317117929458618,0.6919787526130676,0.4177371561527252,-0.1452542543411255,-4.264583110809326,-0.07454368472099304,-0.15242689847946167,-1.6621583700180054,0.08690187335014343,-5.135714530944824,-0.038506388664245605,3.3375778198242188,-3.668046712875366,1.6890389919281006
61004.083253692,-0.37948423624038696,-1.26590096950531,0.6269866824150085,0.4107070565223694,-0.16917000710964203,-3.668046712875366,1.6890389919281006,-0.14553365111351013,-1.3837896585464478,0.09181986004114151,-4.071846008300781,0.045831065624952316,3.0644748210906982,-4.4278998374938965,3.458242893218994
61004.103440902,-0.37948423624038696,-1.1001232862472534,0.5603756904602051,0.4136684536933899,-0.16714449226856232,-4.4278998374938965,3.458242893218994,-0.12726442515850067,-1.124279499053955,0.10565084218978882,-3.3294389247894287,-0.008163646794855595,3.0158727169036865,-4.5355682373046875,4.827077865600586
61004.124273868,-0.37948423624038696,-0.9481397271156311,0.49964120984077454,0.36980491876602173,-0.14623390138149261,-4.5355682373046875,4.827077865600586,-0.11444205790758133,-1.14604914188385,0.08219677209854126,-3.344480514526367,0.01066000945866108,3.008687973022461,-3.3363583087921143,5.50849723815918
61004.152847962,-0.37948423624038696,-0.8146486878395081,0.44547680020332336,0.32089945673942566,-0.1327575296163559,-3.3363583087921143,5.50849723815918,-0.10324841737747192,-1.355341911315918,0.04136212170124054,-3.3601367473602295,0.032942771911621094,2.9061670303344727,-2.194978713989258,5.953824043273926
61004.173249026,-0.37948423624038696,-0.6883662939071655,0.3948914706707001,0.31197744607925415,-0.12429304420948029,-2.194978713989258,5.953824043273926,-0.1154843121767044,-1.158633828163147,0.0171408262103796,-2.7709264755249023,0.13867811858654022,2.8686535358428955,-2.41416072845459,5.918292999267578
61004.189425431,-0.37948423624038696,-0.5584341883659363,0.35017135739326477,0.3264922499656677,-0.10758238285779953,-2.41416072845459,5.918292999267578,-0.11635126173496246,-0.9656689763069153,0.04227222129702568,-2.3164141178131104,0.0982094407081604,2.9455182552337646,-2.966207265853882,5.391536712646484
61004.212944274,-0.37948423624038696,-0.4333135485649109,0.31108543276786804,0.3066967725753784,-0.09475091099739075,-2.966207265853882,5.391536712646484,-0.08080141991376877,-0.8105804920196533,0.0544312447309494,-1.9562007188796997,0.026158008724451065,2.984095573425293,-3.456573486328125,4.811971664428711
61004.235731179,-0.37948423624038696,-0.3272501230239868,0.27504420280456543,0.2508881688117981,-0.08875767141580582,-3.456573486328125,4.811971664428711,-0.09107214212417603,-0.3695906400680542,0.05286800116300583,-1.3177446126937866,0.25506606698036194,2.92572021484375,-4.29199743270874,4.178325653076172
61004.260342256,-0.37948423624038696,-0.2432207316160202,0.24155206978321075,0.19662654399871826,-0.08183249086141586,-4.29199743270874,4.178325653076172,-0.06556302309036255,-0.39218243956565857,0.07296381890773773,-1.3574575185775757,0.23455357551574707,2.9522664546966553,-4.091883659362793,3.8293817043304443
61004.282049683,-0.37948423624038696,-0.18066932260990143,0.2116500586271286,0.14293096959590912,-0.072171650826931,-4.091883659362793,3.8293817043304443,-0.05048456788063049,-0.16836576163768768,0.08801773190498352,-1.1999062299728394,0.2189713567495346,2.9855191707611084,-4.141164779663086,3.6014769077301025
61004.296880108,-0.37948423624038696,-0.13977117836475372,0.18636247515678406,0.0886235162615776,-0.06005266308784485,-4.141164779663086,3.6014769077301025,-0.06236476078629494,0.056841008365154266,0.10189566016197205,-1.1589279174804688,0.22056905925273895,3.038646936416626,-4.029956817626953,3.3796494007110596
61004.317202257,-0.37948423624038696,-0.12078949064016342,0.1664794385433197,0.03368872031569481,-0.046146366745233536,-4.029956817626953,3.3796494007110596,-0.06947733461856842,0.20708830654621124,0.11248510330915451,-1.202210545539856,0.1827259510755539,3.036984443664551,-3.833760976791382,3.366389036178589
61004.337940668,-0.35555499792099,-0.12389731407165527,0.15243543684482574,-0.021607045084238052,-0.03140657767653465,-3.833760976791382,3.366389036178589,-0.03726285696029663,0.46011555194854736,0.1296989619731903,-1.415830135345459,0.1757369190454483,3.0586845874786377,-3.4425816535949707,3.5302937030792236
61004.362476377,-0.6716880202293396,0.0,0.0,0.0,0.0,0.0,0.0,-0.06803388893604279,0.20134766399860382,0.19903664290905,-1.4582856893539429,-0.33456459641456604,6.003379821777344,-2.3289902210235596,-1.1041669845581055
61004.38367884,-0.6716880202293396,3.2624591312924167e-06,7.360823019553209e-06,1.124181471823249e-05,1.9762168449233286e-05,-2.3289902210235596,-1.1041669845581055,-0.07427749037742615,0.13744108378887177,0.16602885723114014,-1.0359982252120972,-0.3598206639289856,5.987934112548828,-2.3078598976135254,-1.2538906335830688
61004.398726977,-0.6716880202293396,-0.025067346170544624,-0.009917804040014744,-0.08206935971975327,-0.03135762736201286,-2.3078598976135254,-1.2538906335830688,-0.019848644733428955,0.4429050087928772,0.0412023589015007,0.08467326313257217,0.28235316276550293,3.0160129070281982,-0.9711287021636963,0.950729489326477
61004.419431839,-0.6716880202293396,-0.07749086618423462,-0.029231088235974312,-0.14689698815345764,-0.05404984951019287,-0.9711287021636963,0.950729489326477,-0.021857839077711105,0.4689664840698242,0.0234686192125082,0.07101130485534668,0.28619885444641113,3.0072734355926514,-1.2792850732803345,2.4034056663513184
61004.440651152,-0.6716880202293396,-0.13555355370044708,-0.0429849773645401,-0.14473555982112885,-0.03054974041879177,-1.2792850732803345,2.4034056663513184,-0.013424697332084179,0.7147072553634644,0.05757150799036026,-0.29453176259994507,0.17143523693084717,3.055511474609375,-2.555553913116455,2.760218620300293
61004.465634119,-0.6716880202293396,-0.19445952773094177,-0.047016434371471405,-0.14713603258132935,-0.004361683037132025,-2.555553913116455,2.760218620300293,0.007951866835355759,0.8607111573219299,0.06842870265245438,-0.5404018759727478,0.06523477286100388,3.075137138366699,-3.257021188735962,3.193765640258789
61004.486905955,-0.6716880202293396,-0.2654951810836792,-0.04492255300283432,-0.18568667769432068,0.008269648998975754,-3.257021188735962,3.193765640258789,-0.018649306148290634,1.0642634630203247,0.07661779224872589,-0.9362742900848389,0.08901166915893555,3.0200653076171875,-3.3700661659240723,3.48016095161438
61004.503219893,-0.6716880202293396,-0.35418081283569336,-0.038603998720645905,-0.2318340539932251,0.018336966633796692,-3.3700661659240723,3.48016095161438,0.0003283941769041121,1.2798529863357544,0.08936956524848938,-1.5231519937515259,0.2223014086484909,2.9408323764801025,-3.635920286178589,3.618242025375366
61004.522541745,-0.6716880202293396,-0.4567590653896332,-0.02803918719291687,-0.26314494013786316,0.029263539239764214,-3.635920286178589,3.618242025375366,0.027514545246958733,1.6018500328063965,0.10717775672674179,-2.5758538246154785,0.1533789336681366,2.922966957092285,-4.151715278625488,3.541344404220581
61004.545149003,-0.6716880202293396,-0.5697546601295471,-0.012905481271445751,-0.28731489181518555,0.0409122072160244,-4.151715278625488,3.541344404220581,0.024142490699887276,1.759359359741211,0.12247417122125626,-3.2259624004364014,0.11274310201406479,2.9533531665802,-4.629796028137207,3.796086311340332
61004.569769621,-0.6716880202293396,-0.6929329037666321,0.006810355000197887,-0.31292566657066345,0.052349984645843506,-4.629796028137207,3.796086311340332,0.027166403830051422,1.994765281677246,0.1244121789932251,-4.156247138977051,0.06461794674396515,2.921022891998291,-4.930344581604004,4.28416633605957
61004.59032746,-0.6716880202293396,-0.8292251825332642,0.03006010130047798,-0.346527636051178,0.06387431919574738,-4.930344581604004,4.28416633605957,-0.002678070217370987,1.7688121795654297,0.1556803286075592,-4.115818500518799,-0.4479624032974243,3.6889398097991943,-5.539689064025879,5.1917524337768555
61004.605126629,-0.6716880202293396,-0.9729750156402588,0.060565169900655746,-0.3615226447582245,0.0806850716471672,-5.539689064025879,5.1917524337768555,-0.10358301550149918,0.4205174148082733,0.34276342391967773,-2.2194008827209473,-2.7497196197509766,6.6602702140808105,-5.768871784210205,6.889289379119873
61004.625931964,-0.6716880202293396,-1.1229227781295776,0.098492830991745,-0.3767930865287781,0.10040018707513809,-5.768871784210205,6.889289379119873,-0.07572206854820251,0.480949729681015,0.31643685698509216,-2.270570993423462,-2.1738157272338867,5.458003997802734,-6.904069423675537,8.143880844116211
61004.647439738,-0.6716880202293396,-1.2737622261047363,0.14635613560676575,-0.37503111362457275,0.12682978808879852,-6.904069423675537,8.143880844116211,-0.07554592937231064,0.6241785883903503,0.28063759207725525,-2.32153582572937,-0.07648856192827225,3.010467767715454,-8.29980182647705,9.259521484375
61004.673307655,-0.6716880202293396,-1.4310234785079956,0.20447786152362823,-0.3965679705142975,0.1519266664981842,-8.29980182647705,9.259521484375,-0.06105867773294449,0.9249432682991028,0.27911320328712463,-2.817538261413574,-0.0986768826842308,2.986288547515869,-9.915815353393555,10.406705856323242
61004.698461272,-0.6716880202293396,-1.6061218976974487,0.27122434973716736,-0.4483306109905243,0.17231632769107819,-9.915815353393555,10.406705856323242,-0.07174226641654968,1.1576008796691895,0.32117557525634766,-3.369765043258667,-0.06435242295265198,2.8936352729797363,-11.259305000305176,11.470531463623047
61004.720923017,-0.6716880202293396,-1.8075157403945923,0.34445884823799133,-0.523758053779602,0.18460719287395477,-11.259305000305176,11.470531463623047,-0.03810771554708481,1.0224498510360718,0.16362923383712769,-4.000922203063965,-8.9436616897583,22.50029945373535,-11.654088973999023,12.048394203186035
61004.754824001,-0.6716880202293396,-2.0368402004241943,0.42704686522483826,-0.5888128876686096,0.21303920447826385,-11.654088973999023,12.048394203186035,-0.019206907600164413,0.9482717514038086,0.07618289440870285,-4.2158989906311035,-11.978435516357422,29.146568298339844,-10.589496612548828,12.129079818725586
61004.78492917,-0.6716880202293396,-2.287966728210449,0.5212749242782593,-0.6383160948753357,0.24382384121418,-10.589496612548828,12.129079818725586,-0.0004057791084051132,1.1655772924423218,0.07429219037294388,-3.9159445762634277,-0.15672796964645386,2.9453773498535156,-7.035128116607666,11.339177131652832
61004.814290805,-0.6716880202293396,-2.53178334236145,0.6327250003814697,-0.5969814658164978,0.2906472980976105,-7.035128116607666,11.339177131652832,0.022685326635837555,1.4504737854003906,0.07345625013113022,-4.674774169921875,-0.15557333827018738,3.106950283050537,-4.367576599121094,9.573019027709961
61004.842158469,-0.6716880202293396,-2.736870288848877,0.7647113800048828,-0.4866640269756317,0.34223079681396484,-4.367576599121094,9.573019027709961,0.0389154776930809,1.5431195497512817,0.08249853551387787,-5.029268264770508,-0.06499846279621124,3.1264991760253906,-2.062635660171509,7.318317890167236
61004.864750347,-0.6716880202293396,-2.7212064266204834,0.9376089572906494,0.041757192462682724,0.4439208507537842,-2.062635660171509,7.318317890167236,0.009189444594085217,1.6785497665405273,0.095380499958992,-5.537112712860107,0.05655226483941078,3.0628488063812256,0.34979933500289917,2.0827431678771973
61004.880636358,-0.6716880202293396,-2.6878998279571533,1.125338077545166,0.10027561336755753,0.47841396927833557,0.34979933500289917,2.0827431678771973,0.02378067560493946,1.8825063705444336,0.09217283874750137,-6.45314884185791,0.19699259102344513,2.7681736946105957,-0.20012933015823364,-0.7914936542510986
61004.909370815,-0.6716880202293396,-2.6299943923950195,1.3032513856887817,0.16028788685798645,0.437563419342041,-0.20012933015823364,-0.7914936542510986,0.033630646765232086,2.003580093383789,0.06860525906085968,-6.977693557739258,0.18632899224758148,2.696091413497925,-2.445152997970581,-1.760103464126587
61004.93831327,-0.6716880202293396,-2.5171244144439697,1.3300162553787231,0.3031766712665558,0.020740602165460587,-2.445152997970581,-1.760103464126587,0.04560023918747902,2.189326286315918,0.12830202281475067,-7.901027202606201,0.3502388894557953,3.004331350326538,-7.859628677368164,-1.2444754838943481
61004.967362719,-0.6716880202293396,-2.384333372116089,1.3279500007629395,0.34576547145843506,-0.003017950104549527,-7.859628677368164,-1.2444754838943481,0.0382910780608654,1.421438217163086,0.05729576200246811,-7.622347831726074,-0.990549623966217,7.746430397033691,-12.531332969665527,-1.0801571607589722
61004.996691432,-0.6716880202293396,-2.2398674488067627,1.322299838066101,0.36492905020713806,-0.019151953980326653,-12.531332969665527,-1.0801571607589722,0.030675390735268593,-0.6635763049125671,-0.1797063648700714,-5.455212116241455,-2.555255174636841,10.628968238830566,-12.225341796875,-1.0293183326721191
61005.025799177,-0.6716880202293396,-2.12308931350708,1.305227279663086,0.2685290277004242,-0.05057346820831299,-12.225341796875,-1.0293183326721191,0.046220503747463226,-0.5968080163002014,-0.1951630413532257,-5.1002888679504395,0.40451183915138245,5.087631702423096,-11.375439643859863,-1.005230188369751
61005.054539687,-0.6716880202293396,-2.0444788932800293,1.2749204635620117,0.17201240360736847,-0.08415010571479797,-11.375439643859863,-1.005230188369751,0.0243145152926445,-0.5336758494377136,-0.1787339150905609,-4.922131538391113,1.065744161605835,3.4745326042175293,-10.452269554138184,-0.9053912162780762
61005.075646198,-0.6716880202293396,-2.006218910217285,1.2314304113388062,0.06979390978813171,-0.1168222576379776,-10.452269554138184,-0.9053912162780762,0.04533708095550537,-0.2928124666213989,-0.15794239938259125,-4.738307476043701,0.257564514875412,2.772952079772949,-9.415091514587402,-0.6983979940414429
61005.100315754,-0.6716880202293396,-2.0100040435791016,1.1756138801574707,-0.03611850365996361,-0.1463630050420761,-9.415091514587402,-0.6983979940414429,-0.004260091111063957,-0.26954299211502075,-0.0696638748049736,-4.48817253112793,6.775393486022949,9.945069313049316,-6.992682456970215,-0.42747607827186584
61005.119731323,-0.6716880202293396,-2.047243595123291,1.11020028591156,-0.11121127754449844,-0.168643519282341,-6.992682456970215,-0.42747607827186584,-0.17002908885478973,-0.400919646024704,0.18299205601215363,-3.893967390060425,23.685792922973633,28.50414276123047,-5.075865745544434,-0.4563395380973816
61005.135098546,-0.6716880202293396,-2.0796971321105957,1.042557716369629,-0.0713578388094902,-0.16851140558719635,-5.075865745544434,-0.4563395380973816,-0.22444739937782288,-0.49937304854393005,0.3111037611961365,-4.666539669036865,3.9143383502960205,10.351358413696289,-4.711629867553711,-0.7094588279724121
61005.154983879,-0.6716880202293396,-2.089698076248169,0.9773620963096619,-0.009592709131538868,-0.1608874648809433,-4.711629867553711,-0.7094588279724121,-0.24030663073062897,-0.6306207180023193,0.3569777011871338,-4.796969413757324,1.1469818353652954,12.135530471801758,-5.230330467224121,-1.1204696893692017
61005.176267459,-0.6716880202293396,-2.075371026992798,0.9151691794395447,0.05085677653551102,-0.15373460948467255,-5.230330467224121,-1.1204696893692017,-0.2701491117477417,-0.7823326587677002,0.3822818994522095,-4.809913158416748,1.178296685218811,13.438153266906738,-5.5139479637146,-1.4779126644134521
61005.20070563,-0.6716880202293396,-2.036980390548706,0.8554952144622803,0.11106427758932114,-0.14784055948257446,-5.5139479637146,-1.4779126644134521,-0.26176339387893677,-0.8778120279312134,0.379279226064682,-4.791043281555176,1.3572328090667725,13.766207695007324,-5.452918529510498,-1.8149677515029907
61005.220515681,-0.6716880202293396,-1.9742282629013062,0.7973589301109314,0.17225918173789978,-0.14480051398277283,-5.452918529510498,-1.8149677515029907,-0.2768453359603882,-0.9872138500213623,0.40000009536743164,-4.822357654571533,1.3127859830856323,12.72665786743164,-5.107906341552734,-2.056919813156128
61005.236827454,-0.6716880202293396,-1.887176275253296,0.7392562031745911,0.23191939294338226,-0.14584963023662567,-5.107906341552734,-2.056919813156128,-0.28461483120918274,-1.07001531124115,0.4313816428184509,-4.783053874969482,0.9904446005821228,11.868206024169922,-4.746729850769043,-2.137105941772461
61005.255824692,-0.6716880202293396,-1.776413083076477,0.6798447370529175,0.290817528963089,-0.14960595965385437,-4.746729850769043,-2.137105941772461,-0.2652760148048401,-1.121415615081787,0.4554591774940491,-4.549190044403076,0.3221283555030823,7.413938999176025,-4.699740409851074,-1.789867639541626
61005.27665821,-0.6716880202293396,-1.6464786529541016,0.6166755557060242,0.33410486578941345,-0.15950942039489746,-4.699740409851074,-1.789867639541626,-0.25579747557640076,-1.1794036626815796,0.46272528171539307,-4.3861002922058105,0.6457778215408325,6.428730010986328,-4.4885993003845215,-0.8417432308197021
61005.300947634,-0.6716880202293396,-1.5047463178634644,0.5495061278343201,0.3587855398654938,-0.17216339707374573,-4.4885993003845215,-0.8417432308197021,-0.24600331485271454,-1.1286697387695312,0.4563326835632324,-4.002274513244629,0.28736284375190735,4.3637471199035645,-4.495748519897461,0.29750698804855347
61005.322013395,-0.6716880202293396,-1.3611950874328613,0.4742652177810669,0.3576756715774536,-0.19206669926643372,-4.495748519897461,0.29750698804855347,-0.24183890223503113,-1.1180336475372314,0.4525628685951233,-3.8736050128936768,0.06423632055521011,3.1517109870910645,-4.229335784912109,1.7408504486083984
61005.337984346,-0.6716880202293396,-1.2242189645767212,0.39395979046821594,0.33243328332901,-0.20547576248645782,-4.229335784912109,1.7408504486083984,-0.23582683503627777,-1.3187559843063354,0.5192387700080872,-3.8546719551086426,5.609823703765869,22.567745208740234,-3.109562873840332,3.5093512535095215
61005.357673536,-0.6716880202293396,-1.0941792726516724,0.3201058506965637,0.3223183751106262,-0.18125931918621063,-3.109562873840332,3.5093512535095215,-0.22244150936603546,-1.2598047256469727,0.555979311466217,-3.544138193130493,2.0553700923919678,10.198050498962402,-3.4158496856689453,4.142718315124512
61005.382842506,-0.6716880202293396,-0.9540023803710938,0.2593943476676941,0.35790255665779114,-0.1436736285686493,-3.4158496856689453,4.142718315124512,-0.21342766284942627,-1.0794581174850464,0.5540047287940979,-3.0804550647735596,-0.04832612723112106,3.0458295345306396,-3.776853561401367,4.225610256195068
61005.42979072,-0.6716880202293396,-0.8111017942428589,0.20948362350463867,0.35521507263183594,-0.11938285082578659,-3.776853561401367,4.225610256195068,-0.20142993330955505,-1.0062695741653442,0.5649325251579285,-2.8956708908081055,-0.0945596918463707,3.05777645111084,-3.548787832260132,4.122140407562256
61005.459798076,-0.6716880202293396,-0.6793189644813538,0.16413576900959015,0.319627970457077,-0.11183245480060577,-3.548787832260132,4.122140407562256,-0.15626482665538788,-0.6702011823654175,0.5661934614181519,-2.2104074954986572,0.10578451305627823,2.929896831512451,-4.364104747772217,3.3149242401123047
61005.485306779,-0.6716880202293396,-0.5631919503211975,0.12134387344121933,0.27934908866882324,-0.10548653453588486,-4.364104747772217,3.3149242401123047,-0.15539458394050598,-0.6114802956581116,0.5656730532646179,-2.0723164081573486,0.1340784877538681,2.9176666736602783,-4.181769847869873,2.803215265274048
61005.509641124,-0.6716880202293396,-0.4679964482784271,0.08046989142894745,0.224516823887825,-0.10098462551832199,-4.181769847869873,2.803215265274048,-0.15562033653259277,-0.3950589597225189,0.5999794602394104,-1.805643916130066,0.19780485332012177,2.9350249767303467,-4.314001083374023,2.018104314804077
61005.535635796,-0.6716880202293396,-0.3940586447715759,0.04198767617344856,0.17167337238788605,-0.09440642595291138,-4.314001083374023,2.018104314804077,-0.12451159954071045,-0.21536627411842346,0.5865525603294373,-1.6715258359909058,0.22780147194862366,2.9271161556243896,-4.268083572387695,1.140312910079956
61005.563351698,-0.6716880202293396,-0.34120553731918335,0.006848701275885105,0.11892956495285034,-0.08548035472631454,-4.268083572387695,1.140312910079956,-0.09933241456747055,0.25307029485702515,0.6321024298667908,-1.6368829011917114,0.1961989551782608,3.022725820541382,-4.280235290527344,-0.15829795598983765
61005.587701422,-0.6716880202293396,-0.3109878599643707,-0.02818814106285572,0.060961075127124786,-0.08711414784193039,-4.280235290527344,-0.15829795598983765,-0.09560678154230118,0.28637179732322693,0.6215354204177856,-1.7009364366531372,0.21224984526634216,3.02165150642395,-3.5309178829193115,-0.893592357635498
61005.610030984,-0.6716880202293396,-0.3083042800426483,-0.07019800692796707,-0.010946922935545444,-0.10660933703184128,-3.5309178829193115,-0.893592357635498,-0.09758607298135757,0.31397128105163574,0.6301897764205933,-1.732637643814087,0.2785581350326538,3.8993163108825684,-2.7066385746002197,-0.8196762800216675
61005.624833826,-0.6716880202293396,-0.3341934382915497,-0.11910170316696167,-0.08258366584777832,-0.12688706815242767,-2.7066385746002197,-0.8196762800216675,-0.11600246280431747,0.15144360065460205,0.5879532694816589,-1.7096467018127441,0.5407020449638367,7.9477128982543945,-2.017508029937744,-0.4362933337688446
61005.645363495,-0.6716880202293396,-0.3787117004394531,-0.1728665828704834,-0.12047970294952393,-0.136429101228714,-2.017508029937744,-0.4362933337688446,-0.12792107462882996,0.2777603268623352,0.733643114566803,-1.8233228921890259,2.2526180744171143,8.158876419067383,-1.975751280784607,-0.38277170062065125
61005.667038005,-0.6716880202293396,-0.4276062250137329,-0.22544755041599274,-0.12287503480911255,-0.1301378309726715,-1.975751280784607,-0.38277170062065125,-0.15233966708183289,0.28822675347328186,0.7446829676628113,-2.010355234146118,0.6391466856002808,13.105323791503906,-2.265268325805664,-0.7110835313796997
61005.692356493,-0.6716880202293396,-0.47993937134742737,-0.2622353136539459,-0.13576102256774902,-0.06134173274040222,-2.265268325805664,-0.7110835313796997,-0.14501796662807465,0.286224901676178,0.7293298244476318,-2.038464307785034,0.10805808007717133,12.861953735351562,-2.9110634326934814,-2.1936211585998535
61005.713171681,-0.6716880202293396,-0.5370462536811829,-0.27924734354019165,-0.14265497028827667,-0.03930564597249031,-2.9110634326934814,-2.1936211585998535,-0.11058606952428818,0.32435986399650574,0.5269032716751099,-1.8504558801651,-0.15139546990394592,3.2392849922180176,-3.0277719497680664,-3.183748722076416
61005.729671747,-0.6716880202293396,-0.6022481918334961,-0.30173927545547485,-0.16893638670444489,-0.05970737338066101,-3.0277719497680664,-3.183748722076416,-0.082007996737957,0.325829416513443,0.47272396087646484,-1.9045565128326416,-0.645969033241272,6.643543243408203,-2.5231146812438965,-3.45023250579834
61005.752405251,-0.6716880202293396,-0.678794801235199,-0.3311629891395569,-0.1984029859304428,-0.07534819096326828,-2.5231146812438965,-3.45023250579834,-0.10171492397785187,0.456141859292984,0.46500110626220703,-1.957576870918274,0.14984005689620972,3.0173327922821045,-2.663618326187134,-3.8966522216796875
61005.781295173,-0.6716880202293396,-0.7588295340538025,-0.3622705340385437,-0.20024804770946503,-0.07815022021532059,-2.663618326187134,-3.8966522216796875,-0.12279582023620605,0.4848443865776062,0.6134922504425049,-2.1191346645355225,2.3234643936157227,9.694293022155762,-2.8834996223449707,-4.008410930633545
61005.808637419,-0.6716880202293396,-0.8388180136680603,-0.39345112442970276,-0.19924063980579376,-0.07810135930776596,-2.8834996223449707,-4.008410930633545,-0.1400928646326065,0.4884664714336395,0.6539676189422607,-2.2783374786376953,3.399876117706299,16.001739501953125,-3.219581127166748,-4.301537990570068
61005.836738481,-0.6716880202293396,-0.9177446961402893,-0.4240191578865051,-0.19602929055690765,-0.07642840594053268,-3.219581127166748,-4.301537990570068,-0.14352253079414368,0.4955689013004303,0.6641117334365845,-2.491849184036255,1.0002930164337158,14.14405632019043,-3.5597052574157715,-4.7320170402526855
61005.862254728,-0.6716880202293396,-0.9954555034637451,-0.45342952013015747,-0.19238285720348358,-0.07268308103084564,-3.5597052574157715,-4.7320170402526855,-0.1654977649450302,0.5557584762573242,0.6841143369674683,-2.6109392642974854,0.43412598967552185,12.552239418029785,-3.983644485473633,-5.182828903198242
61005.884171914,-0.6716880202293396,-1.0730899572372437,-0.48287785053253174,-0.1930866837501526,-0.07256437838077545,-3.983644485473633,-5.182828903198242,-0.1568373739719391,0.6684507131576538,0.6893811225891113,-2.7357020378112793,-0.08131381869316101,4.46735954284668,-4.398630142211914,-5.5764336585998535
61005.911465434,-0.6716880202293396,-1.1510162353515625,-0.5113710165023804,-0.19401897490024567,-0.0708465427160263,-4.398630142211914,-5.5764336585998535,-0.16637524962425232,0.6732900738716125,0.7100250720977783,-2.8875315189361572,-0.09078246355056763,4.899464130401611,-4.7938432693481445,-5.819920063018799
61005.93346988,-0.6716880202293396,-1.231428623199463,-0.5408008098602295,-0.2017277479171753,-0.07319174706935883,-4.7938432693481445,-5.819920063018799,-0.18000811338424683,0.6317464113235474,0.7112324833869934,-3.0498604774475098,-0.2681334316730499,7.562695503234863,-5.098923683166504,-5.986488342285156
61005.948689047,-0.6716880202293396,-1.3142809867858887,-0.5700585246086121,-0.20746853947639465,-0.07311147451400757,-5.098923683166504,-5.986488342285156,-0.1895272135734558,0.6355199217796326,0.7108505368232727,-3.061514139175415,-0.2812735140323639,7.890861511230469,-5.4561309814453125,-6.213571548461914
61005.971761312,-0.6716880202293396,-1.3999152183532715,-0.6003367900848389,-0.21458779275417328,-0.07510150223970413,-5.4561309814453125,-6.213571548461914,-0.1821279525756836,0.7777723073959351,0.7293455600738525,-3.314305305480957,-0.04302714020013809,4.092921733856201,-5.967410087585449,-6.311501502990723
61006.003929801,-0.6716880202293396,-1.4869346618652344,-0.6297728419303894,-0.2169954776763916,-0.07303911447525024,-5.967410087585449,-6.311501502990723,-0.211523175239563,0.7878484725952148,0.7086359858512878,-3.5225400924682617,-0.15813720226287842,5.273972988128662,-6.583329200744629,-6.334262847900391
61006.030916251,-0.6716880202293396,-1.5781141519546509,-0.6603013873100281,-0.2295682728290558,-0.07569438219070435,-6.583329200744629,-6.334262847900391,-0.2095133662223816,0.7964907884597778,0.7046903371810913,-3.6913790702819824,-0.24500994384288788,6.628376007080078,-7.100924015045166,-6.175838470458984
61006.057300181,-0.6716880202293396,-1.6758651733398438,-0.6914057731628418,-0.24841153621673584,-0.0795903131365776,-7.100924015045166,-6.175838470458984,-0.24727962911128998,0.7361736297607422,0.6913962364196777,-3.81109356880188,-0.6520018577575684,12.589959144592285,-7.6881632804870605,-6.027459144592285
61006.087941231,-0.6716880202293396,-1.7816253900527954,-0.723702609539032,-0.26840686798095703,-0.08206408470869064,-7.6881632804870605,-6.027459144592285,-0.22299040853977203,0.7448464632034302,0.6667091250419617,-3.9275944232940674,-0.858261227607727,15.747507095336914,-8.476775169372559,-5.763943195343018
61006.116753755,-0.6716880202293396,-1.8957610130310059,-0.7565921545028687,-0.2887422442436218,-0.08226727694272995,-8.476775169372559,-5.763943195343018,-0.21373102068901062,0.78648841381073,0.6648277640342712,-4.015103816986084,-0.6975266337394714,12.911123275756836,-9.358189582824707,-5.411911487579346
61006.145723812,-0.6716880202293396,-2.022170305252075,-0.7917331457138062,-0.322216272354126,-0.08780407905578613,-9.358189582824707,-5.411911487579346,-0.24389979243278503,0.9046012759208679,0.6549878716468811,-4.2585062980651855,-0.22163034975528717,5.560890197753906,-10.29962158203125,-4.86179780960083
61006.173782042,-0.6716880202293396,-2.1632537841796875,-0.8277662992477417,-0.35997793078422546,-0.09056859463453293,-10.29962158203125,-4.86179780960083,-0.23844286799430847,0.8751401901245117,0.6456077694892883,-4.384505271911621,-0.34836435317993164,6.927324295043945,-11.199345588684082,-4.3380889892578125
61006.203934394,-0.6716880202293396,-2.3206722736358643,-0.8642805814743042,-0.4006344974040985,-0.09000828862190247,-11.199345588684082,-4.3380889892578125,-0.26156049966812134,1.0523239374160767,0.6337517499923706,-4.7557373046875,-0.08129186928272247,2.9727277755737305,-11.906806945800781,-3.6631886959075928
61006.245343099,-0.6716880202293396,-2.4927265644073486,-0.9001579880714417,-0.43765679001808167,-0.09137245267629623,-11.906806945800781,-3.6631886959075928,-0.26537755131721497,1.0220017433166504,0.6147798895835876,-4.8104166984558105,-0.18439115583896637,4.144993782043457,-11.892049789428711,-2.9559569358825684
61006.271915126,-0.6716880202293396,-2.675818920135498,-0.9336673021316528,-0.4605664908885956,-0.08127235621213913,-11.892049789428711,-2.9559569358825684,-0.27112990617752075,0.9693161845207214,0.5881515741348267,-5.11846923828125,-1.2451395988464355,17.277793884277344,-10.762385368347168,-1.921944499015808
61006.298527797,-0.6716880202293396,-2.753096342086792,-0.9480687975883484,0.07250206172466278,0.0026713621336966753,-10.762385368347168,-1.921944499015808,-0.2450234293937683,0.9803580045700073,0.544888973236084,-5.055190086364746,-0.09218697249889374,3.8530404567718506,-9.210646629333496,-1.4075713157653809
61006.324679291,-0.6716880202293396,-2.7328271865844727,-0.9391640424728394,0.044408585876226425,0.03455644100904465,-9.210646629333496,-1.4075713157653809,-0.16068239510059357,0.5783379077911377,0.3326849937438965,-5.106229782104492,-2.9019577503204346,10.838055610656738,-7.383319854736328,-0.18457284569740295
61006.354808747,-0.6716880202293396,-2.6986639499664307,-0.9138701558113098,0.10003673285245895,0.07164571434259415,-7.383319854736328,-0.18457284569740295,-0.003916573710739613,-0.3104169964790344,-0.1289052516222,-5.029261112213135,-7.804763317108154,21.288028717041016,-6.143394947052002,1.289200782775879
61006.379865063,-0.6716880202293396,-2.633790969848633,-0.8752315640449524,0.1829996556043625,0.10481827706098557,-6.143394947052002,1.289200782775879,0.04830443859100342,-0.4849557876586914,-0.2539171874523163,-4.663154602050781,-2.3445119857788086,12.040140151977539,-5.289223670959473,2.352052688598633
61006.405310264,-0.6716880202293396,-2.53542160987854,-0.8236087560653687,0.26700809597969055,0.13715212047100067,-5.289223670959473,2.352052688598633,0.07343801110982895,-0.6067286133766174,-0.34767141938209534,-4.752883434295654,-3.5839662551879883,12.56245231628418,-4.327199459075928,3.3347597122192383
61006.428442436,-0.6716880202293396,-2.402780294418335,-0.7587772011756897,0.3534146547317505,0.17049995064735413,-4.327199459075928,3.3347597122192383,0.0969529002904892,-0.6807645559310913,-0.4296972453594208,-4.845831394195557,-4.236868858337402,14.349682807922363,-3.3161702156066895,4.174954891204834
61006.449508063,-0.6716880202293396,-2.2344541549682617,-0.6801465749740601,0.4436330497264862,0.20544587075710297,-3.3161702156066895,4.174954891204834,0.18102173507213593,-0.9929666519165039,-0.6688185930252075,-5.298108100891113,-6.849278450012207,16.90203857421875,-2.3881940841674805,4.746101379394531
61006.471337156,-0.6716880202293396,-2.028926372528076,-0.5868905782699585,0.5373755693435669,0.24246671795845032,-2.3881940841674805,4.746101379394531,0.249598890542984,-1.2187557220458984,-0.8830922245979309,-5.801050662994385,-9.016444206237793,18.415525436401367,-2.089233875274658,4.81852912902832
61006.496551249,-0.6716880202293396,-1.785192847251892,-0.47731390595436096,0.6336144804954529,0.28541404008865356,-2.089233875274658,4.81852912902832,0.3295503258705139,-1.679964542388916,-1.3375301361083984,-7.0940446853637695,-12.704665184020996,20.09148406982422,-1.855563998222351,4.746270179748535
61006.517163567,-0.6716880202293396,-1.5021129846572876,-0.3465605080127716,0.7344545722007751,0.3443368673324585,-1.855563998222351,4.746270179748535,0.3743748366832733,-1.9392715692520142,-1.625272274017334,-8.007627487182617,-14.108778953552246,18.967927932739258,-1.2758092880249023,4.870095729827881
61006.532930773,-0.6716880202293396,-1.1889220476150513,-0.19716937839984894,0.8027541041374207,0.39528870582580566,-1.2758092880249023,4.870095729827881,0.33212989568710327,-2.7014315128326416,-2.3092570304870605,-10.259634971618652,-0.47650542855262756,3.71036434173584,-0.3095968961715698,5.235564231872559
61006.552705349,-0.6716880202293396,-0.8518376350402832,-0.0233201514929533,0.8486976027488708,0.4451645314693451,-0.3095968961715698,5.235564231872559,0.3210859000682831,-2.669025421142578,-2.275928258895874,-10.043625831604004,-0.4294201731681824,3.6435816287994385,-0.5967164635658264,4.960519313812256
61006.573774899,-0.6716880202293396,-0.5071362853050232,0.16378742456436157,0.8607037663459778,0.47273722290992737,-0.5967164635658264,4.960519313812256,0.19530966877937317,-2.4454233646392822,-2.2772912979125977,-8.740493774414062,0.09225945919752121,2.616962194442749,-1.126465916633606,4.432724952697754
61006.600176578,-0.6716880202293396,-0.17523576319217682,0.3509048819541931,0.8174357414245605,0.463001012802124,-1.126465916633606,4.432724952697754,0.13346192240715027,-2.288858652114868,-2.2638423442840576,-7.883458137512207,0.38778048753738403,2.337719202041626,-1.5087840557098389,3.626147747039795
61006.621833971,-0.6716880202293396,0.1293938010931015,0.5221748352050781,0.7447836995124817,0.4134499728679657,-1.5087840557098389,3.626147747039795,0.01052932906895876,-1.999970555305481,-2.202075481414795,-6.361446857452393,1.3444809913635254,2.081890344619751,-1.5742011070251465,2.6509504318237305
61006.636865524,-0.6716880202293396,0.2707851529121399,0.6524707674980164,-0.0036352742463350296,0.28547075390815735,-1.5742011070251465,2.6509504318237305,-0.053360018879175186,-1.8702948093414307,-2.159877300262451,-5.595849990844727,1.8782339096069336,2.1595871448516846,-0.9556827545166016,1.5559619665145874
61006.659489694,-0.6716880202293396,0.26747632026672363,0.7554892897605896,-0.00861891359090805,0.2564328610897064,-0.9556827545166016,1.5559619665145874,-0.14800705015659332,-1.5606242418289185,-2.0714595317840576,-4.265010833740234,2.579491376876831,2.6833505630493164,-0.0467495322227478,0.8316827416419983
61006.681611184,-0.6716880202293396,0.2526063024997711,0.8515429496765137,-0.050459470599889755,0.2361106127500534,-0.0467495322227478,0.8316827416419983,-0.18229712545871735,-1.3563896417617798,-2.0326597690582275,-3.629455804824829,0.6205556988716125,3.388749599456787,0.9618343114852905,0.16340354084968567
61006.708608383,-0.6716880202293396,0.2241622358560562,0.940409779548645,-0.07902395725250244,0.21660983562469482,0.9618343114852905,0.16340354084968567,-0.18750105798244476,-1.2108592987060547,-2.0216269493103027,-3.1435983180999756,0.5133661031723022,3.4215919971466064,1.7167707681655884,-0.5250338315963745
61006.732026024,-0.6716880202293396,0.19401884078979492,1.0214247703552246,-0.07486836612224579,0.19828496873378754,1.7167707681655884,-0.5250338315963745,-0.22829633951187134,-0.9599677324295044,-2.008324384689331,-2.5964596271514893,0.479255348443985,3.3429415225982666,1.9528383016586304,-1.2419002056121826
61006.74740648,-0.6716880202293396,0.17308196425437927,1.0956889390945435,-0.04536230489611626,0.18132998049259186,1.9528383016586304,-1.2419002056121826,-0.26256948709487915,-0.8466741442680359,-1.9989993572235107,-2.349095344543457,0.42739352583885193,3.3182146549224854,1.8365153074264526,-1.8471081256866455
61006.769235063,-0.6716880202293396,0.1657429188489914,1.1628769636154175,-0.009555504657328129,0.1634065955877304,1.8365153074264526,-1.8471081256866455,-0.2769072651863098,-0.6284576654434204,-1.9895644187927246,-2.0332586765289307,0.3600676655769348,3.3268160820007324,1.602127194404602,-2.2331302165985107
61006.790321509,-0.6716880202293396,0.1709614098072052,1.2223609685897827,0.02059943787753582,0.1436661332845688,1.602127194404602,-2.2331302165985107,-0.2894201874732971,-0.46593177318573,-1.9641203880310059,-1.8594781160354614,0.31012865900993347,3.360302448272705,1.3522530794143677,-2.433936595916748
61006.814337133,-0.6716880202293396,0.1854395717382431,1.2732717990875244,0.041467685252428055,0.12166934460401535,1.3522530794143677,-2.433936595916748,-0.26824164390563965,-0.21804210543632507,-1.9681668281555176,-1.7039798498153687,0.2297205626964569,3.3405113220214844,1.1908146142959595,-2.419883966445923
61006.836821597,-0.6716880202293396,0.20530842244625092,1.31476891040802,0.05246676132082939,0.0976615771651268,1.1908146142959595,-2.419883966445923,-0.2744869887828827,0.03429289534687996,-1.9603486061096191,-1.713975429534912,0.19041571021080017,3.3221628665924072,1.0621020793914795,-2.266763925552368
61006.852128753,-0.6716880202293396,0.22755925357341766,1.3462779521942139,0.05665472149848938,0.07242297381162643,1.0621020793914795,-2.266763925552368,-0.24828936159610748,0.16843198239803314,-1.940100073814392,-1.7823376655578613,0.13652382791042328,3.3218722343444824,1.0012718439102173,-2.070537567138672
61006.873362153,-0.6716880202293396,0.2496945559978485,1.3675103187561035,0.0548555925488472,0.04662778601050377,1.0012718439102173,-2.070537567138672,-0.24906936287879944,0.3422281742095947,-1.9459797143936157,-1.9221949577331543,0.10658595710992813,3.30178165435791,0.9674925208091736,-1.886559247970581
61006.895480112,-0.6716880202293396,0.2701002061367035,1.378430962562561,0.049659229815006256,0.02088632620871067,0.9674925208091736,-1.886559247970581,-0.19808301329612732,0.5243135094642639,-1.9161545038223267,-2.1595542430877686,0.04703323543071747,3.2883706092834473,1.0449007749557495,-1.5203096866607666
61006.920193643,-0.6716880202293396,0.2666406035423279,1.3786829710006714,-0.00759808300063014,-0.005363631062209606,1.0449007749557495,-1.5203096866607666,-0.11666998267173767,0.9368475675582886,-1.9279346466064453,-2.901287317276001,-0.04124756157398224,3.271484851837158,1.2731763124465942,-0.7703990340232849
61006.940989408,-0.6716880202293396,0.2645188271999359,1.3695626258850098,-0.00475454144179821,-0.02866026759147644,1.2731763124465942,-0.7703990340232849,-0.12054281681776047,0.9507132172584534,-1.9368541240692139,-2.9827311038970947,-0.04448360204696655,3.2975175380706787,1.2651190757751465,-0.42724159359931946
61006.955811462,-0.6716880202293396,0.2634095549583435,1.3509602546691895,-0.002397663425654173,-0.05249306559562683,1.2651190757751465,-0.42724159359931946,-0.05564570426940918,1.161832571029663,-1.9177117347717285,-3.5483860969543457,-0.05526120588183403,3.267235279083252,0.8915860056877136,-0.025270845741033554
61006.976442051,-0.6716880202293396,0.2627721428871155,1.3227494955062866,-0.0013661751290783286,-0.07654136419296265,0.8915860056877136,-0.025270845741033554,0.002915912540629506,1.3652288913726807,-1.9032752513885498,-4.180030345916748,-0.054184794425964355,3.2076587677001953,0.36929288506507874,0.3009835183620453
61006.997807552,-0.6716880202293396,0.2599717676639557,1.2848470211029053,-0.008592876605689526,-0.10081495344638824,0.36929288506507874,0.3009835183620453,0.05206506699323654,1.5114209651947021,-1.8901370763778687,-4.76626443862915,-0.04582009091973305,3.1666886806488037,-0.006802620366215706,0.4741768538951874
61007.022328414,-0.6716880202293396,0.24933646619319916,1.2371010780334473,-0.0319034680724144,-0.12553149461746216,-0.006802620366215706,0.4741768538951874,0.1997157782316208,1.8290280103683472,-1.893351435661316,-6.182558536529541,0.026457689702510834,3.08388352394104,-0.8302754759788513,0.4897814691066742
61007.042971543,-0.6716880202293396,0.22700358927249908,1.1793309450149536,-0.06312159448862076,-0.1507566273212433,-0.8302754759788513,0.4897814691066742,0.25621986389160156,1.9729053974151611,-1.9054054021835327,-6.8355488777160645,0.08122585713863373,3.055676221847534,-0.8261633515357971,0.4643650949001312
61007.058320405,-0.6716880202293396,0.18512068688869476,1.1108357906341553,-0.11730638891458511,-0.17823010683059692,-0.8261633515357971,0.4643650949001312,0.3565485179424286,2.1446239948272705,-1.9030792713165283,-7.774191856384277,0.1788019984960556,2.9402363300323486,-0.5411018133163452,0.6483470797538757
61007.078376872,-0.6716880202293396,0.12503090500831604,1.0306013822555542,-0.1605214774608612,-0.20831091701984406,-0.5411018133163452,0.6483470797538757,0.540332019329071,2.4552361965179443,-1.9099414348602295,-9.596048355102539,0.4790152907371521,2.7902419567108154,0.2850854694843292,1.3454972505569458
61007.100160183,-0.6716880202293396,0.056791193783283234,0.9560200572013855,-0.17581366002559662,-0.19972467422485352,0.2850854694843292,1.3454972505569458,-0.33607250452041626,-1.805924892425537,0.8951445817947388,-0.8677583932876587,33.677467346191406,49.66654968261719,1.8706130981445312,3.944786548614502
61007.125067378,-0.6716880202293396,-0.01069052517414093,0.8689073920249939,-0.1666232794523239,-0.22288182377815247,1.8706130981445312,3.944786548614502,-0.18687622249126434,-1.0543608665466309,0.5300949215888977,-2.726468801498413,13.679341316223145,21.79817008972168,2.2572953701019287,5.055671215057373
61007.146058132,-0.6716880202293396,-0.055289361625909805,0.7941064834594727,-0.0931067168712616,-0.17827056348323822,2.2572953701019287,5.055671215057373,-0.20029295980930328,-0.9223196506500244,0.6078366041183472,-2.864771604537964,-0.03561033308506012,3.097734212875366,1.4934266805648804,4.441295623779297
61007.16559077,-0.6716880202293396,-0.07036779820919037,0.7361423373222351,-0.019767051562666893,-0.13645793497562408,1.4934266805648804,4.441295623779297,-0.15218469500541687,-0.5628076791763306,0.6114906668663025,-2.084789752960205,-0.012757820077240467,3.0728394985198975,0.3400561809539795,2.8714237213134766
61007.181899543,-0.6716880202293396,-0.05838583782315254,0.6898546814918518,0.04652651026844978,-0.10828834027051926,0.3400561809539795,2.8714237213134766,-0.17572171986103058,-0.6411827206611633,0.6113402843475342,-2.3271324634552,-0.06681109219789505,3.0830819606781006,0.15570765733718872,2.1617233753204346
61007.201954066,-0.6716880202293396,-0.035861168056726456,0.6448155641555786,0.06013865023851395,-0.1125296950340271,0.15570765733718872,2.1617233753204346,-0.12571172416210175,-0.3420723080635071,0.6138202548027039,-1.916939616203308,-0.009755601175129414,3.126929998397827,-0.4543142318725586,1.535356044769287
61007.224147274,-0.6716880202293396,-0.01011856459081173,0.5962851047515869,0.06568017601966858,-0.12293621152639389,-0.4543142318725586,1.535356044769287,-0.1461479216814041,-0.16303731501102448,0.6379281282424927,-1.800174355506897,0.0633445754647255,3.149022340774536,-0.5996561050415039,1.4912372827529907
61007.253651475,-0.6716880202293396,0.009472910314798355,0.5420011878013611,0.04356526583433151,-0.13880234956741333,-0.5996561050415039,1.4912372827529907,-0.12542781233787537,0.056213442236185074,0.6253494024276733,-1.7383134365081787,0.10018638521432877,3.1301767826080322,-0.6729373335838318,1.6037508249282837
61007.282595735,-0.6716880202293396,0.018976114690303802,0.48409217596054077,0.017537668347358704,-0.14604303240776062,-0.6729373335838318,1.6037508249282837,-0.11140094697475433,0.3687373101711273,0.6600939035415649,-1.8345019817352295,0.11785424500703812,3.108757734298706,-0.7665601968765259,1.6091636419296265
61007.310752986,-0.6716880202293396,0.017934013158082962,0.4253521263599396,-0.008716270327568054,-0.14490176737308502,-0.7665601968765259,1.6091636419296265,-0.09455424547195435,0.1815965175628662,0.629374086856842,-1.916365385055542,-0.5802392363548279,6.013236999511719,-0.5258192420005798,1.8013660907745361
61007.339279286,-0.6716880202293396,0.0068682595156133175,0.3703210651874542,-0.033533841371536255,-0.13508547842502594,-0.5258192420005798,1.8013660907745361,-0.1287064254283905,-0.41298413276672363,0.572351336479187,-2.1817448139190674,-3.7835237979888916,19.468778610229492,-0.24576884508132935,2.3470001220703125
61007.367527145,-0.6716880202293396,-0.010045184753835201,0.31934016942977905,-0.04514032229781151,-0.1251637041568756,-0.24576884508132935,2.3470001220703125,-0.08781934529542923,-0.08250933885574341,0.549052357673645,-1.519627332687378,0.08985795080661774,3.0910868644714355,-0.9897031188011169,1.7830345630645752
61007.396562723,-0.6716880202293396,-0.02701491303741932,0.27604854106903076,-0.04137520119547844,-0.10332246869802475,-0.9897031188011169,1.7830345630645752,-0.09759174287319183,-0.09150630235671997,0.512638509273529,-1.5364494323730469,0.06957738846540451,3.110368013381958,-1.3835443258285522,1.330617904663086
61007.417390145,-0.6716880202293396,-0.05105934292078018,0.2352931946516037,-0.06561695039272308,-0.1006331667304039,-1.3835443258285522,1.330617904663086,-0.1071653887629509,0.08198615163564682,0.5526854991912842,-1.5260897874832153,0.09740511327981949,3.323197364807129,-1.3458625078201294,1.0135997533798218
61007.441592909,-0.6716880202293396,-0.08710666000843048,0.19529874622821808,-0.0972130224108696,-0.0991251990199089,-1.3458625078201294,1.0135997533798218,-0.1266947090625763,0.027205200865864754,0.6555599570274353,-1.5873600244522095,2.833562135696411,11.748791694641113,-0.9625450372695923,0.9369528889656067
61007.462371799,-0.6716880202293396,-0.13254918158054352,0.15520501136779785,-0.11851125210523605,-0.1001911535859108,-0.9625450372695923,0.9369528889656067,-0.11395207047462463,0.06367045640945435,0.6754347085952759,-1.6335455179214478,0.21895937621593475,4.115165710449219,-0.973449170589447,0.5409402251243591
61007.477286557,-0.6716880202293396,-0.18002720177173615,0.11634796112775803,-0.11837563663721085,-0.09541165083646774,-0.973449170589447,0.5409402251243591,-0.11433332413434982,0.14007247984409332,0.7010697722434998,-1.6987392902374268,0.563701331615448,7.443181991577148,-1.1574515104293823,0.07781276106834412
61007.505582387,-0.6716880202293396,-0.2269238829612732,0.07783900201320648,-0.11634790152311325,-0.09526107460260391,-1.1574515104293823,0.07781276106834412,-0.1262817680835724,0.17565573751926422,0.6781414151191711,-1.7508920431137085,-0.7225563526153564,6.7098188400268555,-1.3181233406066895,-0.33398768305778503
61007.531547094,-0.6716880202293396,-0.2737751305103302,0.03864755854010582,-0.11673084646463394,-0.09815393388271332,-1.3181233406066895,-0.33398768305778503,-0.11083199083805084,0.16196231544017792,0.6446842551231384,-1.7832601070404053,-0.36169198155403137,8.910350799560547,-1.414168357849121,-0.5906506776809692
61007.557020408,-0.6716880202293396,-0.320957750082016,-0.002566027222201228,-0.11770385503768921,-0.1038990169763565,-1.414168357849121,-0.5906506776809692,-0.13602560758590698,0.16641981899738312,0.6544301509857178,-1.767897367477417,-0.25173044204711914,8.918329238891602,-1.5117398500442505,-0.7245903015136719
61007.584229485,-0.6716880202293396,-0.3676891326904297,-0.04579755663871765,-0.11604558676481247,-0.1093124970793724,-1.5117398500442505,-0.7245903015136719,-0.11599131673574448,0.17647920548915863,0.6912103891372681,-1.7942602634429932,0.5050491690635681,10.760252952575684,-1.6476463079452515,-0.7958582043647766
61007.60998665,-0.6716880202293396,-0.41307395696640015,-0.09019003063440323,-0.11196225136518478,-0.11113195866346359,-1.6476463079452515,-0.7958582043647766,-0.1379050761461258,0.21673911809921265,0.6661339402198792,-1.8890595436096191,0.4119691252708435,12.197869300842285,-1.9306365251541138,-0.9987635612487793
61007.636692552,-0.6716880202293396,-0.45636236667633057,-0.13470396399497986,-0.10628872364759445,-0.11100933700799942,-1.9306365251541138,-0.9987635612487793,-0.12638133764266968,0.23886029422283173,0.6899539232254028,-1.9101760387420654,-0.15044668316841125,9.356025695800781,-2.208820343017578,-1.2066073417663574
61007.659656821,-0.6716880202293396,-0.49866539239883423,-0.17972075939178467,-0.10498356074094772,-0.11331892013549805,-2.208820343017578,-1.2066073417663574,-0.12780612707138062,0.23285578191280365,0.6820014119148254,-1.9525948762893677,0.18857772648334503,11.134218215942383,-2.3841910362243652,-1.3372986316680908
61007.681330317,-0.6716880202293396,-0.5416820049285889,-0.2259279489517212,-0.10753651708364487,-0.11592115461826324,-2.3841910362243652,-1.3372986316680908,-0.1390242576599121,0.2867048978805542,0.6977262496948242,-1.9972132444381714,0.8139213919639587,9.536808013916016,-2.6539056301116943,-1.521613359451294
61007.702477866,-0.6716880202293396,-0.5852411389350891,-0.2729504704475403,-0.10845010727643967,-0.11745361238718033,-2.6539056301116943,-1.521613359451294,-0.12148231267929077,0.34874603152275085,0.7238466143608093,-2.0386905670166016,0.3197994828224182,5.112709999084473,-2.98085355758667,-1.7880051136016846
61007.72734483,-0.6716880202293396,-0.6303712129592896,-0.3213571310043335,-0.11340659111738205,-0.12120701372623444,-2.98085355758667,-1.7880051136016846,-0.1440563201904297,0.387539267539978,0.7402393221855164,-2.0913660526275635,0.32785162329673767,4.5266523361206055,-3.1466798782348633,-1.9655275344848633
61007.751813805,-0.6716880202293396,-0.6874342560768127,-0.34266340732574463,-0.14856676757335663,-0.040623508393764496,-3.1466798782348633,-1.9655275344848633,-0.1531195193529129,0.4302258789539337,0.7809851169586182,-2.2374932765960693,0.47327131032943726,5.868601322174072,-3.6222047805786133,-3.450611114501953
61007.784410388,-0.6716880202293396,-0.7507150769233704,-0.3602663278579712,-0.16148123145103455,-0.047117043286561966,-3.6222047805786133,-3.450611114501953,-0.13882437348365784,0.4872169494628906,0.7397933006286621,-2.478379964828491,-2.2250633239746094,9.788291931152344,-3.3093161582946777,-3.9878592491149902
61007.835704749,-0.6716880202293396,-0.8251622319221497,-0.38675162196159363,-0.19339071214199066,-0.07010357081890106,-3.3093161582946777,-3.9878592491149902,-0.1518409252166748,0.4519047141075134,0.699020266532898,-2.6709532737731934,-4.0553460121154785,15.702974319458008,-3.1283912658691406,-4.197327613830566
61007.878650227,-0.6716880202293396,-0.9059019684791565,-0.4176965355873108,-0.2044002115726471,-0.07936590164899826,-3.1283912658691406,-4.197327613830566,-0.1432800143957138,0.5393325686454773,0.7288265228271484,-2.503013849258423,2.178436279296875,11.124098777770996,-3.4790778160095215,-4.596358299255371
61007.910484032,-0.6716880202293396,-0.9859973192214966,-0.44901978969573975,-0.1985594779253006,-0.07838871330022812,-3.4790778160095215,-4.596358299255371,-0.17565315961837769,0.531650722026825,0.7543185949325562,-2.6225833892822266,3.1674649715423584,17.193273544311523,-3.8888397216796875,-4.8982648849487305
61007.9413207,-0.6716880202293396,-1.064921259880066,-0.4793943464756012,-0.1963195949792862,-0.07606714218854904,-3.8888397216796875,-4.8982648849487305,-0.18529321253299713,0.5520684123039246,0.7545065879821777,-2.824045181274414,-0.3579244017601013,14.331844329833984,-4.214567184448242,-5.333737850189209
61007.963849367,-0.6716880202293396,-1.144071102142334,-0.5090956687927246,-0.19771933555603027,-0.074714295566082,-4.214567184448242,-5.333737850189209,-0.18232232332229614,0.5711687207221985,0.7320144176483154,-2.9932737350463867,-1.0047155618667603,14.45562744140625,-4.642844200134277,-5.710032939910889
61007.982285242,-0.6716880202293396,-1.223568320274353,-0.5382930040359497,-0.19843690097332,-0.07345639169216156,-4.642844200134277,-5.710032939910889,-0.1915508359670639,0.581099271774292,0.7237976789474487,-3.0804030895233154,-0.9172402620315552,14.582818031311035,-5.050523281097412,-5.96241569519043
61007.999507328,-0.6716880202293396,-1.3044270277023315,-0.5672725439071655,-0.202645406126976,-0.07315649837255478,-5.050523281097412,-5.96241569519043,-0.1726345270872116,0.6019688248634338,0.7085607051849365,-3.1685996055603027,-0.8430120944976807,14.52911376953125,-5.44356632232666,-6.157092094421387
61008.020610014,-0.6716880202293396,-1.3875771760940552,-0.5963655710220337,-0.20882506668567657,-0.07355620712041855,-5.44356632232666,-6.157092094421387,-0.18856732547283173,0.6083755493164062,0.6981465816497803,-3.276763916015625,-0.5617217421531677,14.100407600402832,-5.882881164550781,-6.3086395263671875
61008.044808686,-0.6716880202293396,-1.4734749794006348,-0.6256874799728394,-0.21588797867298126,-0.07413943856954575,-5.882881164550781,-6.3086395263671875,-0.197646364569664,0.6724124550819397,0.6790616512298584,-3.478616237640381,-0.33285558223724365,13.625004768371582,-6.431098937988281,-6.361998558044434
61008.064858128,-0.6716880202293396,-1.5628877878189087,-0.6553345322608948,-0.22517262399196625,-0.07502978295087814,-6.431098937988281,-6.361998558044434,-0.18599022924900055,0.676239013671875,0.6794427037239075,-3.596341133117676,-0.37495753169059753,13.483745574951172,-6.960262298583984,-6.2885236740112305
61008.080143631,-0.6716880202293396,-1.6578763723373413,-0.6857624053955078,-0.240626722574234,-0.07749198377132416,-6.960262298583984,-6.2885236740112305,-0.20054887235164642,0.6950740218162537,0.6650682091712952,-3.7942402362823486,-1.0216104984283447,13.926126480102539,-7.62202787399292,-6.0968708992004395
61008.100052525,-0.6716880202293396,-1.7599523067474365,-0.7171638011932373,-0.25879570841789246,-0.0797528550028801,-7.62202787399292,-6.0968708992004395,-0.20246580243110657,0.7384361028671265,0.6378430724143982,-3.9165024757385254,-0.7515108585357666,13.257658004760742,-8.395232200622559,-5.803546905517578
61008.121191331,-0.6716880202293396,-1.8709425926208496,-0.7494210600852966,-0.28149816393852234,-0.08096799999475479,-8.395232200622559,-5.803546905517578,-0.23740194737911224,0.7838730812072754,0.6360698938369751,-3.977869749069214,-0.38927942514419556,10.768736839294434,-9.218817710876465,-5.456232070922852
61008.146368019,-0.6716880202293396,-1.9949672222137451,-0.7842581272125244,-0.31673485040664673,-0.0873100608587265,-9.218817710876465,-5.456232070922852,-0.22874902188777924,0.9145360589027405,0.6445667147636414,-4.151165008544922,-0.022954946383833885,3.1174964904785156,-10.14363956451416,-4.905365943908691
61008.16679074,-0.6716880202293396,-2.1338651180267334,-0.8202909231185913,-0.3545898199081421,-0.09068390727043152,-10.14363956451416,-4.905365943908691,-0.24589291214942932,0.883243978023529,0.6496384739875793,-4.33787727355957,-0.11731292307376862,6.201047897338867,-11.036545753479004,-4.417850494384766
61008.181532044,-0.6716880202293396,-2.2892587184906006,-0.8570858240127563,-0.3957342505455017,-0.09084001183509827,-11.036545753479004,-4.417850494384766,-0.2423018366098404,1.0227338075637817,0.6590619683265686,-4.642028331756592,-0.05750112980604172,2.916801691055298,-11.82542896270752,-3.764084577560425
61008.201717423,-0.6716880202293396,-2.4597833156585693,-0.8931964039802551,-0.43242141604423523,-0.08871998637914658,-11.82542896270752,-3.764084577560425,-0.24273425340652466,1.0305660963058472,0.6446869373321533,-4.764453887939453,-0.0791073590517044,2.987480878829956,-11.953330993652344,-3.0521395206451416
61008.222598591,-0.6716880202293396,-2.6421585083007812,-0.9276258945465088,-0.4596937298774719,-0.08377271890640259,-11.953330993652344,-3.0521395206451416,-0.2628099024295807,1.0500377416610718,0.636222779750824,-4.968313694000244,-0.09084197878837585,3.0002410411834717,-10.971589088439941,-2.0600075721740723
61008.247643748,-0.6716880202293396,-2.7283174991607666,-0.9442543387413025,0.03164920210838318,-0.004847817122936249,-10.971589088439941,-2.0600075721740723,-0.25727495551109314,0.992114782333374,0.5723639130592346,-5.087943077087402,-0.10035418719053268,3.9468343257904053,-9.471474647521973,-1.664933204650879
61008.267309802,-0.6716880202293396,-2.718965768814087,-0.9378146529197693,0.02084912173449993,0.028475791215896606,-9.471474647521973,-1.664933204650879,-0.09668964892625809,0.19039177894592285,0.16524824500083923,-5.039238452911377,-4.9624152183532715,17.009326934814453,-7.347003936767578,-0.1340148150920868
61008.284309734,-0.6716880202293396,-2.6976234912872314,-0.9154065251350403,0.06560538709163666,0.06393446028232574,-7.347003936767578,-0.1340148150920868,-0.00435694819316268,-0.285449355840683,-0.08273344486951828,-4.911330699920654,-6.407534599304199,20.366588592529297,-6.1804914474487305,1.1639736890792847
61008.303089347,-0.6716880202293396,-2.6462697982788086,-0.8796848058700562,0.1493205577135086,0.09756449609994888,-6.1804914474487305,1.1639736890792847,0.022735154256224632,-0.4318044185638428,-0.190108984708786,-4.658910751342773,-2.97768497467041,12.000449180603027,-5.399254322052002,2.1492464542388916
61008.323122218,-0.6716880202293396,-2.561389207839966,-0.8310563564300537,0.23315735161304474,0.12941874563694,-5.399254322052002,2.1492464542388916,0.0837264209985733,-0.6352185010910034,-0.3763633072376251,-4.7843427658081055,-4.379266738891602,14.75390625,-4.488872051239014,3.1733310222625732
61008.344638121,-0.6716880202293396,-2.4426026344299316,-0.7695677280426025,0.3184617757797241,0.16193018853664398,-4.488872051239014,3.1733310222625732,0.07879394292831421,-0.6201427578926086,-0.34885936975479126,-4.772700786590576,-4.003071308135986,14.099745750427246,-3.591310501098633,3.944028377532959
61008.371098407,-0.6716880202293396,-2.2887072563171387,-0.6946304440498352,0.40716052055358887,0.19597221910953522,-3.591310501098633,3.944028377532959,0.2008165419101715,-1.0458436012268066,-0.6771990060806274,-5.360506534576416,-7.346631050109863,17.663705825805664,-2.5223443508148193,4.672272682189941
61008.392051869,-0.6716880202293396,-2.0980865955352783,-0.6053589582443237,0.4999969005584717,0.23246517777442932,-2.5223443508148193,4.672272682189941,0.20216378569602966,-1.1153935194015503,-0.7510330080986023,-5.489837646484375,-7.87608003616333,18.063495635986328,-2.1270105838775635,4.8035502433776855
61008.422096388,-0.6716880202293396,-1.869580626487732,-0.5006842613220215,0.5951431393623352,0.27183207869529724,-2.1270105838775635,4.8035502433776855,0.33610817790031433,-1.611667513847351,-1.2796518802642822,-6.891910552978516,-12.649868965148926,18.861854553222656,-1.9910212755203247,4.701026916503906
61008.451116157,-0.6716880202293396,-1.6030199527740479,-0.37754586338996887,0.6895660758018494,0.32015737891197205,-1.9910212755203247,4.701026916503906,0.3813053071498871,-1.93368399143219,-1.744834542274475,-8.39787483215332,-16.839595794677734,18.348941802978516,-1.431412696838379,4.812860012054443
61008.480031297,-0.6716880202293396,-1.3020044565200806,-0.23292900621891022,0.7757604718208313,0.38053786754608154,-1.431412696838379,4.812860012054443,0.42453843355178833,-2.1434922218322754,-2.126768112182617,-9.347574234008789,-13.101212501525879,13.332716941833496,-0.6050817966461182,4.997345924377441
61008.511377779,-0.6716880202293396,-0.9750841856002808,-0.06964541971683502,0.8161217570304871,0.40641507506370544,-0.6050817966461182,4.997345924377441,0.4161216914653778,-2.357769250869751,-2.633289098739624,-11.18254280090332,-16.698312759399414,9.29090404510498,-0.14029759168624878,5.034712314605713
61008.552491231,-0.6716880202293396,-0.6417895555496216,0.11224262416362762,0.8347887992858887,0.46337923407554626,-0.14029759168624878,5.034712314605713,0.43332335352897644,-2.495116710662842,-3.4376718997955322,-15.506199836730957,-45.62964630126953,19.17584228515625,-0.02252870984375477,4.668274402618408
61008.589221231,-0.6716880202293396,-0.30906781554222107,0.3007669448852539,0.8275691270828247,0.47093436121940613,-0.02252870984375477,4.668274402618408,0.28574690222740173,-2.3648135662078857,-3.4017088413238525,-12.290650367736816,0.8167269229888916,2.5821855068206787,-0.5284303426742554,4.19234037399292
61008.611861034,-0.6716880202293396,0.012455490417778492,0.4813271760940552,0.793467104434967,0.44164595007896423,-0.5284303426742554,4.19234037399292,0.1573384702205658,-2.194450855255127,-3.3667616844177246,-11.388236999511719,1.2766121625900269,2.3724122047424316,-0.8304353952407837,3.6222167015075684
61008.633466952,-0.6716880202293396,0.30806782841682434,0.6341602802276611,0.7213712334632874,0.35937774181365967,-0.8304353952407837,3.6222167015075684,0.035730838775634766,-1.9739110469818115,-3.30252742767334,-10.076022148132324,2.0185093879699707,2.4093828201293945,-0.7437376379966736,2.868248462677002
61008.657541605,-0.6716880202293396,0.2899821996688843,0.7421916127204895,-0.04194670543074608,0.2632583677768707,-0.7437376379966736,2.868248462677002,-0.07968401908874512,-1.735003113746643,-3.2247183322906494,-8.873414993286133,2.345860004425049,2.7951533794403076,1.0785439014434814,1.1466784477233887
61008.677682264,-0.6716880202293396,0.2741940915584564,0.8468694686889648,-0.04465213045477867,0.26251575350761414,1.0785439014434814,1.1466784477233887,-0.2119922935962677,-1.4714182615280151,-3.133737564086914,-7.618248462677002,1.16331946849823,3.66624116897583,2.205031394958496,-0.013053324073553085
61008.692103072,-0.6716880202293396,0.2612815201282501,0.9452546834945679,-0.03147964924573898,0.24138157069683075,2.205031394958496,-0.013053324073553085,-0.22281236946582794,-1.430885672569275,-3.1481916904449463,-7.44298791885376,0.9852151870727539,3.739954948425293,2.427481174468994,-0.8867558240890503
61008.712280557,-0.6716880202293396,0.25977134704589844,1.035498023033142,0.004031592980027199,0.22024670243263245,2.427481174468994,-0.8867558240890503,-0.3078852593898773,-1.155342936515808,-3.0952649116516113,-6.598513603210449,0.8216434121131897,3.7211668491363525,2.317918062210083,-1.7235031127929688
61008.732948317,-0.6716880202293396,0.2639262080192566,1.1186350584030151,-0.0015470798825845122,0.20321820676326752,2.317918062210083,-1.7235031127929688,-0.369235634803772,-0.9797286987304688,-3.088555335998535,-6.2812933921813965,0.7590376734733582,3.683962821960449,2.0875661373138428,-2.478085994720459
61008.75723687,-0.6716880202293396,0.2635020911693573,1.1945141553878784,-0.0008914833888411522,0.18509908020496368,2.0875661373138428,-2.478085994720459,-0.38604214787483215,-0.761893093585968,-3.0755016803741455,-5.820361137390137,0.7124227285385132,3.6643550395965576,1.7815874814987183,-3.0525670051574707
61008.783906371,-0.6716880202293396,0.26318150758743286,1.2626150846481323,-0.0006767353625036776,0.16512541472911835,1.7815874814987183,-3.0525670051574707,-0.4230024218559265,-0.4533928334712982,-3.0558507442474365,-5.497353553771973,0.5487414002418518,3.6875481605529785,1.490889310836792,-3.3906350135803223
61008.807020979,-0.6716880202293396,0.2628779411315918,1.3221184015274048,-0.0006467220955528319,0.1431601196527481,1.490889310836792,-3.3906350135803223,-0.41153061389923096,-0.4357287287712097,-3.0609230995178223,-5.478281021118164,0.5373260974884033,3.6733334064483643,1.2162047624588013,-3.6383180618286133
61008.821768707,-0.6716880202293396,0.26258644461631775,1.3723833560943604,-0.0006191029096953571,0.11973655223846436,1.2162047624588013,-3.6383180618286133,-0.4319198727607727,-0.23450247943401337,-3.057760238647461,-5.384640693664551,0.4465528428554535,3.6705634593963623,0.9959114193916321,-3.804250717163086
61008.842657341,-0.6716880202293396,0.2623169720172882,1.4129983186721802,-0.0005581820150837302,0.09542230516672134,0.9959114193916321,-3.804250717163086,-0.4141455590724945,-0.08767185360193253,-3.0498199462890625,-5.361217975616455,0.36423221230506897,3.6379921436309814,0.904457151889801,-3.8474626541137695
61008.86505533,-0.6716880202293396,0.2612070143222809,1.4437267780303955,-0.0034164790995419025,0.07060617208480835,0.904457151889801,-3.8474626541137695,-0.39169561862945557,0.1640198677778244,-3.0263686180114746,-5.466461181640625,0.2550077438354492,3.627368450164795,0.9644955992698669,-3.6325595378875732
61008.890753969,-0.6716880202293396,0.25819894671440125,1.4644869565963745,-0.008752366527915001,0.04567710682749748,0.9644955992698669,-3.6325595378875732,-0.33156847953796387,0.39304450154304504,-3.0262842178344727,-5.706558704376221,0.17912232875823975,3.5696442127227783,1.167413592338562,-3.2174198627471924
61008.911317265,-0.6716880202293396,0.2540555000305176,1.4753535985946655,-0.010897974483668804,0.021013718098402023,1.167413592338562,-3.2174198627471924,-0.3086952567100525,0.5682191252708435,-3.0389444828033447,-6.000296115875244,0.11369878053665161,3.5608432292938232,1.337619423866272,-2.806039571762085
61008.926094247,-0.6716880202293396,0.25129884481430054,1.4764875173568726,-0.0057472712360322475,-0.0032125269062817097,1.337619423866272,-2.806039571762085,-0.2270631492137909,0.7682783007621765,-3.01462984085083,-6.435013294219971,0.0211324505507946,3.4942193031311035,1.5474321842193604,-2.1347477436065674
61008.946672897,-0.6716880202293396,0.2520434260368347,1.4680324792861938,0.0041734324768185616,-0.027105245739221573,1.5474321842193604,-2.1347477436065674,-0.16887758672237396,0.9381399750709534,-3.0204074382781982,-6.810666561126709,-0.01947733573615551,3.433567523956299,1.6538294553756714,-1.4948623180389404
61008.970649415,-0.6716880202293396,0.2584831416606903,1.4501124620437622,0.019757023081183434,-0.05070483312010765,1.6538294553756714,-1.4948623180389404,-0.0744401291012764,1.2119953632354736,-3.012178421020508,-7.649430274963379,-0.02655305340886116,3.332094192504883,1.2875800132751465,-0.805762767791748
61008.998897265,-0.6716880202293396,0.26378318667411804,1.4225112199783325,-0.0019928121473640203,-0.07550355046987534,1.2875800132751465,-0.805762767791748,0.005999871529638767,1.3263787031173706,-3.0219509601593018,-8.097786903381348,-0.021105384454131126,3.2701773643493652,1.1839693784713745,-0.4031093418598175
61009.04789439,-0.6716880202293396,0.2630573511123657,1.3852003812789917,-0.0016032438725233078,-0.09911732375621796,1.1839693784713745,-0.4031093418598175,0.1647357940673828,1.5689529180526733,-3.0004377365112305,-9.189568519592285,0.02608858421444893,3.1547250747680664,0.44663533568382263,-0.1764686405658722
61009.109761336,-0.6716880202293396,0.2625669240951538,1.3384917974472046,-0.0010694602970033884,-0.12268956750631332,0.44663533568382263,-0.1764686405658722,0.2170150876045227,1.6536976099014282,-3.0204710960388184,-9.554060935974121,0.04724964499473572,3.10271954536438,0.30002734065055847,-0.08670547604560852
61009.150761991,-0.6716880202293396,0.25539031624794006,1.2820384502410889,-0.02291143871843815,-0.14728185534477234,0.30002734065055847,-0.08670547604560852,0.34590327739715576,1.8441795110702515,-3.018503427505493,-10.455034255981445,0.13668422400951385,2.986485719680786,-0.09554614126682281,-0.00555887445807457
61009.183838488,-0.8692629337310791,0.23948809504508972,1.215686321258545,-0.044961314648389816,-0.17210236191749573,-0.09554614126682281,-0.00555887445807457,0.5161586403846741,2.0435214042663574,-3.0372426509857178,-11.584732055664062,0.29781121015548706,2.8168222904205322,-0.6967431902885437,-0.08971288800239563
61009.245955156,-0.8692629337310791,0.21165138483047485,1.1390836238861084,-0.07711536437273026,-0.1980544775724411,-0.6967431902885437,-0.08971288800239563,0.7686780095100403,2.2612032890319824,-3.057591676712036,-13.142044067382812,0.5973528027534485,2.5325019359588623,-0.48234421014785767,0.13761433959007263
61009.286426959,-0.8692629337310791,0.16800346970558167,1.064881682395935,-0.11600545793771744,-0.15905249118804932,-0.48234421014785767,0.13761433959007263,0.7389906048774719,2.0921876430511475,-2.8539037704467773,-12.155973434448242,13.831705093383789,17.590497970581055,1.4416495561599731,0.942176342010498
61009.331120733,-0.8692629337310791,0.11208866536617279,0.9857476949691772,-0.14809982478618622,-0.20481827855110168,1.4416495561599731,0.942176342010498,-0.07981415838003159,-1.1861560344696045,-0.07191088050603867,0.5224608778953552,116.39036560058594,138.26718139648438,2.5085361003875732,3.6081299781799316
61009.366288627,-0.8692629337310791,0.06577136367559433,0.9009316563606262,-0.10625852644443512,-0.21420393884181976,2.5085361003875732,3.6081299781799316,-0.16398659348487854,-1.46928870677948,0.17425720393657684,-3.608781576156616,1.8759785890579224,7.4603166580200195,1.934768795967102,4.225183486938477
61009.397426945,-0.8692629337310791,0.043495502322912216,0.82680344581604,-0.03899330273270607,-0.17894817888736725,1.934768795967102,4.225183486938477,-0.12121299654245377,-1.1458929777145386,0.19113564491271973,-2.626593828201294,-0.11757040023803711,3.088395833969116,1.081731915473938,3.3907217979431152
61009.428402747,-0.8692629337310791,0.046680647879838943,0.7644039988517761,0.023430192843079567,-0.14972347021102905,1.081731915473938,3.3907217979431152,-0.1362811028957367,-1.171261191368103,0.17369118332862854,-2.7185425758361816,-0.1024046391248703,3.115400552749634,0.7993449568748474,2.8531856536865234
61009.453009927,-0.8692629337310791,0.0633796826004982,0.7050296664237976,0.0484079010784626,-0.14698319137096405,0.7993449568748474,2.8531856536865234,-0.11107079684734344,-0.9651660919189453,0.18616387248039246,-2.184795618057251,-0.018119290471076965,3.0888938903808594,0.204639732837677,2.2283387184143066
61009.476943318,-0.8692629337310791,0.0870286226272583,0.6459660530090332,0.06277710199356079,-0.14687775075435638,0.204639732837677,2.2283387184143066,-0.08854441344738007,-0.7587189674377441,0.2056037336587906,-1.7207541465759277,0.04864954948425293,3.10495662689209,-0.3557007312774658,1.7355600595474243
61009.521885102,-0.8692629337310791,0.10891683399677277,0.5841267108917236,0.05231189355254173,-0.1561172902584076,-0.3557007312774658,1.7355600595474243,-0.0869344174861908,-0.4630720913410187,0.21361641585826874,-1.3189009428024292,0.07566962391138077,3.1177756786346436,-0.8634999394416809,1.3483729362487793
61009.558745615,-0.8692629337310791,0.11999928951263428,0.5176792740821838,0.01994934491813183,-0.16815778613090515,-0.8634999394416809,1.3483729362487793,-0.09617282450199127,-0.3334271311759949,0.20554852485656738,-1.2113581895828247,0.10720884054899216,3.128751039505005,-0.8315728902816772,1.3748888969421387
61009.601811811,-0.8692629337310791,0.11399153620004654,0.44683176279067993,-0.025189269334077835,-0.17870818078517914,-0.8315728902816772,1.3748888969421387,-0.07991848886013031,-0.161299467086792,0.21724465489387512,-1.0652567148208618,0.13084843754768372,3.138277530670166,-0.738495945930481,1.4443715810775757
61009.663958419,-0.8692629337310791,0.09373718500137329,0.37517645955085754,-0.05911296233534813,-0.17900513112545013,-0.738495945930481,1.4443715810775757,-0.06302742660045624,0.1433151513338089,0.2366907149553299,-1.047918677330017,0.09112682938575745,3.0980894565582275,-0.9913638234138489,1.0320208072662354
61009.705700743,-0.8692629337310791,0.06147684529423714,0.30473944544792175,-0.0875491127371788,-0.17501342296600342,-0.9913638234138489,1.0320208072662354,-0.06001238897442818,0.2540607452392578,0.22895124554634094,-1.1171866655349731,0.09089962393045425,3.086960792541504,-1.0149890184402466,0.635076642036438
61009.738485615,-0.8692629337310791,0.016205057501792908,0.23367835581302643,-0.12086629867553711,-0.17777256667613983,-1.0149890184402466,0.635076642036438,-0.05613596737384796,0.47001004219055176,0.25105947256088257,-1.2697782516479492,0.11761585623025894,3.0796382427215576,-1.0636526346206665,0.19526836276054382
61009.768319806,-0.8692629337310791,-0.03999903053045273,0.16084963083267212,-0.1462114155292511,-0.1826193779706955,-1.0636526346206665,0.19526836276054382,-0.05557902157306671,0.6478511691093445,0.28282877802848816,-1.4780555963516235,0.1443159133195877,3.082937717437744,-1.1582032442092896,-0.1603173315525055
61009.797014179,-0.8692629337310791,-0.10403144359588623,0.0869961827993393,-0.16341949999332428,-0.1816987246274948,-1.1582032442092896,-0.1603173315525055,-0.151142418384552,-0.02887619286775589,0.8880096077919006,-0.4502664804458618,45.28174591064453,70.12769317626953,-0.1462942361831665,1.2267402410507202
61009.830631914,-0.8692629337310791,-0.17334739863872528,0.011369452811777592,-0.17564502358436584,-0.18976211547851562,-0.1462942361831665,1.2267402410507202,-0.1710500717163086,-0.041163429617881775,0.9547616243362427,-0.7763070464134216,35.85404586791992,55.97565841674805,-0.6607117056846619,1.0806502103805542
61009.855071957,-0.8692629337310791,-0.23005568981170654,-0.053429391235113144,-0.13024769723415375,-0.15428082644939423,-0.6607117056846619,1.0806502103805542,-0.15706804394721985,0.1983366310596466,0.9986303448677063,-1.9874720573425293,-0.06313221156597137,3.136890411376953,-2.2265021800994873,-0.4495285749435425
61009.880563233,-0.8692629337310791,-0.27422264218330383,-0.10823642462491989,-0.10302992165088654,-0.13065092265605927,-2.2265021800994873,-0.4495285749435425,-0.16127623617649078,0.28418371081352234,1.005322813987732,-2.0226690769195557,-0.038691796362400055,3.1518173217773438,-2.6996512413024902,-1.2030184268951416
61009.902016981,-0.8692629337310791,-0.32607302069664,-0.16367794573307037,-0.13661260902881622,-0.1386278122663498,-2.6996512413024902,-1.2030184268951416,-0.16603133082389832,0.3507922887802124,1.031800389289856,-2.1466586589813232,0.8529348969459534,6.090866565704346,-2.42094349861145,-1.1699033975601196
61009.932475639,-0.8692629337310791,-0.3928745687007904,-0.22350098192691803,-0.17577414214611053,-0.15210743248462677,-2.42094349861145,-1.1699033975601196,-0.14895208179950714,0.30653509497642517,1.0516223907470703,-2.1513264179229736,1.0417885780334473,6.804876804351807,-2.328336477279663,-1.119579792022705
61009.984223684,-0.8692629337310791,-0.47433799505233765,-0.2571161985397339,-0.20894305408000946,-0.07264767587184906,-2.328336477279663,-1.119579792022705,-0.18427185714244843,0.6089954972267151,1.0659087896347046,-2.462495803833008,-0.07090412080287933,3.1642210483551025,-3.1310441493988037,-2.992480754852295
61010.031998262,-0.8692629337310791,-0.5599371790885925,-0.2855910360813141,-0.21364377439022064,-0.06912259757518768,-3.1310441493988037,-2.992480754852295,-0.16087867319583893,0.47666752338409424,0.8583657741546631,-2.4846885204315186,-3.3895368576049805,8.181089401245117,-2.9825172424316406,-3.8486404418945312
61010.094533908,-0.8692629337310791,-0.6558077335357666,-0.32145026326179504,-0.24744673073291779,-0.0930195078253746,-2.9825172424316406,-3.8486404418945312,-0.1564643532037735,0.4597865343093872,0.8090397715568542,-2.4319913387298584,-3.0812551975250244,7.777851104736328,-2.877218246459961,-4.024479389190674
61010.138677703,-0.8692629337310791,-0.7606301307678223,-0.3618306815624237,-0.26595935225486755,-0.10243871062994003,-2.877218246459961,-4.024479389190674,-0.17400670051574707,0.5631958842277527,0.8428100943565369,-2.3731906414031982,0.1660790890455246,2.981854200363159,-3.303243637084961,-4.368743896484375
61010.175577278,-0.8692629337310791,-0.8679807782173157,-0.4036865234375,-0.26759544014930725,-0.10393984615802765,-3.303243637084961,-4.368743896484375,-0.18022456765174866,0.7012340426445007,0.9129865765571594,-2.7696638107299805,0.007214162033051252,3.0859673023223877,-3.7960944175720215,-4.731653213500977
61010.209321502,-0.8692629337310791,-0.9759876132011414,-0.44518139958381653,-0.2692272961139679,-0.10336122661828995,-3.7960944175720215,-4.731653213500977,-0.19010235369205475,0.738524317741394,0.9157170653343201,-2.7764816284179688,0.009112866595387459,3.058155059814453,-4.157340049743652,-5.257604598999023
61010.240554908,-0.8692629337310791,-1.0862269401550293,-0.48713889718055725,-0.2754405438899994,-0.10380218178033829,-4.157340049743652,-5.257604598999023,-0.22303971648216248,0.8408071398735046,0.9459407925605774,-3.187302350997925,0.0068344916217029095,3.064530611038208,-4.744218826293945,-5.699454307556152
61010.269660633,-0.8692629337310791,-1.1971393823623657,-0.5285786986351013,-0.2769160270690918,-0.10397101938724518,-4.744218826293945,-5.699454307556152,-0.23843146860599518,0.7990092039108276,0.9691803455352783,-3.235928535461426,-0.010721780359745026,3.6691901683807373,-5.165966987609863,-6.0102081298828125
61010.29157043,-0.8692629337310791,-1.3098535537719727,-0.5691655278205872,-0.2813640534877777,-0.10072439163923264,-5.165966987609863,-6.0102081298828125,-0.23325639963150024,0.8520562052726746,0.9810206890106201,-3.578115940093994,0.36254453659057617,11.712396621704102,-5.811527252197266,-6.2967119216918945
61010.317108478,-0.8692629337310791,-1.4244742393493652,-0.6096318364143372,-0.2855820655822754,-0.09909025579690933,-5.811527252197266,-6.2967119216918945,-0.24621792137622833,0.9709874391555786,0.9901782870292664,-3.731909990310669,-0.029209118336439133,3.025590658187866,-6.589906692504883,-6.45714807510376
61010.343758313,-0.8692629337310791,-1.542253851890564,-0.6493730545043945,-0.29470330476760864,-0.09779249131679535,-6.589906692504883,-6.45714807510376,-0.2726961672306061,0.9801821112632751,0.9670085906982422,-4.007015705108643,-0.07832293957471848,3.044271230697632,-7.4231767654418945,-6.350799560546875
61010.371300092,-0.8692629337310791,-1.6663111448287964,-0.6893749833106995,-0.3141109347343445,-0.1015557274222374,-7.4231767654418945,-6.350799560546875,-0.27008068561553955,0.970830500125885,0.9130430221557617,-4.2792649269104,-1.3675466775894165,13.816733360290527,-8.142558097839355,-6.1319169998168945
61010.395344561,-0.8692629337310791,-1.8007025718688965,-0.7299594283103943,-0.34053438901901245,-0.101560078561306,-8.142558097839355,-6.1319169998168945,-0.2808931767940521,1.0067204236984253,0.9133626222610474,-4.405631065368652,-1.2510297298431396,12.903192520141602,-9.237759590148926,-5.793842315673828
61010.411822974,-0.8692629337310791,-1.9470573663711548,-0.7720536589622498,-0.37080392241477966,-0.10413374751806259,-9.237759590148926,-5.793842315673828,-0.30459755659103394,1.1192622184753418,0.9194202423095703,-4.555321216583252,-0.06899497658014297,2.9184980392456055,-10.487215042114258,-5.1718292236328125
61010.43415112,-0.8692629337310791,-2.1092302799224854,-0.815394401550293,-0.4146369993686676,-0.1102198138833046,-10.487215042114258,-5.1718292236328125,-0.3182690441608429,1.130945086479187,0.9022481441497803,-4.863127708435059,-0.8446935415267944,6.946074962615967,-11.56955337524414,-4.591833114624023
61010.456012308,-0.8692629337310791,-2.2919559478759766,-0.8590416312217712,-0.4666662812232971,-0.10879862308502197,-11.56955337524414,-4.591833114624023,-0.31829145550727844,1.16074538230896,0.8807295560836792,-5.170856475830078,-1.8830838203430176,12.56907844543457,-12.342886924743652,-3.8871631622314453
61010.481848813,-0.8692629337310791,-2.4953012466430664,-0.9025514721870422,-0.5167073011398315,-0.10582198202610016,-12.342886924743652,-3.8871631622314453,-0.31942468881607056,1.2625850439071655,0.8247230648994446,-5.344814300537109,-0.16590556502342224,3.003401041030884,-12.190681457519531,-2.9571480751037598
61010.496877367,-0.8692629337310791,-2.7121357917785645,-0.9427666664123535,-0.5457322001457214,-0.09696676582098007,-12.190681457519531,-2.9571480751037598,-0.32148054242134094,1.2019634246826172,0.760619580745697,-5.362311363220215,-0.1553749293088913,3.053651809692383,-10.476786613464355,-1.5731003284454346
61010.518277782,-0.8692629337310791,-2.7109591960906982,-0.9423791766166687,0.0037072289269417524,0.013382372446358204,-10.476786613464355,-1.5731003284454346,-0.2811410129070282,1.145981788635254,0.6936830282211304,-5.404297828674316,-0.49928244948387146,3.8130176067352295,-8.475497245788574,-0.8794239163398743
61010.540484224,-0.8692629337310791,-2.7082135677337646,-0.925848662853241,0.007325093727558851,0.0478985421359539,-8.475497245788574,-0.8794239163398743,-0.033541858196258545,-0.14236268401145935,-0.031245101243257523,-4.855157852172852,-7.2526469230651855,20.30914306640625,-6.484262466430664,0.8426195383071899
61010.565483098,-0.8692629337310791,-2.6808433532714844,-0.8977004289627075,0.0887705609202385,0.07800141721963882,-6.484262466430664,0.8426195383071899,0.0036837514489889145,-0.24315844476222992,-0.08654795587062836,-4.5161967277526855,-1.63465416431427,11.141005516052246,-5.731231212615967,1.7868022918701172
61010.586269786,-0.8692629337310791,-2.620846748352051,-0.8571353554725647,0.17046667635440826,0.10929697751998901,-5.731231212615967,1.7868022918701172,0.04192863032221794,-0.408520370721817,-0.21907997131347656,-4.611907958984375,-2.8993330001831055,13.072755813598633,-5.035082817077637,2.674253463745117
61010.601102387,-0.8692629337310791,-2.5277562141418457,-0.8037883043289185,0.2536609172821045,0.14145636558532715,-5.035082817077637,2.674253463745117,0.07574507594108582,-0.5430740714073181,-0.32555896043777466,-4.734402179718018,-3.893541097640991,14.581677436828613,-4.068090438842773,3.629438877105713
61010.622110882,-0.8692629337310791,-2.4005770683288574,-0.7373225092887878,0.3396608829498291,0.17448806762695312,-4.068090438842773,3.629438877105713,0.14747126400470734,-0.8567963242530823,-0.5357714295387268,-5.0409417152404785,-6.070699214935303,16.8669490814209,-2.6660428047180176,4.663116931915283
61010.642748074,-0.8692629337310791,-2.2378575801849365,-0.6572067737579346,0.42953619360923767,0.20907118916511536,-2.6660428047180176,4.663116931915283,0.16090044379234314,-0.9217408299446106,-0.6212470531463623,-5.199106216430664,-6.765862941741943,17.376466751098633,-1.779960036277771,5.074261665344238
61010.66457455,-0.8692629337310791,-2.0379433631896973,-0.5624930262565613,0.5234478712081909,0.24621379375457764,-1.779960036277771,5.074261665344238,0.26730215549468994,-1.3839423656463623,-1.0271501541137695,-6.194241523742676,-10.603581428527832,18.716947555541992,-1.3871073722839355,5.099620342254639
61010.690080526,-0.8692629337310791,-1.7997990846633911,-0.4517459273338318,0.6195161938667297,0.28786659240722656,-1.3871073722839355,5.099620342254639,0.3526341915130615,-1.7016985416412354,-1.4206348657608032,-7.337155342102051,-14.117180824279785,18.658870697021484,-0.9775088429450989,5.054849624633789
61010.712265472,-0.8692629337310791,-1.524411678314209,-0.32216712832450867,0.7097663283348083,0.33562397956848145,-0.9775088429450989,5.054849624633789,0.4061743915081024,-1.9352171421051025,-1.7767163515090942,-8.49362564086914,-17.382719039916992,18.382600784301758,-0.4067893624305725,5.083974838256836
61010.732848041,-0.8692629337310791,-1.2157963514328003,-0.1710880696773529,0.7841691970825195,0.3823152482509613,-0.4067893624305725,5.083974838256836,0.450575590133667,-2.2468652725219727,-2.399986743927002,-10.953158378601074,-27.072927474975586,19.109769821166992,0.18508869409561157,5.220548629760742
61010.750706773,-0.8692629337310791,-0.8823741674423218,0.0039354413747787476,0.849075973033905,0.4512847065925598,0.18508869409561157,5.220548629760742,0.43952277302742004,-2.2978296279907227,-2.967547655105591,-12.024245262145996,-19.00211524963379,11.108073234558105,0.17106103897094727,5.066562175750732
61010.776346789,-0.8692629337310791,-0.5306151509284973,0.19597433507442474,0.8834377527236938,0.48693129420280457,0.17106103897094727,5.066562175750732,0.36191990971565247,-2.2322380542755127,-2.946202516555786,-10.640551567077637,0.09536827355623245,2.8876991271972656,-0.54083251953125,4.678570747375488
61010.801242014,-0.8692629337310791,-0.1820385903120041,0.3908785283565521,0.8646136522293091,0.4837891757488251,-0.54083251953125,4.678570747375488,0.1782251000404358,-1.9263254404067993,-2.9101061820983887,-9.077713012695312,0.948286235332489,2.2386422157287598,-0.9803245663642883,4.003795623779297
61010.823380898,-0.8692629337310791,0.14274582266807556,0.5696737170219421,0.7936132550239563,0.4305276572704315,-0.9803245663642883,4.003795623779297,0.13239875435829163,-1.859475016593933,-2.897071123123169,-8.64986515045166,1.280359148979187,2.1554887294769287,-0.9848143458366394,3.28117036819458
61010.859174964,-0.8692629337310791,0.28814640641212463,0.7038422226905823,-0.031078169122338295,0.29222822189331055,-0.9848143458366394,3.28117036819458,0.020668532699346542,-1.589921474456787,-2.794217348098755,-7.31425142288208,2.7910754680633545,2.222425699234009,1.0117384195327759,1.876448392868042
61010.891487007,-0.8692629337310791,0.2773739695549011,0.8116471171379089,-0.024781804531812668,0.27028483152389526,1.0117384195327759,1.876448392868042,-0.07292653620243073,-1.3052740097045898,-2.6746647357940674,-6.137895584106445,1.6601768732070923,3.213834285736084,2.310788631439209,0.7321768403053284
61010.924944982,-0.8692629337310791,0.2708752453327179,0.9131637811660767,-0.014490688219666481,0.2497526854276657,2.310788631439209,0.7321768403053284,-0.11115856468677521,-1.0601205825805664,-2.6631696224212646,-5.521102428436279,0.6892620325088501,3.5648915767669678,2.7710726261138916,-0.13295283913612366
61010.960766452,-0.8692629337310791,0.2674013376235962,1.0078221559524536,-0.007577170617878437,0.23138494789600372,2.7710726261138916,-0.13295283913612366,-0.1619887351989746,-0.905663788318634,-2.6440489292144775,-5.108967304229736,0.5970761775970459,3.522394895553589,2.9418420791625977,-0.7409933805465698
61010.995299596,-0.8692629337310791,0.2655792832374573,1.0943453311920166,-0.003907852806150913,0.2122231274843216,2.9418420791625977,-0.7409933805465698,-0.17853456735610962,-0.8516780734062195,-2.644901752471924,-5.006217002868652,0.565508246421814,3.5011534690856934,2.9586052894592285,-1.1315046548843384
61011.030600626,-0.8692629337310791,0.2646554410457611,1.1741772890090942,-0.0019454315770417452,0.1952020227909088,2.9586052894592285,-1.1315046548843384,-0.19377551972866058,-0.5793126821517944,-2.6347060203552246,-4.62996768951416,0.4752790927886963,3.463313341140747,2.8701977729797363,-1.3456947803497314
61011.056913053,-0.8692629337310791,0.2641809582710266,1.2465813159942627,-0.0009899982251226902,0.17610014975070953,2.8701977729797363,-1.3456947803497314,-0.1827242523431778,-0.4546703100204468,-2.6290338039398193,-4.504999160766602,0.4542483389377594,3.464846611022949,2.7264022827148438,-1.4851821660995483
61011.113797391,-0.8692629337310791,0.26390087604522705,1.3107223510742188,-0.0005855380441062152,0.1549462527036667,2.7264022827148438,-1.4851821660995483,-0.2251751869916916,-0.3098903298377991,-2.6043193340301514,-4.382876396179199,0.40351366996765137,3.47666597366333,2.4810233116149902,-1.6713024377822876
61011.151658136,-0.8692629337310791,0.2636936604976654,1.3658920526504517,-0.00043788153561763465,0.1321355253458023,2.4810233116149902,-1.6713024377822876,-0.2016526311635971,-0.1261666715145111,-2.5908823013305664,-4.342791557312012,0.3490979075431824,3.476590394973755,2.3202898502349854,-1.6428205966949463
61011.197437512,-0.8692629337310791,0.26347580552101135,1.4115854501724243,-0.0004656642850022763,0.10819786041975021,2.3202898502349854,-1.6428205966949463,-0.17100778222084045,0.20227903127670288,-2.5803065299987793,-4.490150451660156,0.23570290207862854,3.4353764057159424,2.226632595062256,-1.2690129280090332
61011.255733596,-0.8692629337310791,0.2632845640182495,1.4475059509277344,-0.00041030059219338,0.08363675326108932,2.226632595062256,-1.2690129280090332,-0.15249210596084595,0.29148948192596436,-2.5887696743011475,-4.556033134460449,0.2129325568675995,3.398195266723633,2.110807418823242,-1.1219581365585327
61011.31145191,-0.8692629337310791,0.2631361186504364,1.4735239744186401,-0.00031870941165834665,0.05884276703000069,2.110807418823242,-1.1219581365585327,-0.11502930521965027,0.5004880428314209,-2.5911059379577637,-4.838913440704346,0.14735248684883118,3.383690118789673,1.9385714530944824,-0.8137787580490112
61011.3520642,-0.8692629337310791,0.2630021274089813,1.4896303415298462,-0.00028780638240277767,0.03408733755350113,1.9385714530944824,-0.8137787580490112,-0.02974436990916729,0.8129910230636597,-2.5629000663757324,-5.402594566345215,0.08214393258094788,3.331286907196045,1.302030324935913,-0.4313894808292389
61011.410114943,-0.8692629337310791,0.2628517746925354,1.495893955230713,-0.0003232259477954358,0.009540359489619732,1.302030324935913,-0.4313894808292389,-0.03353698179125786,0.8299131989479065,-2.5842745304107666,-5.456991195678711,0.07546009868383408,3.3058338165283203,1.336344838142395,-0.36814358830451965
61011.440457616,-0.8692629337310791,0.26249417662620544,1.492417335510254,-0.000760942988563329,-0.01473468542098999,1.336344838142395,-0.36814358830451965,0.07957178354263306,1.0717790126800537,-2.563074827194214,-6.1128411293029785,0.047567855566740036,3.2708277702331543,0.5554426312446594,-0.19046595692634583
61011.470165283,-0.8692629337310791,0.26233598589897156,1.479326605796814,-0.0003110634279437363,-0.03870570659637451,0.5554426312446594,-0.19046595692634583,0.15995292365550995,1.3352177143096924,-2.5547516345977783,-6.9621124267578125,0.061890240758657455,3.15898060798645,-0.06422421336174011,-0.09258690476417542
61011.501182559,-0.8692629337310791,0.25655055046081543,1.4565447568893433,-0.018591655418276787,-0.06299718469381332,-0.06422421336174011,-0.09258690476417542,0.21525463461875916,1.417891263961792,-2.565728187561035,-7.316617012023926,0.0736747458577156,3.143132209777832,-0.15623179078102112,-0.06840017437934875
61011.527888317,-0.8692629337310791,0.2381666600704193,1.423950433731079,-0.05419161543250084,-0.08763386309146881,-0.15623179078102112,-0.06840017437934875,0.2890416979789734,1.56723952293396,-2.5865752696990967,-8.011784553527832,0.12161678075790405,3.053114652633667,-0.46986478567123413,-0.024365808814764023
61011.557084776,-0.8692629337310791,0.20681534707546234,1.3813865184783936,-0.0859452486038208,-0.11275427788496017,-0.46986478567123413,-0.024365808814764023,0.4472944438457489,1.7854046821594238,-2.57987117767334,-8.9931001663208,0.24544699490070343,2.9431650638580322,-1.0838768482208252,-0.03649201616644859
61011.58708105,-0.8692629337310791,0.16092979907989502,1.3281675577163696,-0.12356521189212799,-0.1399972140789032,-1.0838768482208252,-0.03649201616644859,0.5941321849822998,1.9798609018325806,-2.5861001014709473,-10.08176326751709,0.4251523017883301,2.772547721862793,-1.2343177795410156,-0.0743584930896759
61011.624475325,-0.8692629337310791,0.09561868011951447,1.2628761529922485,-0.1752888411283493,-0.1712828427553177,-1.2343177795410156,-0.0743584930896759,0.6831735372543335,2.1112589836120605,-2.591667890548706,-10.866660118103027,0.5847992300987244,2.6430699825286865,-0.9752122759819031,0.015236470848321915
61011.654062949,-0.8692629337310791,0.014183692634105682,1.1955983638763428,-0.20779536664485931,-0.14788775146007538,-0.9752122759819031,0.015236470848321915,0.46334370970726013,1.0232678651809692,-1.5525119304656982,-5.629353046417236,74.90948486328125,90.56635284423828,1.1334155797958374,-0.4713538587093353
61011.679877227,-0.8692629337310791,-0.0758051797747612,1.121680498123169,-0.23117677867412567,-0.19064585864543915,1.1334155797958374,-0.4713538587093353,-0.15183696150779724,-0.8608061075210571,0.2291705459356308,1.2221885919570923,133.85520935058594,155.8935546875,2.6439764499664307,2.8400192260742188
61011.701023174,-0.8692629337310791,-0.15004165470600128,1.0439343452453613,-0.17169804871082306,-0.19484488666057587,2.6439764499664307,2.8400192260742188,-0.2985074818134308,-1.0383052825927734,0.8420424461364746,-3.0705337524414062,21.726730346679688,15.078168869018555,2.309337615966797,3.366910696029663
61011.718193465,-0.8692629337310791,-0.20250530540943146,0.9716034531593323,-0.11712085455656052,-0.1777723729610443,2.309337615966797,3.366910696029663,-0.3522736728191376,-0.9641690254211426,1.1070775985717773,-3.8505029678344727,4.297102451324463,6.636604309082031,2.041945219039917,3.084050416946411
61011.737055444,-0.8692629337310791,-0.23055554926395416,0.9063853621482849,-0.05393092706799507,-0.15895478427410126,2.041945219039917,3.084050416946411,-0.31929686665534973,-0.8419724702835083,1.0976452827453613,-3.7399795055389404,-0.09644879400730133,3.1274874210357666,1.2832010984420776,2.350275993347168
61011.758589537,-0.8692629337310791,-0.23228885233402252,0.845568835735321,0.01246366836130619,-0.14945636689662933,1.2832010984420776,2.350275993347168,-0.28876084089279175,-0.5694948434829712,1.117631435394287,-3.208904504776001,-0.07819872349500656,3.155810594558716,0.22189998626708984,1.5363192558288574
61011.785377692,-0.8692629337310791,-0.20792293548583984,0.7848485708236694,0.07710441946983337,-0.15156064927577972,0.22189998626708984,1.5363192558288574,-0.29465755820274353,-0.45087945461273193,1.0862460136413574,-3.0351858139038086,-0.07854415476322174,3.175316095352173,-0.44504499435424805,1.3490374088287354
61011.806888018,-0.8692629337310791,-0.172599196434021,0.7175089716911316,0.09071164578199387,-0.17475657165050507,-0.44504499435424805,1.3490374088287354,-0.2585313618183136,-0.36720776557922363,1.03324556350708,-3.0915307998657227,-4.334194183349609,10.337639808654785,-0.5973921418190002,1.4798777103424072
61011.822574786,-0.8692629337310791,-0.1395455300807953,0.6450467109680176,0.08018659800291061,-0.1848333328962326,-0.5973921418190002,1.4798777103424072,-0.20951133966445923,-0.6331305503845215,0.7825783491134644,-3.684823751449585,-16.666431427001953,32.96131896972656,-0.46779102087020874,1.5921967029571533
61011.847876384,-0.8692629337310791,-0.11097986996173859,0.5693824887275696,0.0686979740858078,-0.19111905992031097,-0.46779102087020874,1.5921967029571533,-0.19495870172977448,-0.6081030964851379,0.7415411472320557,-2.5212442874908447,-1.4966034889221191,12.557811737060547,-0.5851963758468628,1.8005456924438477
61011.872311107,-0.8692629337310791,-0.0853089988231659,0.4919430613517761,0.06244225054979324,-0.19420738518238068,-0.5851963758468628,1.8005456924438477,-0.18809698522090912,-0.5049556493759155,0.7571847438812256,-2.175888776779175,0.11796903610229492,3.1227803230285645,-0.7751109004020691,1.835841417312622
61011.899502141,-0.8692629337310791,-0.06440413743257523,0.41563647985458374,0.04900259152054787,-0.1884607970714569,-0.7751109004020691,1.835841417312622,-0.1567385047674179,-0.3602372705936432,0.7841599583625793,-2.005199909210205,1.2088978290557861,6.1850996017456055,-0.9482069611549377,1.737317681312561
61011.926286485,-0.8692629337310791,-0.050498850643634796,0.34306854009628296,0.030351003631949425,-0.17932812869548798,-0.9482069611549377,1.737317681312561,-0.17904512584209442,-0.3349035382270813,0.8195325136184692,-1.9320919513702393,1.1568973064422607,6.10039758682251,-1.020236611366272,1.5661087036132812
61011.958638634,-0.8692629337310791,-0.04492505267262459,0.27276450395584106,0.00897886510938406,-0.1744237095117569,-1.020236611366272,1.5661087036132812,-0.13026514649391174,-0.08451816439628601,0.8335738182067871,-1.7997406721115112,0.16191251575946808,3.058474540710449,-1.4877653121948242,1.047672986984253
61012.000090925,-0.8692629337310791,-0.04824984818696976,0.20468004047870636,-0.013837828300893307,-0.16765065491199493,-1.4877653121948242,1.047672986984253,-0.1401853859424591,-0.07683706283569336,0.8666724562644958,-1.8040835857391357,0.15653346478939056,3.0855865478515625,-1.4633761644363403,0.8278732895851135
61012.046447029,-0.8692629337310791,-0.06571482121944427,0.1369907110929489,-0.053028203547000885,-0.1689797341823578,-1.4633761644363403,0.8278732895851135,-0.14526934921741486,-0.048318877816200256,0.9357178807258606,-1.8651496171951294,1.491347312927246,6.696030616760254,-1.2465730905532837,0.8451073169708252
61012.088556449,-0.8692629337310791,-0.0964808389544487,0.0702013447880745,-0.08417481929063797,-0.16570866107940674,-1.2465730905532837,0.8451073169708252,-0.13510024547576904,0.022144822403788567,0.9709281921386719,-1.850283145904541,3.243187427520752,11.19318675994873,-1.3545950651168823,0.6262212991714478
61012.144508818,-0.8692629337310791,-0.13497836887836456,0.0060089947655797005,-0.10015513747930527,-0.15898427367210388,-1.3545950651168823,0.6262212991714478,-0.15785333514213562,0.12763002514839172,1.012588381767273,-1.9760853052139282,-0.16405931115150452,6.265714168548584,-1.762584924697876,0.09980008006095886
61012.184934914,-0.8692629337310791,-0.1796075999736786,-0.054978784173727036,-0.11459317058324814,-0.14997811615467072,-1.762584924697876,0.09980008006095886,-0.14981314539909363,0.11602537333965302,0.9936725497245789,-2.079477548599243,-0.8512663841247559,13.56285285949707,-1.821285605430603,-0.33099451661109924
61012.222368542,-0.8692629337310791,-0.23251698911190033,-0.11477030813694,-0.13704471290111542,-0.14852064847946167,-1.821285605430603,-0.33099451661109924,-0.15107673406600952,0.2720552086830139,0.9699651598930359,-2.051191806793213,-0.17419159412384033,4.683066368103027,-2.260632276535034,-0.789452075958252
61012.251880198,-0.8692629337310791,-0.2923434376716614,-0.1748315393924713,-0.15288041532039642,-0.14958001673221588,-2.260632276535034,-0.789452075958252,-0.14331799745559692,0.3386476933956146,0.9982336759567261,-2.0400614738464355,0.1670510172843933,3.2588841915130615,-2.397157669067383,-1.0005083084106445
61012.282398477,-0.8692629337310791,-0.3655364215373993,-0.22259806096553802,-0.1974419206380844,-0.09355442970991135,-2.397157669067383,-1.0005083084106445,-0.1463472545146942,0.3059948682785034,0.9500020146369934,-2.37418794631958,-4.453514575958252,11.370941162109375,-2.3247203826904297,-2.5214686393737793
61012.304534865,-0.8692629337310791,-0.45251619815826416,-0.24931956827640533,-0.22099243104457855,-0.06444557756185532,-2.3247203826904297,-2.5214686393737793,-0.13376754522323608,0.3477424383163452,0.7797468900680542,-2.363530158996582,-6.651954174041748,9.949127197265625,-2.7665958404541016,-3.8153128623962402
61012.328719849,-0.8692629337310791,-0.5446376800537109,-0.28184449672698975,-0.2329339236021042,-0.08393892645835876,-2.7665958404541016,-3.8153128623962402,-0.14426648616790771,0.42988765239715576,0.7810813188552856,-2.013439416885376,0.09041744470596313,3.090834856033325,-2.693519115447998,-3.7775144577026367
61012.349523848,-0.8692629337310791,-0.6465231776237488,-0.3201362192630768,-0.2609698176383972,-0.09762734174728394,-2.693519115447998,-3.7775144577026367,-0.13481514155864716,0.6057976484298706,0.821135401725769,-2.270620584487915,0.4403699040412903,3.7465126514434814,-2.8998820781707764,-3.924159049987793
61012.371775959,-0.8692629337310791,-0.7541162371635437,-0.36076316237449646,-0.2703460156917572,-0.10258354246616364,-2.8998820781707764,-3.924159049987793,-0.17214135825634003,0.576628565788269,0.9013818502426147,-2.41975474357605,1.276450514793396,6.003359794616699,-3.1801090240478516,-4.147843360900879
61012.387556247,-0.8692629337310791,-0.863643229007721,-0.402864009141922,-0.2741137444972992,-0.10631587356328964,-3.1801090240478516,-4.147843360900879,-0.1864103078842163,0.6654261946678162,0.9365984201431274,-2.732609272003174,2.7024123668670654,14.043859481811523,-3.5863473415374756,-4.455937385559082
61012.410556658,-0.8692629337310791,-0.9729376435279846,-0.4445958435535431,-0.27129122614860535,-0.10358462482690811,-3.5863473415374756,-4.455937385559082,-0.20019200444221497,0.8141170740127563,0.9741290211677551,-3.0593690872192383,0.4753556549549103,4.978588104248047,-4.266797065734863,-5.155506610870361
61012.433011853,-0.8692629337310791,-1.0817184448242188,-0.48600709438323975,-0.26991209387779236,-0.10169042646884918,-4.266797065734863,-5.155506610870361,-0.22083355486392975,0.8297507166862488,0.9561560153961182,-3.102661609649658,0.021379053592681885,3.025367259979248,-4.725017070770264,-5.691516876220703
61012.456327307,-0.8692629337310791,-1.1923046112060547,-0.5270525217056274,-0.27762898802757263,-0.10364376753568649,-4.725017070770264,-5.691516876220703,-0.24061310291290283,0.7930973768234253,0.960902988910675,-3.4635157585144043,-0.42568427324295044,15.024667739868164,-5.088531494140625,-5.865762233734131
61012.481038872,-0.8692629337310791,-1.3052239418029785,-0.5676009058952332,-0.2818240821361542,-0.1006980910897255,-5.088531494140625,-5.865762233734131,-0.23435665667057037,0.8867849111557007,0.953732430934906,-3.603426456451416,-0.21029457449913025,8.179941177368164,-5.8251752853393555,-6.3697285652160645
61012.501538997,-0.8692629337310791,-1.419204592704773,-0.6078693866729736,-0.28337156772613525,-0.0984749123454094,-5.8251752853393555,-6.3697285652160645,-0.23581698536872864,0.9600870609283447,0.9609052538871765,-3.7067689895629883,-0.00040419120341539383,3.0048317909240723,-6.577672958374023,-6.454266548156738
61012.517680404,-0.8692629337310791,-1.536614179611206,-0.6474974155426025,-0.2942039370536804,-0.09768375009298325,-6.577672958374023,-6.454266548156738,-0.2717093825340271,0.9417771100997925,0.9361914396286011,-3.848590135574341,-0.06566725671291351,3.0724167823791504,-7.335666656494141,-6.4181599617004395
61012.537221607,-0.8692629337310791,-1.660605549812317,-0.6875324845314026,-0.3140150308609009,-0.10163618624210358,-7.335666656494141,-6.4181599617004395,-0.25336241722106934,0.9795106053352356,0.913539707660675,-3.9708919525146484,-0.07680109888315201,3.3098249435424805,-8.16028881072998,-6.141190052032471
61012.559717402,-0.8692629337310791,-1.7941511869430542,-0.7280133366584778,-0.33780038356781006,-0.10113563388586044,-8.16028881072998,-6.141190052032471,-0.25585347414016724,0.9565531611442566,0.8890150785446167,-4.330016613006592,-1.7404580116271973,15.811582565307617,-9.20707893371582,-5.862184524536133
61012.584790456,-0.8692629337310791,-1.940199851989746,-0.7701652646064758,-0.37062084674835205,-0.1044069156050682,-9.20707893371582,-5.862184524536133,-0.30548757314682007,1.124660611152649,0.8795818090438843,-4.601463794708252,-0.06385547667741776,2.9487922191619873,-10.423604011535645,-5.1610426902771
61012.604932871,-0.8692629337310791,-2.102569580078125,-0.8138669729232788,-0.4157344400882721,-0.11179288476705551,-10.423604011535645,-5.1610426902771,-0.2834261357784271,1.1467366218566895,0.8639208078384399,-4.7004008293151855,-0.21027116477489471,3.445643186569214,-11.621981620788574,-4.566987991333008
61012.620517599,-0.8692629337310791,-2.285832166671753,-0.8580203056335449,-0.4676175117492676,-0.10936880111694336,-11.621981620788574,-4.566987991333008,-0.29472923278808594,1.081939935684204,0.7884661555290222,-5.099687099456787,-2.565298318862915,15.715085983276367,-12.39592170715332,-3.9173166751861572
61012.640981747,-0.8692629337310791,-2.489344358444214,-0.9013396501541138,-0.519121527671814,-0.10935624688863754,-12.39592170715332,-3.9173166751861572,-0.302871972322464,1.1521005630493164,0.7852636575698853,-5.099433898925781,-0.4351225793361664,4.46882963180542,-12.327235221862793,-3.0067269802093506
61012.663273395,-0.8692629337310791,-2.7074785232543945,-0.9419973492622375,-0.5508520603179932,-0.10163576900959015,-12.327235221862793,-3.0067269802093506,-0.3001512885093689,1.0958664417266846,0.7056464552879333,-5.542740821838379,-2.847914695739746,16.32126808166504,-10.609063148498535,-1.6570380926132202
61012.688242934,-0.8692629337310791,-2.7083985805511475,-0.9419404864311218,-0.0014590466162189841,-0.0025449555832892656,-10.609063148498535,-1.6570380926132202,-0.2816459536552429,0.9601433277130127,0.6309576034545898,-5.6987152099609375,-6.297410488128662,22.86288833618164,-8.573470115661621,-1.0400638580322266
61012.708812149,-0.8692629337310791,-2.7072699069976807,-0.9268499612808228,0.0029596947133541107,0.04672189801931381,-8.573470115661621,-1.0400638580322266,-0.03397557884454727,-0.17756079137325287,-0.006170013919472694,-5.519937515258789,-14.548727989196777,38.478355407714844,-6.601560592651367,0.7837859988212585
61012.724024247,-0.8692629337310791,-2.6820626258850098,-0.8977901935577393,0.08339035511016846,0.08099162578582764,-6.601560592651367,0.7837859988212585,0.015016374178230762,-0.39092934131622314,-0.14372755587100983,-4.700953483581543,-2.985835075378418,14.814312934875488,-5.688176155090332,1.9125006198883057
61012.745325037,-0.8692629337310791,-2.6239306926727295,-0.8559122085571289,0.16606555879116058,0.11247839778661728,-5.688176155090332,1.9125006198883057,0.03533545508980751,-0.4469016194343567,-0.15952430665493011,-4.621265411376953,-2.2396912574768066,11.265508651733398,-4.979355812072754,2.7412269115448
61012.766747435,-0.8692629337310791,-2.5324974060058594,-0.8017736673355103,0.24952037632465363,0.14302752912044525,-4.979355812072754,2.7412269115448,0.12851187586784363,-0.7029556632041931,-0.4156513512134552,-4.850846767425537,-4.649123191833496,15.360488891601562,-3.8724019527435303,3.8113555908203125
61012.791282324,-0.8692629337310791,-2.4070799350738525,-0.7350552082061768,0.3351377844810486,0.1748467981815338,-3.8724019527435303,3.8113555908203125,0.12710575759410858,-0.7511581182479858,-0.5027139782905579,-4.928069114685059,-5.165266036987305,15.506379127502441,-2.724489212036133,4.635012149810791
61012.812588478,-0.8692629337310791,-2.246382713317871,-0.6550814509391785,0.4242563843727112,0.2084612101316452,-2.724489212036133,4.635012149810791,0.18236802518367767,-0.9600132703781128,-0.6368417739868164,-5.241599082946777,-6.875845909118652,17.146621704101562,-1.7961241006851196,5.076164722442627
61012.827673584,-0.8692629337310791,-2.0486433506011963,-0.5606284141540527,0.5181049108505249,0.24566535651683807,-1.7961241006851196,5.076164722442627,0.2587406039237976,-1.2667781114578247,-0.8987738490104675,-5.8246378898620605,-8.917710304260254,19.229021072387695,-1.3747361898422241,5.113216400146484
61012.849033983,-0.8692629337310791,-1.812409520149231,-0.4502786695957184,0.6149469614028931,0.28653794527053833,-1.3747361898422241,5.113216400146484,0.3254307508468628,-1.5845067501068115,-1.2287957668304443,-6.7265849113464355,-11.847021102905273,19.015043258666992,-0.9789721369743347,5.073556900024414
61012.872924812,-0.8692629337310791,-1.5367648601531982,-0.3209003508090973,0.7068473100662231,0.3272038400173187,-0.9789721369743347,5.073556900024414,0.4148670732975006,-2.031437635421753,-1.7390142679214478,-8.722813606262207,-17.76831817626953,25.826833724975586,-0.3791150450706482,5.095556259155273
61012.898152286,-0.8692629337310791,-1.2258491516113281,-0.16635367274284363,0.8002098202705383,0.4020814895629883,-0.3791150450706482,5.095556259155273,0.36602652072906494,-2.462535858154297,-2.106161594390869,-10.371753692626953,-19.41410255432129,35.22238540649414,-0.0068826694041490555,5.1987409591674805
61012.915546618,-0.8692629337310791,-0.8837167024612427,0.011452499777078629,0.8711671233177185,0.457975834608078,-0.0068826694041490555,5.1987409591674805,0.24704578518867493,-2.231145143508911,-2.1009409427642822,-7.900287628173828,-0.2771582305431366,2.9470996856689453,-0.5223645567893982,4.792502403259277
61012.94710227,-0.8692629337310791,-0.5266478657722473,0.206471785902977,0.8935605883598328,0.49458810687065125,-0.5223645567893982,4.792502403259277,0.1765403151512146,-2.037100076675415,-2.088815212249756,-7.007103443145752,0.03463568165898323,2.4986531734466553,-1.001336693763733,4.213984966278076
61012.999390952,-0.8692629337310791,-0.18300046026706696,0.40346407890319824,0.8457694053649902,0.48822227120399475,-1.001336693763733,4.213984966278076,0.07751338183879852,-1.756572961807251,-2.0582356452941895,-5.650436878204346,1.0337707996368408,1.9824771881103516,-1.2485088109970093,3.2728936672210693
61013.04439292,-0.8692629337310791,0.1315242350101471,0.5819758772850037,0.7683638334274292,0.42872950434684753,-1.2485088109970093,3.2728936672210693,0.069195456802845,-1.7720040082931519,-2.020395278930664,-5.719749450683594,0.9886831045150757,2.015371561050415,-1.250784993171692,2.6318588256835938
61013.100237214,-0.8692629337310791,0.2757839262485504,0.7137028574943542,-0.011398480273783207,0.28502896428108215,-1.250784993171692,2.6318588256835938,0.0009600752964615822,-1.4559036493301392,-1.9437326192855835,-4.406803607940674,2.637437105178833,2.175400733947754,0.10784071683883667,1.5883173942565918
61013.144642269,-0.8692629337310791,0.2703472077846527,0.8159083724021912,-0.013239167630672455,0.25374311208724976,0.10784071683883667,1.5883173942565918,-0.026798615232110023,-1.280180811882019,-1.8985273838043213,-3.730738639831543,3.0950896739959717,2.505800247192383,1.4100192785263062,0.8339900970458984
61013.198490434,-0.8692629337310791,0.26448121666908264,0.9117081761360168,-0.019000770524144173,0.23580315709114075,1.4100192785263062,0.8339900970458984,-0.06987860798835754,-1.0647262334823608,-1.856646180152893,-3.2700648307800293,0.5593590140342712,3.346449136734009,2.235276699066162,0.08020147681236267
61013.24462115,-0.8692629337310791,0.26177069544792175,1.0005358457565308,-0.004675406496971846,0.21668939292430878,2.235276699066162,0.08020147681236267,-0.0925610139966011,-0.9025722146034241,-1.8535646200180054,-2.9032466411590576,0.3931925892829895,3.3729348182678223,2.5922060012817383,-0.4644613564014435
61013.301920159,-0.8692629337310791,0.2640042304992676,1.0818023681640625,-0.002058898564428091,0.1986711472272873,2.5922060012817383,-0.4644613564014435,-0.09378820657730103,-0.7108898162841797,-1.829836130142212,-2.561603307723999,0.3452132046222687,3.3230323791503906,2.7033207416534424,-0.7611266374588013
61013.343674586,-0.8692629337310791,0.26363688707351685,1.1559003591537476,-0.0007666951860301197,0.18065369129180908,2.7033207416534424,-0.7611266374588013,-0.10771236568689346,-0.5350755453109741,-1.8270416259765625,-2.326875686645508,0.33878782391548157,3.3006527423858643,2.706583261489868,-0.9274908304214478
61013.375855888,-0.8692629337310791,0.2635044455528259,1.2222667932510376,-0.0002631786628626287,0.16083545982837677,2.706583261489868,-0.9274908304214478,-0.12756739556789398,-0.32926738262176514,-1.8096164464950562,-2.180981397628784,0.2609224319458008,3.305474042892456,2.648481607437134,-0.9431372880935669
61013.404398748,-0.8692629337310791,0.26345130801200867,1.2801334857940674,-0.00010132841271115467,0.1391344517469406,2.648481607437134,-0.9431372880935669,-0.11295593529939651,-0.1159004271030426,-1.8286197185516357,-2.0930352210998535,0.23633404076099396,3.300222396850586,2.550612688064575,-0.8719356060028076
61013.433600773,-0.8692629337310791,0.2634071707725525,1.3288666009902954,-8.874425111571327e-05,0.11596577614545822,2.550612688064575,-0.8719356060028076,-0.09340957552194595,0.13782766461372375,-1.7855548858642578,-2.153644561767578,0.18995316326618195,3.2834455966949463,2.3479557037353516,-0.6298918724060059
61013.462767582,-0.8692629337310791,0.2633446753025055,1.3680315017700195,-0.00013208488235250115,0.09183640778064728,2.3479557037353516,-0.6298918724060059,-0.09717263281345367,0.24884679913520813,-1.78927481174469,-2.2262349128723145,0.13504117727279663,3.2862117290496826,2.087157726287842,-0.5061022043228149
61013.493074407,-0.8692629337310791,0.26322317123413086,1.3973824977874756,-0.00026084709679707885,0.06720178574323654,2.087157726287842,-0.5061022043228149,-0.05104793235659599,0.506313681602478,-1.786689043045044,-2.524775505065918,0.09729743003845215,3.2567169666290283,1.5321710109710693,-0.32273343205451965
61013.515054387,-0.8692629337310791,0.26304155588150024,1.416826605796814,-0.00039073740481399,0.04241524264216423,1.5321710109710693,-0.32273343205451965,-0.010102927684783936,0.6819518804550171,-1.7566730976104736,-2.8486030101776123,0.06263680756092072,3.255322217941284,0.8822484612464905,-0.24444487690925598
61013.539228539,-0.8692629337310791,0.26269808411598206,1.4263719320297241,-0.00073938601417467,0.01770075038075447,0.8822484612464905,-0.24444487690925598,0.0441216379404068,0.9828298091888428,-1.7558273077011108,-3.4868035316467285,0.03057040646672249,3.21956467628479,0.019731013104319572,-0.14386215806007385
61013.559586526,-0.8692629337310791,0.260295569896698,1.4260375499725342,-0.007545416709035635,-0.006985820829868317,0.019731013104319572,-0.14386215806007385,0.05723300203680992,1.0747226476669312,-1.7574316263198853,-3.706840753555298,0.02996525540947914,3.209763765335083,-0.023145081475377083,-0.1180049479007721
61013.574458395,-0.8692629337310791,0.24637556076049805,1.4156569242477417,-0.04285169020295143,-0.03222198411822319,-0.023145081475377083,-0.1180049479007721,0.12515120208263397,1.2743141651153564,-1.770812749862671,-4.348318576812744,0.054103024303913116,3.165786027908325,-0.490473210811615,-0.004875566810369492
61013.595287518,-0.8692629337310791,0.22039225697517395,1.3952676057815552,-0.07188665121793747,-0.057250868529081345,-0.490473210811615,-0.004875566810369492,0.23154129087924957,1.5691750049591064,-1.7580960988998413,-5.416378974914551,0.10566164553165436,3.1084368228912354,-1.27223801612854,0.0658712089061737
61013.616950295,-0.8692629337310791,0.17909899353981018,1.3643996715545654,-0.1128343865275383,-0.08394920825958252,-1.27223801612854,0.0658712089061737,0.2709031403064728,1.6703726053237915,-1.7508960962295532,-5.854569911956787,0.15204475820064545,3.071455955505371,-1.2507492303848267,0.07478997111320496
61013.641534408,-0.8692629337310791,0.11540398746728897,1.3217209577560425,-0.17330889403820038,-0.11459857225418091,-1.2507492303848267,0.07478997111320496,0.3410761058330536,1.8157250881195068,-1.7587193250656128,-6.550212383270264,0.22987450659275055,3.0304250717163086,-1.318333387374878,0.1654641330242157
61013.66310044,-0.8692629337310791,0.03179861232638359,1.2656041383743286,-0.22003667056560516,-0.1491955816745758,-1.318333387374878,0.1654641330242157,0.4324299693107605,2.000807523727417,-1.7529265880584717,-7.494712829589844,0.37163299322128296,2.909341812133789,-1.287070870399475,0.2499741017818451
61013.679376766,-0.8692629337310791,-0.06800852715969086,1.1945134401321411,-0.2583240568637848,-0.18745696544647217,-1.287070870399475,0.2499741017818451,0.5853086709976196,2.251707077026367,-1.7522603273391724,-8.735568046569824,0.5755631923675537,2.7740652561187744,-0.7311508655548096,0.49276718497276306
61013.698751723,-0.8692629337310791,-0.17315013706684113,1.1247713565826416,-0.2669566571712494,-0.1887953132390976,-0.7311508655548096,0.49276718497276306,0.22137559950351715,0.8030373454093933,-0.7275903820991516,-6.28471565246582,9.956132888793945,18.440454483032227,2.2798027992248535,1.8821057081222534
61013.720103083,-0.8692629337310791,-0.2780953049659729,1.0412369966506958,-0.26067036390304565,-0.21330475807189941,2.2798027992248535,1.8821057081222534,-0.23820552229881287,-0.9922997951507568,0.5839846134185791,-3.321052312850952,6.611683368682861,13.661004066467285,2.1764097213745117,2.4063377380371094
61013.74503788,-0.8692629337310791,-0.36642059683799744,0.95522540807724,-0.2080281525850296,-0.2156551629304886,2.1764097213745117,2.4063377380371094,-0.2103273868560791,-0.8039032220840454,0.6067408323287964,-3.1118786334991455,-0.06286709755659103,3.1730146408081055,1.342302680015564,1.6874849796295166
61013.770877777,-0.8692629337310791,-0.4326498508453369,0.8715734481811523,-0.15092527866363525,-0.2072947770357132,1.342302680015564,1.6874849796295166,-0.18877580761909485,-0.6817234754562378,0.5858182311058044,-2.84759521484375,-0.07202707231044769,3.174772262573242,0.4315454363822937,0.9151433706283569
61013.806941191,-0.8692629337310791,-0.47586461901664734,0.7869819402694702,-0.09347096085548401,-0.21181555092334747,0.4315454363822937,0.9151433706283569,-0.20116981863975525,-0.5638766288757324,0.6082819104194641,-2.7096993923187256,-0.07497688382863998,3.167827844619751,-0.1768416166305542,0.6329786777496338
61013.836993583,-0.8692629337310791,-0.4965529441833496,0.6984503865242004,-0.03763096034526825,-0.22319824993610382,-0.1768416166305542,0.6329786777496338,-0.19600485265254974,-0.4020000398159027,0.5971488356590271,-2.4783451557159424,-0.07619187235832214,3.214911937713623,-0.7149360775947571,0.5121508240699768
61013.86718729,-0.8692629337310791,-0.49659183621406555,0.6071416139602661,0.011658805422484875,-0.2281149923801422,-0.7149360775947571,0.5121508240699768,-0.16920696198940277,-0.3850764334201813,0.650183379650116,-2.3857052326202393,4.369903087615967,15.93435287475586,-0.7809483408927917,1.0697308778762817
61013.894777523,-0.8692629337310791,-0.48476821184158325,0.5149224996566772,0.03666340932250023,-0.23024137318134308,-0.7809483408927917,1.0697308778762817,-0.20370987057685852,-0.7401179671287537,0.7410197257995605,-2.594240427017212,2.961580276489258,11.94698715209961,-0.7641808986663818,1.6501010656356812
61013.921852675,-0.8692629337310791,-0.4605870544910431,0.42543262243270874,0.06851419061422348,-0.22210745513439178,-0.7641808986663818,1.6501010656356812,-0.19918160140514374,-0.7286460399627686,0.7560213208198547,-2.5984771251678467,-0.054897721856832504,3.2250924110412598,-1.4378694295883179,1.615678071975708
61013.945682055,-0.8692629337310791,-0.4225885272026062,0.34201526641845703,0.10357912629842758,-0.20459282398223877,-1.4378694295883179,1.615678071975708,-0.17984159290790558,-0.477509081363678,0.7402724027633667,-2.199406623840332,-0.005330031272023916,3.1830854415893555,-2.2183728218078613,1.304862380027771
61013.966536986,-0.8692629337310791,-0.3798786997795105,0.2633013129234314,0.10789113491773605,-0.19404396414756775,-2.2183728218078613,1.304862380027771,-0.1564016491174698,-0.27924486994743347,0.7449494004249573,-2.0014517307281494,0.041540101170539856,3.106844663619995,-2.539905071258545,1.1115622520446777
61013.989285852,-0.8692629337310791,-0.3470306694507599,0.18448702991008759,0.0720614418387413,-0.20063228905200958,-2.539905071258545,1.1115622520446777,-0.152726948261261,-0.45756927132606506,0.751747727394104,-2.3159127235412598,0.6351287961006165,31.012718200683594,-1.8157445192337036,1.5760254859924316
61014.013783304,-0.8692629337310791,-0.33114951848983765,0.10849165171384811,0.03051626682281494,-0.1885336935520172,-1.8157445192337036,1.5760254859924316,-0.16645896434783936,-0.593686580657959,0.7415964007377625,-2.4840567111968994,0.8957263827323914,43.388153076171875,-1.8807562589645386,1.3273838758468628
61014.035357553,-0.8692629337310791,-0.31827014684677124,0.03736424818634987,0.03191360831260681,-0.17406786978244781,-1.8807562589645386,1.3273838758468628,-0.1344834566116333,-0.31517294049263,0.7452090978622437,-1.7750574350357056,0.09432974457740784,3.060964345932007,-2.8705427646636963,0.4969288408756256
61014.051495613,-0.8692629337310791,-0.3083416819572449,-0.028186023235321045,0.022219784557819366,-0.15981893241405487,-2.8705427646636963,0.4969288408756256,-0.11345212161540985,-0.09465418756008148,0.7399406433105469,-1.6507680416107178,0.06326274573802948,3.0977184772491455,-3.2073071002960205,-0.1823389232158661
61014.075218631,-0.8692629337310791,-0.31539681553840637,-0.09315347671508789,-0.029963413253426552,-0.1621457040309906,-3.2073071002960205,-0.1823389232158661,-0.12730461359024048,0.09037303924560547,0.7534691691398621,-1.6446490287780762,0.16029882431030273,3.0428364276885986,-3.071510076522827,-0.5814244747161865
61014.104547477,-0.8692629337310791,-0.3453734219074249,-0.1610255092382431,-0.08895378559827805,-0.1710156351327896,-3.071510076522827,-0.5814244747161865,-0.11694173514842987,0.17399945855140686,0.7685927748680115,-1.6266893148422241,0.22265569865703583,3.048603057861328,-2.786681652069092,-0.7174473404884338
61014.13017436,-0.8692629337310791,-0.39531397819519043,-0.22918882966041565,-0.1371414065361023,-0.16496942937374115,-2.786681652069092,-0.7174473404884338,-0.11887911707162857,0.3662301301956177,0.7911778092384338,-1.753886342048645,0.21450400352478027,3.0115675926208496,-2.8995909690856934,-1.2802798748016357
61014.15428359,-0.8692629337310791,-0.46758684515953064,-0.256452351808548,-0.18904606997966766,-0.05650573968887329,-2.8995909690856934,-1.2802798748016357,-0.11191371083259583,0.6420865654945374,0.7775329351425171,-2.080700635910034,-0.05499059706926346,3.1724774837493896,-3.2809457778930664,-3.493380546569824
61014.175351548,-0.8692629337310791,-0.5512863993644714,-0.28212371468544006,-0.21629595756530762,-0.06911660730838776,-3.2809457778930664,-3.493380546569824,-0.1164618581533432,0.6711120009422302,0.7745817303657532,-2.3204264640808105,-0.675376832485199,11.822518348693848,-2.814807415008545,-3.8093104362487793
61014.197325646,-0.8692629337310791,-0.6507999300956726,-0.31975334882736206,-0.2588900029659271,-0.09907826036214828,-2.814807415008545,-3.8093104362487793,-0.1271246373653412,0.43988120555877686,0.7360873818397522,-2.3930141925811768,-1.4122986793518066,21.525928497314453,-2.579742908477783,-3.860779047012329
61014.223251762,-0.8692629337310791,-0.7582868337631226,-0.3611893057823181,-0.2710683047771454,-0.10446716845035553,-2.579742908477783,-3.860779047012329,-0.1639353334903717,0.5908847451210022,0.7395932078361511,-2.2638676166534424,0.1901765614748001,2.979139566421509,-3.3085927963256836,-4.599724292755127
61014.243288656,-0.8692629337310791,-0.8641699552536011,-0.402595192193985,-0.2612934112548828,-0.10211986303329468,-3.3085927963256836,-4.599724292755127,-0.13062924146652222,0.7235197424888611,0.7669019103050232,-2.483004570007324,0.08982116729021072,3.017534017562866,-3.761439323425293,-5.002656936645508
61014.260360293,-0.8692629337310791,-0.9704220294952393,-0.4433031678199768,-0.2653331458568573,-0.10148074477910995,-3.761439323425293,-5.002656936645508,-0.16171789169311523,0.7898545861244202,0.8546181321144104,-2.8734323978424072,0.03576966002583504,3.059605360031128,-4.277785301208496,-5.357141494750977
61014.280086204,-0.8692629337310791,-1.0790108442306519,-0.48450732231140137,-0.27126821875572205,-0.1020418182015419,-4.277785301208496,-5.357141494750977,-0.18426287174224854,0.7671853303909302,0.8976718783378601,-3.049017906188965,0.009379662573337555,3.0490167140960693,-4.683838844299316,-5.717430114746094
61014.30177963,-0.8692629337310791,-1.1897213459014893,-0.5253844857215881,-0.2767859101295471,-0.10192614048719406,-4.683838844299316,-5.717430114746094,-0.21192334592342377,0.8795092105865479,0.8951085209846497,-3.263338565826416,0.020084744319319725,3.0204031467437744,-5.214000701904297,-6.1130900382995605
61014.326586276,-0.8692629337310791,-1.3025856018066406,-0.5664787888526917,-0.2815774977207184,-0.10135878622531891,-5.214000701904297,-6.1130900382995605,-0.218581885099411,0.9565603137016296,0.9429873824119568,-3.449453592300415,0.015204952098429203,3.0195138454437256,-5.7854461669921875,-6.315638542175293
61014.347064366,-0.8692629337310791,-1.4169822931289673,-0.606532871723175,-0.28552910685539246,-0.09935757517814636,-5.7854461669921875,-6.315638542175293,-0.24459442496299744,0.9986051917076111,0.9463984370231628,-3.7307841777801514,-0.022994985803961754,3.0404090881347656,-6.556030750274658,-6.437976837158203
61014.365788036,-0.8692629337310791,-1.5352569818496704,-0.6469475626945496,-0.2964808940887451,-0.0996687188744545,-6.556030750274658,-6.437976837158203,-0.29884397983551025,0.9622558951377869,1.0032747983932495,-4.018511772155762,0.6090981960296631,7.71091890335083,-7.222113609313965,-6.316485404968262
61014.386485872,-0.8692629337310791,-1.6593879461288452,-0.6867030262947083,-0.31261199712753296,-0.09913023561239243,-7.222113609313965,-6.316485404968262,-0.29893219470977783,1.0608850717544556,1.000403881072998,-4.2915730476379395,0.162519633769989,4.5592169761657715,-8.229850769042969,-6.10260009765625
61014.408500922,-0.8692629337310791,-1.7915489673614502,-0.7275438904762268,-0.3352493345737457,-0.10396822541952133,-8.229850769042969,-6.10260009765625,-0.30159831047058105,1.1051338911056519,0.9930834770202637,-4.530174255371094,-0.5704707503318787,6.7628655433654785,-9.151532173156738,-5.659585952758789
61014.431298277,-0.8692629337310791,-1.9372835159301758,-0.7692868709564209,-0.3706681430339813,-0.10401099175214767,-9.151532173156738,-5.659585952758789,-0.31674525141716003,1.1035175323486328,0.9622389078140259,-4.820187568664551,-1.326585292816162,12.134947776794434,-10.286336898803711,-5.23771333694458
61014.457517925,-0.8692629337310791,-2.099771499633789,-0.8130324482917786,-0.41377583146095276,-0.10817088186740875,-10.286336898803711,-5.23771333694458,-0.337446928024292,1.1476693153381348,0.9499332904815674,-4.867214202880859,-0.1309082806110382,2.977808952331543,-11.466052055358887,-4.563947677612305
61014.479506076,-0.8692629337310791,-2.2809219360351562,-0.8572847247123718,-0.4631328582763672,-0.11227430403232574,-11.466052055358887,-4.563947677612305,-0.31963780522346497,1.1407920122146606,0.8667688965797424,-4.960934162139893,-0.2788635790348053,3.408320665359497,-12.37828540802002,-3.881350517272949
61014.50952728,-0.8692629337310791,-2.4814541339874268,-0.9000226855278015,-0.5105355381965637,-0.10736160725355148,-12.37828540802002,-3.881350517272949,-0.3126462399959564,1.1088528633117676,0.787796139717102,-5.395702362060547,-4.678426265716553,16.451560974121094,-12.274519920349121,-3.0319182872772217
61014.545049494,-0.8692629337310791,-2.6967074871063232,-0.9400787949562073,-0.5441607236862183,-0.10044649988412857,-12.274519920349121,-3.0319182872772217,-0.30551737546920776,1.1205257177352905,0.7153046131134033,-5.504045009613037,-4.624424934387207,14.726399421691895,-10.584673881530762,-1.6218243837356567
61014.585486013,-0.8692629337310791,-2.781365394592285,-0.9602184891700745,0.11659610271453857,-0.015822306275367737,-10.584673881530762,-1.6218243837356567,-0.17979267239570618,0.5151877403259277,0.34241512417793274,-6.234415054321289,-20.720088958740234,51.21266555786133,-8.343254089355469,-0.6464942693710327
61014.621307233,-0.8692629337310791,-2.7479248046875,-0.943764328956604,0.07495659589767456,0.05070286989212036,-8.343254089355469,-0.6464942693710327,-0.09589704871177673,0.14815111458301544,0.13241228461265564,-6.380215644836426,-26.18215560913086,63.61600112915039,-6.614634037017822,0.962216854095459
61014.657977641,-0.8692629337310791,-2.6965672969818115,-0.9139378070831299,0.14768067002296448,0.08231323957443237,-6.614634037017822,0.962216854095459,0.02212132327258587,-0.4062415361404419,-0.16344256699085236,-4.798762321472168,-3.894803762435913,15.452847480773926,-5.669675827026367,2.0551769733428955
61014.690879976,-0.8692629337310791,-2.6128740310668945,-0.8715986609458923,0.2301161289215088,0.11380624026060104,-5.669675827026367,2.0551769733428955,0.048631057143211365,-0.4982515573501587,-0.2326688915491104,-4.675422191619873,-2.203644037246704,11.496684074401855,-4.868227958679199,2.913083791732788
61014.712316153,-0.8692629337310791,-2.4951860904693604,-0.8161989450454712,0.3158182203769684,0.14687246084213257,-4.868227958679199,2.913083791732788,0.1215769350528717,-0.641117513179779,-0.3734322190284729,-4.798410892486572,-3.7450714111328125,13.832143783569336,-3.7366251945495605,3.9305622577667236
61014.738108126,-0.8692629337310791,-2.3422932624816895,-0.7470282316207886,0.4046706259250641,0.18178153038024902,-3.7366251945495605,3.9305622577667236,0.13435713946819305,-0.7985263466835022,-0.4803959131240845,-4.971440315246582,-4.940889835357666,15.454301834106445,-2.4372894763946533,4.807788372039795
61014.758639719,-0.8692629337310791,-2.1526951789855957,-0.6631830334663391,0.49744710326194763,0.2191266566514969,-2.4372894763946533,4.807788372039795,0.18857984244823456,-1.0891696214675903,-0.7088156938552856,-5.4303765296936035,-7.3871378898620605,17.61627197265625,-1.6135647296905518,5.162158966064453
61014.773243141,-0.8692629337310791,-1.9251657724380493,-0.5637536644935608,0.5927128195762634,0.25860902667045593,-1.6135647296905518,5.162158966064453,0.33908089995384216,-1.7522732019424438,-1.3787389993667603,-7.235358715057373,-13.749494552612305,19.3100528717041,-1.3071783781051636,5.122960090637207
61014.794632903,-0.8692629337310791,-1.6593869924545288,-0.44625356793403625,0.6879175305366516,0.30595049262046814,-1.3071783781051636,5.122960090637207,0.37325194478034973,-1.9191831350326538,-1.636114478111267,-8.139086723327637,-16.50238037109375,19.673574447631836,-0.8000184893608093,5.177481651306152
61014.816044037,-0.8692629337310791,-1.358778953552246,-0.30860185623168945,0.7711710333824158,0.3570351004600525,-0.8000184893608093,5.177481651306152,0.4331184923648834,-2.211127519607544,-2.1410045623779297,-9.869623184204102,-19.901430130004883,18.478673934936523,-0.10557496547698975,5.359844207763672
61014.839658112,-0.8692629337310791,-1.03065025806427,-0.15077148377895355,0.8267903327941895,0.3964569866657257,-0.10557496547698975,5.359844207763672,0.4726013243198395,-2.551619529724121,-2.799098014831543,-13.276192665100098,-33.682743072509766,26.05206871032715,0.25421684980392456,5.446231842041016
61014.860223759,-0.8692629337310791,-0.6869066953659058,0.027972953394055367,0.8676811456680298,0.45701050758361816,0.25421684980392456,5.446231842041016,0.4439343512058258,-2.706540822982788,-3.0579726696014404,-14.444194793701172,-36.264808654785156,28.25920867919922,-0.0010710377246141434,5.217335224151611
61014.874765421,-0.8692629337310791,-0.3368854522705078,0.21523632109165192,0.8735024333000183,0.468555748462677,-0.0010710377246141434,5.217335224151611,0.27305108308792114,-2.492725372314453,-3.0358729362487793,-11.321428298950195,0.5832642912864685,2.6289806365966797,-0.8105799555778503,4.589153289794922
61014.895202611,-0.46780502796173096,0.0013281612191349268,0.3941017687320709,0.834156334400177,0.43638965487480164,-0.8105799555778503,4.589153289794922,0.1181342825293541,-2.284156322479248,-3.005906820297241,-10.089442253112793,1.2853076457977295,2.265674114227295,-1.4803229570388794,3.7182869911193848
61014.916475027,-0.46780502796173096,0.3135014772415161,0.5467017889022827,0.7632025480270386,0.3597695529460907,-1.4803229570388794,3.7182869911193848,0.05834858864545822,-2.1587741374969482,-2.9641311168670654,-9.173013687133789,1.8601638078689575,2.1895344257354736,-1.6516324281692505,2.8724515438079834
61014.942064287,-0.46780502796173096,0.2932018041610718,0.6529949903488159,-0.04694218933582306,0.25948551297187805,-1.6516324281692505,2.8724515438079834,-0.13357749581336975,-1.7685625553131104,-2.816990375518799,-7.098342418670654,1.9748739004135132,3.0936832427978516,-0.9056571125984192,1.2762962579727173
61014.970413733,-0.46780502796173096,0.27536842226982117,0.7577258944511414,-0.05082026124000549,0.264192670583725,-0.9056571125984192,1.2762962579727173,-0.15806828439235687,-1.6773353815078735,-2.7962374687194824,-6.73370361328125,1.587859034538269,3.3219504356384277,0.21822303533554077,0.1450781524181366
61015.004859464,-0.46780502796173096,0.23902565240859985,0.8557460308074951,-0.10554951429367065,0.24011054635047913,0.21822303533554077,0.1450781524181366,-0.2704105079174042,-1.3732666969299316,-2.776468515396118,-5.663070201873779,0.9158822894096375,3.6060006618499756,1.223474144935608,-1.127156138420105
61015.048751554,-0.46780502796173096,0.1917133927345276,0.9450886845588684,-0.12316888570785522,0.21712808310985565,1.223474144935608,-1.127156138420105,-0.29342877864837646,-1.2560096979141235,-2.7653393745422363,-5.253744125366211,0.858971893787384,3.5817182064056396,1.7553198337554932,-2.261033773422241
61015.089883513,-0.46780502796173096,0.14798617362976074,1.0264283418655396,-0.10524465888738632,0.19893768429756165,1.7553198337554932,-2.261033773422241,-0.3566095530986786,-1.0732426643371582,-2.7378923892974854,-4.810181617736816,0.7579793334007263,3.5621817111968994,1.581604242324829,-3.247406005859375
61015.12135208,-0.46780502796173096,0.11695230007171631,1.1009306907653809,-0.06861700862646103,0.18201635777950287,1.581604242324829,-3.247406005859375,-0.3857763409614563,-0.830616295337677,-2.7184762954711914,-4.3516340255737305,0.6331155300140381,3.578324556350708,1.2014940977096558,-3.9880166053771973
61015.145900529,-0.46780502796173096,0.09848491102457047,1.1683777570724487,-0.03840809687972069,0.1640724390745163,1.2014940977096558,-3.9880166053771973,-0.39504995942115784,-0.763027548789978,-2.7353944778442383,-4.212221622467041,0.5852343440055847,3.5832958221435547,0.7805595993995667,-4.578762054443359
61015.166880717,-0.46780502796173096,0.08857670426368713,1.2280032634735107,-0.01977436989545822,0.143940269947052,0.7805595993995667,-4.578762054443359,-0.4311303496360779,-0.4687764346599579,-2.696876287460327,-3.8915226459503174,0.47570526599884033,3.588390827178955,0.44938743114471436,-4.890059471130371
61015.189565585,-0.46780502796173096,0.08238101005554199,1.2788296937942505,-0.013588540256023407,0.12133202701807022,0.44938743114471436,-4.890059471130371,-0.4231450855731964,-0.21675445139408112,-2.6860849857330322,-3.7676708698272705,0.4072370231151581,3.567620277404785,0.2972894608974457,-4.936019420623779
61015.215146743,-0.46780502796173096,0.07595501095056534,1.3200303316116333,-0.0164918415248394,0.09682320058345795,0.2972894608974457,-4.936019420623779,-0.41989731788635254,-0.12466979771852493,-2.686739683151245,-3.727581262588501,0.3839528262615204,3.5762927532196045,0.1240571141242981,-4.924410820007324
61015.235526579,-0.46780502796173096,0.06754598021507263,1.3511439561843872,-0.02228895202279091,0.07141343504190445,0.1240571141242981,-4.924410820007324,-0.42203909158706665,0.04872908815741539,-2.702080011367798,-3.741102933883667,0.29228225350379944,3.539483070373535,0.008363543078303337,-4.812345504760742
61015.25028195,-0.46780502796173096,0.05551096051931381,1.371891975402832,-0.032407499849796295,0.04534770920872688,0.008363543078303337,-4.812345504760742,-0.3795875012874603,0.2368241399526596,-2.695653200149536,-3.8837475776672363,0.22200188040733337,3.5213115215301514,0.08754289150238037,-4.47318696975708
61015.270527716,-0.46780502796173096,0.038929861038923264,1.3821214437484741,-0.04418596997857094,0.01899075135588646,0.08754289150238037,-4.47318696975708,-0.29154253005981445,0.728916585445404,-2.665766716003418,-4.56879186630249,0.037958238273859024,3.4618310928344727,0.5801162123680115,-3.5680835247039795
61015.292029782,-0.46780502796173096,0.01937665417790413,1.3819618225097656,-0.05032305046916008,-0.006825756281614304,0.5801162123680115,-3.5680835247039795,-0.28440311551094055,0.6610552072525024,-2.6540377140045166,-4.475460529327393,0.056142985820770264,3.463249921798706,0.841554582118988,-3.1695892810821533
61015.317039325,-0.46780502796173096,0.0033529875800013542,1.3721678256988525,-0.03697020187973976,-0.030271757394075394,0.841554582118988,-3.1695892810821533,-0.21457147598266602,0.9363914728164673,-2.6324498653411865,-5.103828430175781,-0.03044225089251995,3.3875484466552734,1.2152280807495117,-2.3723866939544678
61015.33769671,-0.46780502796173096,-0.005030324216932058,1.3535350561141968,-0.015904707834124565,-0.05194652080535889,1.2152280807495117,-2.3723866939544678,-0.1440124362707138,1.1054054498672485,-2.6430928707122803,-5.591983318328857,-0.07695510238409042,3.383542060852051,1.4568384885787964,-1.5891112089157104
61015.352159867,-0.46780502796173096,-0.0015215561725199223,1.3268377780914307,0.01650167442858219,-0.07162206619977951,1.4568384885787964,-1.5891112089157104,-0.058531053364276886,1.3566584587097168,-2.6451826095581055,-6.431509494781494,-0.12143086642026901,3.3015880584716797,1.1023657321929932,-0.8477165699005127
61015.372309666,-0.46780502796173096,0.01623864471912384,1.2925586700439453,0.05314994603395462,-0.0904240533709526,1.1023657321929932,-0.8477165699005127,0.005075986497104168,1.4854817390441895,-2.618638277053833,-6.916445255279541,-0.11963767558336258,3.269257068634033,0.7408081293106079,-0.347332626581192
61015.393043953,-0.46780502796173096,0.04302212968468666,1.2500633001327515,0.07150692492723465,-0.11165376007556915,0.7408081293106079,-0.347332626581192,0.12199721485376358,1.6336770057678223,-2.644249439239502,-7.639968395233154,-0.09310437738895416,3.1810083389282227,0.3382800817489624,-0.03649916872382164
61015.417255702,-0.46780502796173096,0.07251203805208206,1.198245882987976,0.07453703135251999,-0.13563232123851776,0.3382800817489624,-0.03649916872382164,0.23222126066684723,1.8842763900756836,-2.632420778274536,-8.802518844604492,0.04852386564016342,3.0516109466552734,-0.23187494277954102,0.15603825449943542
61015.436793431,-0.46780502796173096,0.09850873053073883,1.1361128091812134,0.062019336968660355,-0.16197019815444946,-0.23187494277954102,0.15603825449943542,0.3657776415348053,2.034728765487671,-2.647986650466919,-9.66115665435791,0.16228657960891724,2.948493003845215,-0.3275514245033264,0.41018185019493103
61015.457373263,-0.46780502796173096,0.11344847083091736,1.0628267526626587,0.029656728729605675,-0.1902996003627777,-0.3275514245033264,0.41018185019493103,0.5841303467750549,2.29630184173584,-2.659022808074951,-11.201465606689453,0.3962257504463196,2.7366321086883545,0.017443953081965446,0.8943151235580444
61015.473086003,-0.46780502796173096,0.11557301133871078,0.9782411456108093,-0.002549710450693965,-0.2184792011976242,0.017443953081965446,0.8943151235580444,0.6431864500045776,2.3751819133758545,-2.6743626594543457,-11.68702507019043,0.48623883724212646,2.6320102214813232,0.4724627733230591,1.535062313079834
61015.493599004,-0.46780502796173096,0.11332254111766815,0.9059788584709167,-0.009983810596168041,-0.19231809675693512,0.4724627733230591,1.535062313079834,0.5943926572799683,1.8002227544784546,-2.1348421573638916,-10.575273513793945,7.3416619300842285,7.241002559661865,1.965273380279541,3.7125296592712402
61015.514379931,-0.46780502796173096,0.10828382521867752,0.8294528722763062,-0.01376341562718153,-0.18934284150600433,1.965273380279541,3.7125296592712402,-0.29325753450393677,-1.5516557693481445,0.9829038977622986,-4.176735877990723,5.77735710144043,9.071216583251953,2.653010129928589,6.493749618530273
61015.539402276,-0.46780502796173096,0.11999554932117462,0.7682216763496399,0.042418222874403,-0.1446225345134735,2.653010129928589,6.493749618530273,-0.2583559453487396,-1.432139277458191,0.914861261844635,-3.7684712409973145,5.885759353637695,8.094500541687012,2.061293125152588,7.069859504699707
61015.559918666,-0.46780502796173096,0.1591104418039322,0.7245417237281799,0.1152292862534523,-0.10031022876501083,2.061293125152588,7.069859504699707,-0.22783096134662628,-1.2382326126098633,0.8761700391769409,-3.336045026779175,-0.1313706636428833,3.064333915710449,0.944691002368927,6.809847831726074
61015.585637806,-0.46780502796173096,0.21505722403526306,0.6895944476127625,0.1480758935213089,-0.08319733291864395,0.944691002368927,6.809847831726074,-0.17314381897449493,-0.9858426451683044,0.890563428401947,-2.6131484508514404,0.03567518666386604,3.0518157482147217,-0.37676507234573364,6.326537132263184
61015.610902685,-0.46780502796173096,0.2705007791519165,0.6605892181396484,0.13590602576732635,-0.06927831470966339,-0.37676507234573364,6.326537132263184,-0.17382314801216125,-0.8679787516593933,0.8984345197677612,-2.338369131088257,0.08132393658161163,3.055004596710205,-1.2103766202926636,6.038784503936768
61015.643156363,-0.46780502796173096,0.2647556960582733,0.6343175768852234,-0.0180507805198431,-0.0621090829372406,-1.2103766202926636,6.038784503936768,-0.15370942652225494,-0.7193129062652588,0.9177546501159668,-2.0608596801757812,0.11641068756580353,3.059859275817871,-1.2806451320648193,5.9295244216918945
61015.682935669,-0.46780502796173096,0.24135369062423706,0.614876925945282,-0.07281704992055893,-0.04397992044687271,-1.2806451320648193,5.9295244216918945,-0.1296166479587555,-0.4023348093032837,0.9137557744979858,-1.6097534894943237,0.05381182208657265,3.1129934787750244,-1.5994023084640503,5.49928092956543
61015.72464473,-0.46780502796173096,0.19434243440628052,0.6026477217674255,-0.13235770165920258,-0.026255840435624123,-1.5994023084640503,5.49928092956543,-0.10266798734664917,-0.03238748386502266,0.9377474784851074,-1.3178215026855469,0.09778260439634323,3.0795421600341797,-1.6388431787490845,5.251603126525879
61015.753280519,-0.46780502796173096,0.12329211086034775,0.5966657400131226,-0.19216324388980865,-0.011490114033222198,-1.6388431787490845,5.251603126525879,-0.10459793359041214,-0.1293037086725235,0.9245346188545227,-1.4139301776885986,0.11074484139680862,3.0993449687957764,-1.7807493209838867,5.363493919372559
61015.781769359,-0.46780502796173096,0.03186529129743576,0.5955977439880371,-0.23928530514240265,6.361894338624552e-05,-1.7807493209838867,5.363493919372559,-0.08821173012256622,0.11547426879405975,0.9438819289207458,-1.3857598304748535,0.19368043541908264,3.045142412185669,-1.929302453994751,5.486584663391113
61015.810228336,-0.46780502796173096,-0.0748305395245552,0.5985662937164307,-0.27428847551345825,0.009866608306765556,-1.929302453994751,5.486584663391113,-0.09875621646642685,0.28008735179901123,0.9678370952606201,-1.4371345043182373,0.23130008578300476,3.012319803237915,-2.1635191440582275,5.671613693237305
61015.838655332,-0.46780502796173096,-0.1915435492992401,0.6056486368179321,-0.2959365248680115,0.020551763474941254,-2.1635191440582275,5.671613693237305,-0.08960684388875961,0.4970068633556366,0.9635745286941528,-1.5933619737625122,0.24211940169334412,2.999589681625366,-2.615194082260132,5.87787389755249
61015.867043789,-0.46780502796173096,-0.31377503275871277,0.6177971959114075,-0.30704426765441895,0.03402724489569664,-2.615194082260132,5.87787389755249,-0.07566653937101364,0.7287134528160095,0.9521310329437256,-1.902289628982544,0.19425006210803986,2.990429162979126,-3.161719560623169,6.180266380310059
61015.888721566,-0.46780502796173096,-0.43973347544670105,0.6360855102539062,-0.3155960440635681,0.050010520964860916,-3.161719560623169,6.180266380310059,-0.09631692618131638,0.9702866673469543,0.980538547039032,-2.40531849861145,0.15125836431980133,2.951997995376587,-3.725216865539551,6.51176643371582
61015.912731296,-0.46780502796173096,-0.5692210793495178,0.6613023281097412,-0.3244144320487976,0.06776844710111618,-3.725216865539551,6.51176643371582,-0.13449637591838837,1.2707133293151855,1.0108137130737305,-3.039966583251953,0.0825115442276001,2.928936243057251,-4.434279441833496,6.853743553161621
61015.933126517,-0.46780502796173096,-0.7023996710777283,0.6940531134605408,-0.33374089002609253,0.08697153627872467,-4.434279441833496,6.853743553161621,-0.1323137730360031,1.2654688358306885,1.0082679986953735,-3.120117425918579,0.08594539761543274,2.922624349594116,-5.334916591644287,7.438778400421143
61015.947705223,-0.46780502796173096,-0.8411694765090942,0.7345354557037354,-0.3491272032260895,0.10631618648767471,-5.334916591644287,7.438778400421143,-0.13756237924098969,1.480909824371338,1.0198733806610107,-3.6997804641723633,0.0542437843978405,2.8834567070007324,-6.448997497558594,8.082405090332031
61015.96832079,-0.46780502796173096,-0.9899768233299255,0.7822673320770264,-0.3772258758544922,0.12401481717824936,-6.448997497558594,8.082405090332031,-0.18187224864959717,1.758901834487915,1.0392370223999023,-4.778365612030029,0.0072848256677389145,2.8108081817626953,-7.51317024230957,8.659643173217773
61015.989379214,-0.46780502796173096,-1.15596342086792,0.8360990285873413,-0.42479363083839417,0.13848848640918732,-7.51317024230957,8.659643173217773,-0.21084870398044586,1.928527593612671,1.0396885871887207,-5.363204002380371,-8.145440369844437e-05,2.723623037338257,-7.6857452392578125,9.006452560424805
61016.014166114,-0.46780502796173096,-1.3479647636413574,0.8943361639976501,-0.49375006556510925,0.151826873421669,-7.6857452392578125,9.006452560424805,-0.22075293958187103,1.779998540878296,0.9809920191764832,-5.4006757736206055,-0.06939838826656342,2.726926565170288,-6.629172325134277,9.108841896057129
61016.033953522,-0.46780502796173096,-1.5557810068130493,0.9622052907943726,-0.5247450470924377,0.17656771838665009,-6.629172325134277,9.108841896057129,-0.2000868022441864,1.170767903327942,0.7553845643997192,-4.204177379608154,-0.15037192404270172,2.833455801010132,-5.338146209716797,8.916973114013672
61016.048946278,-0.46780502796173096,-1.7497789859771729,1.04644775390625,-0.4689023494720459,0.22312043607234955,-5.338146209716797,8.916973114013672,-0.21367411315441132,1.3114675283432007,0.7582253217697144,-4.539908409118652,-0.19880929589271545,2.8706157207489014,-3.8808231353759766,7.732335567474365
61016.069682332,-0.46780502796173096,-1.9040858745574951,1.1534675359725952,-0.3580838739871979,0.2823961675167084,-3.8808231353759766,7.732335567474365,-0.23915967345237732,1.5579664707183838,0.7501750588417053,-5.3831892013549805,-0.3022274971008301,3.1064224243164062,-1.9207745790481567,5.254965305328369
61016.090636067,-0.46780502796173096,-2.0146961212158203,1.2833815813064575,-0.24971790611743927,0.33850035071372986,-1.9207745790481567,5.254965305328369,-0.2437814623117447,1.7594982385635376,0.7483292818069458,-6.127872467041016,-0.1627494990825653,3.0500688552856445,0.27472275495529175,1.4657306671142578
61016.115328708,-0.46780502796173096,-2.0891366004943848,1.4172015190124512,-0.16586212813854218,0.33379578590393066,0.27472275495529175,1.4657306671142578,-0.2739253342151642,1.7871198654174805,0.7808472514152527,-6.298763275146484,-0.11436539888381958,3.035839080810547,-0.2633970379829407,-0.8709499835968018
61016.135333808,-0.46780502796173096,-2.1017425060272217,1.4219038486480713,-0.006610510405153036,-0.03686411678791046,-0.2633970379829407,-0.8709499835968018,-0.3120028078556061,2.0163705348968506,0.7941871285438538,-7.3630194664001465,0.46103689074516296,2.488969087600708,-3.2640790939331055,-0.14127978682518005
61016.150247026,-0.46780502796173096,-2.091545581817627,1.3995952606201172,0.030649123713374138,-0.06776656955480576,-3.2640790939331055,-0.14127978682518005,-0.2784995138645172,1.5301319360733032,0.6161712408065796,-7.843116760253906,-9.808696746826172,41.816898345947266,-6.83285665512085,-0.40681949257850647
61016.170780151,-0.46780502796173096,-2.0618062019348145,1.3725024461746216,0.09060100466012955,-0.07085441797971725,-6.83285665512085,-0.40681949257850647,-0.06861819326877594,-0.22197259962558746,0.04217641428112984,-5.9454264640808105,-10.923473358154297,52.11720275878906,-9.197000503540039,-0.19513943791389465
61016.191892857,-0.46780502796173096,-2.015740394592285,1.3384658098220825,0.12280738353729248,-0.08978234976530075,-9.197000503540039,-0.19513943791389465,-0.054286979138851166,-0.30432990193367004,0.014376496896147728,-5.05985689163208,-0.5018195509910583,15.020732879638672,-9.43018913269043,-0.35524842143058777
61016.217107042,-0.46780502796173096,-1.9901050329208374,1.291917324066162,0.04454357177019119,-0.12562638521194458,-9.43018913269043,-0.35524842143058777,-0.09846163541078568,-0.38717523217201233,0.07433991879224777,-4.801841735839844,3.5470919609069824,14.968732833862305,-7.1640520095825195,-0.14058390259742737
61016.237306499,-0.46780502796173096,-1.9979197978973389,1.2314878702163696,-0.04017220064997673,-0.15912491083145142,-7.1640520095825195,-0.14058390259742737,-0.12124691158533096,-0.44782766699790955,0.13921891152858734,-4.722143650054932,5.192852020263672,15.61369514465332,-4.8973002433776855,0.01208404079079628
61016.252361281,-0.46780502796173096,-2.007242441177368,1.1638070344924927,-0.018415233120322227,-0.17210939526557922,-4.8973002433776855,0.01208404079079628,-0.1892026662826538,-0.5125455260276794,0.22847698628902435,-4.747673034667969,2.36301326751709,13.97678279876709,-4.086817741394043,-0.24004033207893372
61016.273209972,-0.46780502796173096,-1.9949897527694702,1.0951894521713257,0.047160059213638306,-0.17053018510341644,-4.086817741394043,-0.24004033207893372,-0.1956806778907776,-0.5701761841773987,0.25564461946487427,-4.766821384429932,1.374475359916687,10.235657691955566,-4.16105842590332,-0.5947678089141846
61016.294710629,-0.46780502796173096,-1.9571404457092285,1.027814269065857,0.10925926268100739,-0.16794879734516144,-4.16105842590332,-0.5947678089141846,-0.22627250850200653,-0.917818009853363,0.2923668622970581,-5.177211761474609,1.5216883420944214,31.125043869018555,-4.163980484008789,-1.0587127208709717
61016.320761221,-0.46780502796173096,-1.894919753074646,0.9637424945831299,0.1715441197156906,-0.15759466588497162,-4.163980484008789,-1.0587127208709717,-0.24337318539619446,-0.997587263584137,0.30178090929985046,-5.0993452072143555,1.1045466661453247,23.104736328125,-4.270975589752197,-1.3004013299942017
61016.344768234,-0.46780502796173096,-1.8075196743011475,0.9026269912719727,0.2330150455236435,-0.15183411538600922,-4.270975589752197,-1.3004013299942017,-0.23086579144001007,-1.0831958055496216,0.2960755228996277,-4.9942626953125,0.3968059718608856,10.841309547424316,-4.030070781707764,-1.3514513969421387
61016.37558796,-0.46780502796173096,-1.6955442428588867,0.8443042635917664,0.2947522699832916,-0.14522333443164825,-4.030070781707764,-1.3514513969421387,-0.24181735515594482,-1.4149878025054932,0.310791015625,-5.4325337409973145,1.4911305904388428,31.99517059326172,-3.944157600402832,-1.212708830833435
61016.408824471,-0.46780502796173096,-1.5588955879211426,0.787414014339447,0.3561931550502777,-0.14259782433509827,-3.944157600402832,-1.212708830833435,-0.22787344455718994,-1.4729164838790894,0.32119178771972656,-5.280399799346924,1.2270361185073853,22.42416000366211,-3.712869882583618,-0.46861109137535095
61016.437425809,-0.46780502796173096,-1.4056802988052368,0.7271004319190979,0.3867066502571106,-0.1551779806613922,-3.712869882583618,-0.46861109137535095,-0.23216544091701508,-1.3684217929840088,0.3107907772064209,-4.720754146575928,0.11779990047216415,4.5062079429626465,-3.6542601585388184,0.8172853589057922
61016.460561678,-0.46780502796173096,-1.2465490102767944,0.662131667137146,0.3991977870464325,-0.16705897450447083,-3.6542601585388184,0.8172853589057922,-0.23538772761821747,-1.8121914863586426,0.31319692730903625,-5.228496551513672,1.0854047536849976,16.232646942138672,-2.3518638610839844,3.1203675270080566
61016.476528561,-0.46780502796173096,-1.0888725519180298,0.59074467420578,0.3905445337295532,-0.18303519487380981,-2.3518638610839844,3.1203675270080566,-0.21648052334785461,-1.730597734451294,0.31771495938301086,-4.832665920257568,0.057663366198539734,3.049711227416992,-2.265043258666992,5.128817558288574
61016.497313343,-0.46780502796173096,-0.9187086820602417,0.5282700657844543,0.4348819851875305,-0.14961795508861542,-2.265043258666992,5.128817558288574,-0.17770916223526,-1.5095231533050537,0.35330522060394287,-3.9445700645446777,0.004254456609487534,3.007864475250244,-2.1290392875671387,6.191928863525391
61016.518852555,-0.46780502796173096,-0.7367058396339417,0.4783541262149811,0.45903944969177246,-0.1177402138710022,-2.1290392875671387,6.191928863525391,-0.17364877462387085,-1.3818598985671997,0.3327758014202118,-3.5183048248291016,-0.12156341969966888,3.0617430210113525,-1.635406255722046,6.2769975662231445
61016.543142478,-0.46780502796173096,-0.5522794127464294,0.43662169575691223,0.4596739709377289,-0.10205558687448502,-1.635406255722046,6.2769975662231445,-0.14967255294322968,-1.1355726718902588,0.34828659892082214,-2.790566921234131,-0.04443877190351486,2.944899797439575,-1.902132511138916,5.826035499572754
61016.56386605,-0.46780502796173096,-0.3695705235004425,0.39806777238845825,0.4532789885997772,-0.09504301846027374,-1.902132511138916,5.826035499572754,-0.12737707793712616,-0.9448325037956238,0.3370373845100403,-2.30072021484375,0.10628734529018402,2.878535509109497,-2.231510877609253,5.417970657348633
61016.578879751,-0.46780502796173096,-0.20047150552272797,0.35969308018684387,0.4109981060028076,-0.0967644453048706,-2.231510877609253,5.417970657348633,-0.11890143156051636,-0.7327901124954224,0.33148637413978577,-1.9025927782058716,0.17604853212833405,2.8607048988342285,-2.5969150066375732,5.081567287445068
61016.599680487,-0.46780502796173096,-0.053498342633247375,0.3193979263305664,0.35327017307281494,-0.10193679481744766,-2.5969150066375732,5.081567287445068,-0.11607980728149414,-0.4767085015773773,0.37122470140457153,-1.4787648916244507,0.36899784207344055,2.861445426940918,-3.0702199935913086,4.7558417320251465
61016.621397084,-0.46780502796173096,0.07080201804637909,0.2779325246810913,0.2964455485343933,-0.10386454313993454,-3.0702199935913086,4.7558417320251465,-0.08598902821540833,-0.2541249096393585,0.3845408260822296,-1.3146426677703857,0.40324169397354126,2.9109244346618652,-3.342658758163452,4.319800853729248
61016.64527242,-0.46780502796173096,0.1716981679201126,0.2372395545244217,0.2372744381427765,-0.10052215307950974,-3.342658758163452,4.319800853729248,-0.05989149212837219,-0.08021929115056992,0.39555299282073975,-1.2392654418945312,0.3507116138935089,2.960426092147827,-3.3774166107177734,3.8816587924957275
61016.666144762,-0.46780502796173096,0.24813991785049438,0.1998170018196106,0.17552471160888672,-0.09065581858158112,-3.3774166107177734,3.8816587924957275,-0.07467598468065262,0.1565891057252884,0.42881283164024353,-1.2141048908233643,0.26565679907798767,3.019592046737671,-3.2887983322143555,3.316619873046875
61016.681173893,-0.46780502796173096,0.27322348952293396,0.1675833761692047,-0.018495062366127968,-0.07806827127933502,-3.2887983322143555,3.316619873046875,-0.06518131494522095,0.2527390718460083,0.4534992575645447,-1.2721589803695679,0.23679617047309875,3.062714099884033,-1.9416342973709106,3.3049447536468506
61016.701594417,-0.46780502796173096,0.25448495149612427,0.14334999024868011,-0.05971648916602135,-0.05583549290895462,-1.9416342973709106,3.3049447536468506,-0.0874403789639473,0.07651727646589279,0.3938707411289215,-1.7936677932739258,-1.0677379369735718,38.69687271118164,-2.326416015625,3.5808401107788086
61016.723215916,-0.46780502796173096,0.21245154738426208,0.12956902384757996,-0.12074685096740723,-0.028028106316924095,-2.326416015625,3.5808401107788086,-0.08500642329454422,0.046429406851530075,0.34600549936294556,-1.7697569131851196,-2.205894947052002,32.95011520385742,-2.681105852127075,3.5713272094726562
61016.746851709,-0.46780502796173096,0.14506472647190094,0.12433063983917236,-0.18434326350688934,-0.008791904896497726,-2.681105852127075,3.5713272094726562,-0.07027103006839752,0.05975790321826935,0.21391381323337555,-1.5642136335372925,-4.52153205871582,7.7860107421875,-2.6806845664978027,3.8811728954315186
61016.771332224,-0.46780502796173096,0.05260477215051651,0.12427018582820892,-0.24657075107097626,0.0021237132605165243,-2.6806845664978027,3.8811728954315186,-0.06053830310702324,0.08482814580202103,0.1841796338558197,-1.3254464864730835,0.17736147344112396,8.184001922607422,-2.496006488800049,4.275166034698486
61016.791920634,-0.46780502796173096,-0.06406214833259583,0.12649843096733093,-0.3065642714500427,0.006019532214850187,-2.496006488800049,4.275166034698486,-0.05193334072828293,0.25207653641700745,0.21477273106575012,-1.3209978342056274,0.42110952734947205,3.319399356842041,-2.244138717651367,4.604855537414551
61016.807760228,-0.46780502796173096,-0.19871047139167786,0.12987729907035828,-0.34458768367767334,0.009927080012857914,-2.244138717651367,4.604855537414551,-0.04929601028561592,0.26798585057258606,0.30472996830940247,-1.2869696617126465,4.829275131225586,11.04607105255127,-2.673095941543579,4.942821502685547
61016.829434648,-0.46780502796173096,-0.33914855122566223,0.13598006963729858,-0.35173866152763367,0.017904648557305336,-2.673095941543579,4.942821502685547,-0.06384705007076263,0.44121506810188293,0.36898118257522583,-1.5416735410690308,1.2919939756393433,4.992455959320068,-3.1510071754455566,5.3083295822143555
61016.851986546,-0.46780502796173096,-0.48159846663475037,0.14722628891468048,-0.3555598258972168,0.03211963176727295,-3.1510071754455566,5.3083295822143555,-0.05499856919050217,0.6456484794616699,0.36659976840019226,-1.8260842561721802,0.08026646822690964,2.9846904277801514,-3.836594581604004,5.764861106872559
61016.885038741,-0.46780502796173096,-0.6247278451919556,0.1654905527830124,-0.35629937052726746,0.05111050233244896,-3.836594581604004,5.764861106872559,-0.09115475416183472,0.6173956990242004,0.37817177176475525,-1.8765642642974854,0.03175731748342514,2.9978384971618652,-4.468418598175049,6.340674877166748
61016.916144593,-0.46780502796173096,-0.7691012620925903,0.19209377467632294,-0.3602205812931061,0.07208714634180069,-4.468418598175049,6.340674877166748,-0.0704968124628067,0.5784095525741577,0.402785986661911,-1.920844316482544,-0.011736956425011158,3.0193121433258057,-5.163771629333496,6.971752166748047
61016.947775126,-0.46780502796173096,-0.915427029132843,0.2275928407907486,-0.36543136835098267,0.09478669613599777,-5.163771629333496,6.971752166748047,-0.06456184387207031,0.8906484842300415,0.40668338537216187,-2.4399564266204834,-0.03373372554779053,2.978776693344116,-6.212031364440918,7.6434807777404785
61016.978094097,-0.46780502796173096,-1.0673390626907349,0.27094438672065735,-0.38082239031791687,0.11638569831848145,-6.212031364440918,7.6434807777404785,-0.05216863006353378,0.8826530575752258,0.383908212184906,-2.52862548828125,-0.04478542506694794,3.0175211429595947,-7.283495903015137,8.539443016052246
61017.007643982,-0.46780502796173096,-1.2283800840377808,0.32381707429885864,-0.4071369767189026,0.13768702745437622,-7.283495903015137,8.539443016052246,-0.05009832605719566,0.7637211084365845,0.23472186923027039,-2.490417957305908,-0.0993533730506897,3.0483860969543457,-8.663366317749023,9.547637939453125
61017.036658529,-0.46780502796173096,-1.4046403169631958,0.38434743881225586,-0.4488619267940521,0.15640492737293243,-8.663366317749023,9.547637939453125,-0.05202414467930794,0.9336444735527039,0.25169163942337036,-2.7652511596679688,-0.03508191183209419,2.924440860748291,-10.242449760437012,10.523567199707031
61017.058639116,-0.46780502796173096,-1.6039642095565796,0.4517563581466675,-0.5123822093009949,0.17307913303375244,-10.242449760437012,10.523567199707031,-0.03493122011423111,1.1909866333007812,0.2540723383426666,-3.390047073364258,-0.03881830722093582,2.8369412422180176,-11.242796897888184,11.337791442871094
61017.082848264,-0.46780502796173096,-1.8295725584030151,0.5267911553382874,-0.5808837413787842,0.19287952780723572,-11.242796897888184,11.337791442871094,-0.038782406598329544,1.4520049095153809,0.2537084221839905,-4.159813404083252,-0.07611573487520218,2.8063838481903076,-10.130051612854004,11.626419067382812
61017.103914186,-0.46780502796173096,-2.0806310176849365,0.6118175983428955,-0.6424126029014587,0.21980778872966766,-10.130051612854004,11.626419067382812,-0.03773485869169235,1.5441553592681885,0.29344990849494934,-4.4596052169799805,-0.1368386149406433,2.813462257385254,-6.878636837005615,10.904632568359375
61017.11926322,-0.46780502796173096,-2.3315634727478027,0.7132710814476013,-0.6183123588562012,0.26587003469467163,-6.878636837005615,10.904632568359375,-0.033065762370824814,1.8476526737213135,0.2678314745426178,-5.6880717277526855,-0.23613610863685608,3.0519726276397705,-4.01613187789917,9.105955123901367
61017.139915254,-0.46780502796173096,-2.543125629425049,0.8372653722763062,-0.500705361366272,0.32398855686187744,-4.01613187789917,9.105955123901367,-0.037906795740127563,1.9981334209442139,0.2565031349658966,-6.351635932922363,-0.11330360919237137,3.110597848892212,-1.6943676471710205,6.7302937507629395
61017.162223944,-0.46780502796173096,-2.71435546875,0.9800456166267395,-0.40699872374534607,0.364876925945282,-1.6943676471710205,6.7302937507629395,0.07742194831371307,1.4389851093292236,-0.06148303300142288,-7.0428900718688965,-19.688892364501953,49.51340103149414,0.6785250306129456,3.9734537601470947
61017.186840202,-0.46780502796173096,-2.7081050872802734,1.1586517095565796,0.021774575114250183,0.45614081621170044,0.6785250306129456,3.9734537601470947,0.1304934024810791,1.339741587638855,-0.17165584862232208,-6.283463478088379,-9.808088302612305,26.5758056640625,1.0105761289596558,-0.20263293385505676
61017.207795798,-0.46780502796173096,-2.68660831451416,1.3288331031799316,0.06645426154136658,0.4173313081264496,1.0105761289596558,-0.20263293385505676,0.1423032432794571,1.4439805746078491,-0.16844847798347473,-5.8427815437316895,0.38246476650238037,2.8287367820739746,-0.9664159417152405,-1.986173152923584
61017.222667777,-0.46780502796173096,-2.611682176589966,1.3337794542312622,0.20651207864284515,-0.036095526069402695,-0.9664159417152405,-1.986173152923584,0.13515280187129974,1.620888113975525,-0.12349419295787811,-6.59877347946167,0.4544641673564911,3.241119861602783,-5.152768135070801,-1.2022247314453125
61017.243146727,-0.46780502796173096,-2.513735771179199,1.309368371963501,0.256078839302063,-0.06852923333644867,-5.152768135070801,-1.2022247314453125,0.08926136791706085,1.0436655282974243,-0.0918583944439888,-6.5928120613098145,6.045192241668701,50.39773178100586,-10.315820693969727,-0.8766166567802429
61017.264905141,-0.46780502796173096,-2.391848564147949,1.2814900875091553,0.3222523033618927,-0.07155557721853256,-10.315820693969727,-0.8766166567802429,-0.07870126515626907,-0.909308135509491,-0.031794335693120956,-5.728012561798096,0.8938627243041992,28.309085845947266,-11.243008613586426,-0.9849194288253784
61017.289444536,-0.46780502796173096,-2.284804582595825,1.2438132762908936,0.248809814453125,-0.1027563139796257,-11.243008613586426,-0.9849194288253784,-0.08957083523273468,-0.9311366677284241,-0.03814130648970604,-5.6656904220581055,-0.8720049262046814,13.287384986877441,-9.74850082397461,-0.8037645220756531
61017.309857081,-0.46780502796173096,-2.213128089904785,1.1940895318984985,0.1558728665113449,-0.13135063648223877,-9.74850082397461,-0.8037645220756531,-0.07789982110261917,-0.7781442403793335,-0.024436339735984802,-5.144998550415039,0.39682766795158386,2.7973108291625977,-8.43387508392334,-0.6438336372375488
61017.324751012,-0.46780502796173096,-2.169654130935669,1.1350808143615723,0.0920892134308815,-0.15265725553035736,-8.43387508392334,-0.6438336372375488,-0.07535664737224579,-0.5381090641021729,0.018767673522233963,-4.824430465698242,0.3095957636833191,2.8445377349853516,-7.183279991149902,-0.533764123916626
61017.346619891,-0.46780502796173096,-2.1368014812469482,1.0708013772964478,0.07784174382686615,-0.16317017376422882,-7.183279991149902,-0.533764123916626,-0.06651332974433899,-0.41644513607025146,0.03221402317285538,-4.668758869171143,0.23072504997253418,2.869431972503662,-6.2593817710876465,-0.5596144199371338
61017.368041895,-0.46780502796173096,-2.097637176513672,1.0057246685028076,0.10339521616697311,-0.1618165224790573,-6.2593817710876465,-0.5596144199371338,-0.24039463698863983,-1.0708973407745361,0.28880617022514343,-5.248836040496826,4.166270732879639,27.978199005126953,-4.703912258148193,-0.9062098264694214
61017.392568884,-0.46780502796173096,-2.0385851860046387,0.9439685344696045,0.1610889583826065,-0.15258966386318207,-4.703912258148193,-0.9062098264694214,-0.22702494263648987,-0.9523252248764038,0.26381364464759827,-4.940893173217773,1.4816545248031616,11.672320365905762,-4.718553066253662,-1.1876294612884521
61017.413482366,-0.46780502796173096,-1.9555964469909668,0.8846049904823303,0.22134576737880707,-0.1477828323841095,-4.718553066253662,-1.1876294612884521,-0.24683940410614014,-1.067555546760559,0.29390600323677063,-5.048130512237549,1.5194288492202759,16.352983474731445,-4.42825984954834,-1.4228107929229736
61017.429751772,-0.46780502796173096,-1.8475091457366943,0.8285329937934875,0.286970853805542,-0.13911540806293488,-4.42825984954834,-1.4228107929229736,-0.25581642985343933,-1.3632620573043823,0.32062798738479614,-5.350543975830078,2.8645284175872803,28.799962997436523,-4.320165634155273,-1.4736961126327515
61017.451325582,-0.46780502796173096,-1.7135776281356812,0.7721142768859863,0.3485495150089264,-0.14304806292057037,-4.320165634155273,-1.4736961126327515,-0.2434442937374115,-1.291453242301941,0.333312064409256,-5.01869010925293,0.15790392458438873,5.881701946258545,-4.091188430786133,-0.8674421310424805
61017.478400066,-0.46780502796173096,-1.5581562519073486,0.7151621580123901,0.39948907494544983,-0.14440809190273285,-4.091188430786133,-0.8674421310424805,-0.246535524725914,-1.7695422172546387,0.30491840839385986,-5.646973133087158,0.763249397277832,21.372730255126953,-3.5602636337280273,0.5062947273254395
61017.503188031,-0.46780502796173096,-1.3891596794128418,0.6528761982917786,0.42707154154777527,-0.16040843725204468,-3.5602636337280273,0.5062947273254395,-0.23480011522769928,-1.7023899555206299,0.3171927034854889,-5.1786885261535645,0.01980128511786461,3.1823339462280273,-3.37227725982666,2.3941824436187744
61017.525993885,-0.46780502796173096,-1.2124358415603638,0.5840326547622681,0.44374385476112366,-0.17634126543998718,-3.37227725982666,2.3941824436187744,-0.17072106897830963,-1.3706743717193604,0.3149166405200958,-3.9586057662963867,0.006969583686441183,3.089353084564209,-4.422763824462891,4.090599060058594
61017.54718952,-0.46780502796173096,-1.0315510034561157,0.5193994045257568,0.452909916639328,-0.15883435308933258,-4.422763824462891,4.090599060058594,-0.17631585896015167,-1.173429012298584,0.31281760334968567,-3.3269572257995605,-0.03498426452279091,3.014883518218994,-4.272220611572266,5.325131893157959
61017.562324563,-0.46780502796173096,-0.8643814921379089,0.4626466631889343,0.4052511155605316,-0.13821430504322052,-4.272220611572266,5.325131893157959,-0.1731799840927124,-1.081002116203308,0.3083588480949402,-3.044344425201416,0.023138005286455154,2.9090824127197266,-3.667860984802246,5.660255432128906
61017.582656286,-0.46780502796173096,-0.7197094559669495,0.4078039824962616,0.3433496356010437,-0.14096057415008545,-3.667860984802246,5.660255432128906,-0.166843980550766,-1.3401113748550415,0.2038981318473816,-3.8648478984832764,-5.775375843048096,38.37070846557617,-1.5654195547103882,6.3310651779174805
61017.604111428,-0.46780502796173096,-0.5946055054664612,0.35520151257514954,0.30179890990257263,-0.13031752407550812,-1.5654195547103882,6.3310651779174805,-0.1467723250389099,-1.4618934392929077,0.15933163464069366,-3.925706386566162,-6.253868579864502,41.26195526123047,-1.0403529405593872,6.516036510467529
61017.629667973,-0.46780502796173096,-0.46489548683166504,0.3084969222545624,0.32860100269317627,-0.11202780157327652,-1.0403529405593872,6.516036510467529,-0.11562355607748032,-1.159433126449585,0.18310388922691345,-2.380809783935547,0.0749301016330719,2.9693961143493652,-1.5134660005569458,6.034308910369873
61017.651325417,-0.46780502796173096,-0.32786598801612854,0.26974475383758545,0.34467384219169617,-0.09218331426382065,-1.5134660005569458,6.034308910369873,-0.13433623313903809,-0.9059556722640991,0.16355213522911072,-1.7671512365341187,0.02807305008172989,3.0026891231536865,-2.3339433670043945,5.171483993530273
61017.666703475,-0.46780502796173096,-0.1975598782300949,0.23640918731689453,0.31826192140579224,-0.08088233321905136,-2.3339433670043945,5.171483993530273,-0.12643557786941528,-0.7699446678161621,0.19505895674228668,-1.5106135606765747,0.13176731765270233,2.968243360519409,-2.917433977127075,4.597114086151123
61017.687638418,-0.46780502796173096,-0.0884578675031662,0.20541681349277496,0.25832244753837585,-0.07633275538682938,-2.917433977127075,4.597114086151123,-0.0930340364575386,-0.5968015193939209,0.1896945983171463,-1.2251451015472412,0.22733446955680847,2.9339041709899902,-3.4285337924957275,4.147804260253906
61017.708922126,-0.46780502796173096,-0.0019489548867568374,0.17691758275032043,0.20228536427021027,-0.06923230737447739,-3.4285337924957275,4.147804260253906,-0.06601697951555252,-0.33383166790008545,0.22807879745960236,-0.90840744972229,0.2802625000476837,2.9713644981384277,-3.855214834213257,3.725179672241211
61017.733719799,-0.46780502796173096,0.061969541013240814,0.1524544358253479,0.14551682770252228,-0.05812937021255493,-3.855214834213257,3.725179672241211,-0.09031591564416885,-0.10102730989456177,0.25471025705337524,-0.7699083685874939,0.23143495619297028,3.0310351848602295,-4.00374174118042,3.2952985763549805
61017.75389467,-0.46780502796173096,0.10276849567890167,0.13358968496322632,0.08738939464092255,-0.043215781450271606,-4.00374174118042,3.2952985763549805,-0.06240887567400932,-0.05236982926726341,0.23055872321128845,-0.7745029330253601,0.21326465904712677,3.0394694805145264,-3.9816946983337402,3.0405735969543457
61017.769066743,-0.46780502796173096,0.12001898139715195,0.12158568203449249,0.028316495940089226,-0.02542608417570591,-3.9816946983337402,3.0405735969543457,-0.06847361475229263,0.23859088122844696,0.26437583565711975,-0.8129897117614746,0.15334516763687134,3.0777339935302734,-3.9249348640441895,2.908627510070801
61017.789275408,-0.46780502796173096,0.11350693553686142,0.11712588369846344,-0.031158510595560074,-0.006364446133375168,-3.9249348640441895,2.908627510070801,-0.049676667898893356,0.4394785463809967,0.25543758273124695,-0.9775457382202148,0.14484988152980804,3.0898597240448,-3.8090622425079346,2.9687607288360596
61017.810902873,-0.46780502796173096,0.08321254700422287,0.1201310083270073,-0.0905727967619896,0.011997156776487827,-3.8090622425079346,2.9687607288360596,-0.038374677300453186,0.5928735733032227,0.2830055356025696,-1.15957510471344,0.13151122629642487,3.096179723739624,-3.6855568885803223,3.284799575805664
61017.835751668,-0.46780502796173096,0.02927815541625023,0.12975704669952393,-0.14953863620758057,0.027811158448457718,-3.6855568885803223,3.284799575805664,-0.04152834415435791,0.7800952792167664,0.25535696744918823,-1.4226446151733398,0.15075340867042542,3.0749318599700928,-3.5316710472106934,3.6346206665039062
61017.856582173,-0.46780502796173096,-0.04802270978689194,0.14459440112113953,-0.20775163173675537,0.03984364867210388,-3.5316710472106934,3.6346206665039062,-0.03024018369615078,0.958368718624115,0.298252135515213,-1.7596207857131958,0.17117023468017578,3.052635431289673,-3.4381015300750732,4.068270683288574
61017.872776722,-0.46780502796173096,-0.14981214702129364,0.1618289202451706,-0.2693113386631012,0.047294069081544876,-3.4381015300750732,4.068270683288574,-0.05544513463973999,0.6729536056518555,0.2480284422636032,-1.8043030500411987,-0.42154160141944885,4.258261203765869,-3.5332608222961426,4.684793472290039
61017.893116726,-0.46780502796173096,-0.27460533380508423,0.18254274129867554,-0.32605671882629395,0.05266513302922249,-3.5332608222961426,4.684793472290039,-0.05763029679656029,0.16646163165569305,0.1938113570213318,-1.4887007474899292,-1.0636166334152222,5.6239166259765625,-3.4141547679901123,5.478517055511475
61017.914829113,-0.46780502796173096,-0.4181387722492218,0.20451097190380096,-0.36778923869132996,0.05591690540313721,-3.4141547679901123,5.478517055511475,-0.05400492250919342,0.44680309295654297,0.26638779044151306,-1.6048667430877686,0.283448725938797,3.033351421356201,-3.8394923210144043,6.063102722167969
61017.941340611,-0.46780502796173096,-0.5701054334640503,0.22977745532989502,-0.38219740986824036,0.06631551682949066,-3.8394923210144043,6.063102722167969,-0.054501768201589584,0.4539664387702942,0.25506216287612915,-1.6076409816741943,0.23568658530712128,2.939089298248291,-4.303466796875,6.695655822753906
61017.961931584,-0.46780502796173096,-0.7264187335968018,0.26096299290657043,-0.39149871468544006,0.08252006024122238,-4.303466796875,6.695655822753906,-0.07176711410284042,0.7302289605140686,0.26977723836898804,-1.9951444864273071,0.07362978905439377,2.9571316242218018,-5.167189598083496,7.291812896728516
61017.993062986,-0.46780502796173096,-0.8847199082374573,0.30019789934158325,-0.3949045240879059,0.1039484366774559,-5.167189598083496,7.291812896728516,-0.04363655298948288,1.0029616355895996,0.27149391174316406,-2.474836826324463,-0.032217781990766525,2.9734127521514893,-6.274407386779785,8.027685165405273
61018.039887823,-0.46780502796173096,-1.0481733083724976,0.34766730666160583,-0.41199061274528503,0.12284932285547256,-6.274407386779785,8.027685165405273,-0.054081570357084274,0.7455465197563171,0.1736811101436615,-3.0134472846984863,-4.600062847137451,35.07118606567383,-7.264425277709961,8.88785171508789
61018.087915289,-0.46780502796173096,-1.2233036756515503,0.40405091643333435,-0.4432397782802582,0.1466406136751175,-7.264425277709961,8.88785171508789,-0.05820091441273689,0.7616294622421265,0.1957649141550064,-2.9778387546539307,-3.8237884044647217,29.73516082763672,-8.917791366577148,9.881307601928711
61018.1443594,-0.46780502796173096,-1.413353443145752,0.46862396597862244,-0.48258230090141296,0.1670016497373581,-8.917791366577148,9.881307601928711,-0.041444893926382065,0.9963268041610718,0.193562850356102,-2.930569887161255,-0.03814281150698662,2.894986391067505,-10.58463191986084,10.841329574584961
61018.198940458,-0.46780502796173096,-1.6269971132278442,0.5406544208526611,-0.5497164130210876,0.18481360375881195,-10.58463191986084,10.841329574584961,-0.04123154655098915,1.18704354763031,0.20950716733932495,-3.381610870361328,-0.06690233945846558,2.8555588722229004,-11.118379592895508,11.47813892364502
61018.239475062,-0.46780502796173096,-1.8674215078353882,0.6210390329360962,-0.6176862120628357,0.2069089412689209,-11.118379592895508,11.47813892364502,-0.0528876930475235,1.3517202138900757,0.20364047586917877,-3.8407247066497803,-0.06922988593578339,2.8040108680725098,-9.42529582977295,11.515957832336426
61018.271105256,-0.46780502796173096,-2.131742000579834,0.7127500176429749,-0.6729313135147095,0.2376592606306076,-9.42529582977295,11.515957832336426,-0.027518946677446365,1.6059476137161255,0.20600201189517975,-4.686111927032471,-0.18208032846450806,2.8428237438201904,-5.391707420349121,10.197240829467773
61018.303346479,-0.46780502796173096,-2.3815858364105225,0.8240427374839783,-0.605324923992157,0.29241809248924255,-5.391707420349121,10.197240829467773,-0.020171547308564186,1.8324847221374512,0.21740108728408813,-5.585455417633057,-0.20493724942207336,3.071873188018799,-3.0904700756073,8.236689567565918
61018.351200118,-0.46780502796173096,-2.58890700340271,0.9583427906036377,-0.49099355936050415,0.34927311539649963,-3.0904700756073,8.236689567565918,-0.005631736479699612,1.9850651025772095,0.1934765726327896,-6.313526153564453,-0.08653392642736435,3.0817859172821045,-0.5686232447624207,5.5511088371276855
61018.391559912,-0.46780502796173096,-2.7562410831451416,1.112238883972168,-0.39544790983200073,0.3959364593029022,-0.5686232447624207,5.5511088371276855,-0.010610914789140224,2.216092109680176,0.2246226966381073,-7.423246383666992,0.19165407121181488,2.844036102294922,2.4713568687438965,1.8979315757751465
61018.421093816,-0.46780502796173096,-2.731412649154663,1.2912496328353882,0.06318243592977524,0.4490099549293518,2.4713568687438965,1.8979315757751465,-0.011037339456379414,2.2477269172668457,0.21436437964439392,-7.564716815948486,0.21068544685840607,2.8087332248687744,0.8742064833641052,-1.3776850700378418
61018.461307437,-0.46780502796173096,-2.665952205657959,1.3079649209976196,0.18018613755702972,-0.012024669907987118,0.8742064833641052,-1.3776850700378418,-0.011182724498212337,2.4465928077697754,0.2291002869606018,-8.816305160522461,0.36675551533699036,2.983552932739258,-3.582418918609619,-1.2936198711395264
